{
  "QuestID": 32981,
  "Version": 6,
  "FactionGroup": 1,
  "CreatedOn": "2014-11-16T16:24:13.0985722Z",
  "UpdatedOn": "2015-08-06T21:37:39.0839522Z",
  "Comment": "",
  "CreatedBy": null,
  "AllowUpdates": false,
  "RecommendedLevel": 92,
  "Frequency": 1,
  "QuestStart": {
    "ObjectName": "Gronnstalker Rokash",
    "EntryId": 79229,
    "AdditionalEntryIds": null,
    "ContinentId": 1116,
    "ZoneId": 6720,
    "Position": "6978.499 3871.087 92.55582",
    "TurnInType": 0,
    "MyFaction": 1
  },
  "QuestEnd": {
    "ObjectName": "Gronnstalker Rokash",
    "EntryId": 79229,
    "AdditionalEntryIds": null,
    "ContinentId": 1116,
    "ZoneId": 6720,
    "Position": "6978.499 3871.087 92.55674",
    "TurnInType": 0,
    "MyFaction": 1
  },
  "ActionOrder": 1,
  "Actions": [
    {
      "$type": "KillMobsTemplate",
      "TargetObjects": [
        {
          "Hotspot": {
            "Position": "7149.214 3677.602 128.0763",
            "GroundPosition": "0 0 0",
            "IsGroundPosition": false,
            "ContinentId": 1116
          },
          "Name": "Sky-Singer Strag",
          "EntryId": 74598
        }
      ],
      "HotspotsX": [
        {
          "Position": "7147.328 3673.643 127.373",
          "GroundPosition": "0 0 0",
          "IsGroundPosition": false,
          "ContinentId": 1116
        }
      ],
      "Blackspots": [],
      "ForceLoot": true,
      "ForcePullMobs": true,
      "GameObjectiveIndex": 1,
      "RunTime": 5.0
    }
  ]
}