{
  "QuestID": 32993,
  "Version": 3,
  "FactionGroup": 1,
  "CreatedOn": "2015-01-18T16:15:23.2952599Z",
  "UpdatedOn": "2015-08-06T21:39:21.2757796Z",
  "Comment": "",
  "CreatedBy": null,
  "AllowUpdates": false,
  "RecommendedLevel": 91,
  "Frequency": 1,
  "IsStory": true,
  "QuestStart": {
    "ObjectName": "Lokra",
    "EntryId": 72274,
    "AdditionalEntryIds": null,
    "ContinentId": 1116,
    "ZoneId": 6720,
    "Position": "5966.06 4113.59 119.7738",
    "TurnInType": 0,
    "IsIndoors": true,
    "MyFaction": 0
  },
  "QuestEnd": {
    "ObjectName": "Karg Bloodfury",
    "EntryId": 72373,
    "AdditionalEntryIds": null,
    "ContinentId": 1116,
    "ZoneId": 6720,
    "Position": "5827.043 3640.7 120.8982",
    "TurnInType": 0,
    "MyFaction": 1
  },
  "ActionOrder": 1,
  "Actions": []
}