{
  "QuestID": 33013,
  "Version": 9,
  "FactionGroup": 1,
  "CreatedOn": "2014-11-17T01:48:47.8026558Z",
  "UpdatedOn": "2015-08-06T21:29:08.8413743Z",
  "Comment": "",
  "CreatedBy": null,
  "AllowUpdates": false,
  "RecommendedLevel": 91,
  "Frequency": 1,
  "QuestStart": {
    "ObjectName": "Wounded Frostwolf Shaman",
    "EntryId": 74358,
    "AdditionalEntryIds": null,
    "ContinentId": 1116,
    "ZoneId": 6720,
    "Position": "6118.057 4961.757 137.257",
    "TurnInType": 0,
    "IsIndoors": true,
    "MyFaction": 1
  },
  "QuestEnd": {
    "ObjectName": "WatchFramePopup",
    "EntryId": 0,
    "AdditionalEntryIds": [],
    "ContinentId": 1116,
    "ZoneId": 6720,
    "Position": "0 0 0",
    "TurnInType": 4,
    "MyFaction": 1
  },
  "ActionOrder": 1,
  "Actions": [
    {
      "$type": "CollectObjectsTemplate",
      "TargetObjects": [
        {
          "Hotspot": {
            "Position": "6504.655 4772.43 68.21293",
            "GroundPosition": "0 0 0",
            "IsGroundPosition": false,
            "ContinentId": 1116
          },
          "Name": "Heavy Plating",
          "EntryId": 221378
        }
      ],
      "HotspotsX": [
        {
          "Position": "6502.333 4785.669 67.80161",
          "GroundPosition": "0 0 0",
          "IsGroundPosition": false,
          "ContinentId": 1116
        }
      ],
      "Blackspots": [],
      "IsLoot": true,
      "OpeningCast": false,
      "NoMovement": false,
      "GameObjectiveIndex": 2,
      "RunTime": 5.0
    },
    {
      "$type": "CollectObjectsTemplate",
      "TargetObjects": [
        {
          "Hotspot": {
            "Position": "6465.366 4867.069 48.65531",
            "GroundPosition": "0 0 0",
            "IsGroundPosition": false,
            "ContinentId": 1116
          },
          "Name": "Siege Munitions",
          "EntryId": 221379
        }
      ],
      "HotspotsX": [
        {
          "Position": "6468.873 4866.016 49.02749",
          "GroundPosition": "0 0 0",
          "IsGroundPosition": false,
          "ContinentId": 1116
        }
      ],
      "Blackspots": [],
      "IsLoot": true,
      "OpeningCast": false,
      "NoMovement": false,
      "GameObjectiveIndex": 1,
      "RunTime": 5.0
    }
  ]
}