{
  "QuestID": 33132,
  "Version": 3,
  "FactionGroup": 1,
  "CreatedOn": "2014-11-17T03:14:50.8100961Z",
  "UpdatedOn": "2015-08-06T21:43:09.9323481Z",
  "Comment": "",
  "CreatedBy": null,
  "AllowUpdates": false,
  "RecommendedLevel": 92,
  "Frequency": 1,
  "QuestStart": {
    "ObjectName": "Outrider Urukag",
    "EntryId": 72976,
    "AdditionalEntryIds": null,
    "ContinentId": 1116,
    "ZoneId": 6720,
    "Position": "6273.432 3468.865 134.8402",
    "TurnInType": 0,
    "MyFaction": 1
  },
  "ActionOrder": 1,
  "Actions": [
    {
      "$type": "KillMobsTemplate",
      "TargetObjects": [
        {
          "Hotspot": {
            "Position": "6420.393 3328.57 166.2573",
            "GroundPosition": "0 0 0",
            "IsGroundPosition": false,
            "IsIndoors": true,
            "ContinentId": 1116
          },
          "Name": "Guttra Wolfchew",
          "EntryId": 72967
        }
      ],
      "HotspotsX": [
        {
          "Position": "6408.042 3342.652 166.3123",
          "GroundPosition": "0 0 0",
          "IsGroundPosition": false,
          "IsIndoors": true,
          "ContinentId": 1116
        }
      ],
      "Blackspots": [],
      "ForceLoot": false,
      "ForcePullMobs": false,
      "GameObjectiveIndex": 1,
      "RunTime": 5.0
    }
  ]
}