{
  "QuestID": 33412,
  "Version": 5,
  "FactionGroup": 1,
  "CreatedOn": "2014-11-17T01:21:54.6147826Z",
  "UpdatedOn": "2015-08-06T21:14:05.6303228Z",
  "Comment": "",
  "CreatedBy": null,
  "AllowUpdates": false,
  "RecommendedLevel": 91,
  "Frequency": 1,
  "QuestStart": {
    "ObjectName": "Snowrunner Rolga",
    "EntryId": 81678,
    "AdditionalEntryIds": null,
    "ContinentId": 1116,
    "ZoneId": 6720,
    "Position": "6785.769 5957.668 257.9768",
    "TurnInType": 0,
    "MyFaction": 1
  },
  "QuestEnd": {
    "ObjectName": "Igrimar the Resolute",
    "EntryId": 74635,
    "AdditionalEntryIds": null,
    "ContinentId": 1116,
    "ZoneId": 6720,
    "Position": "7117.029 6008.2 133.8587",
    "TurnInType": 0,
    "IsIndoors": true,
    "MyFaction": 1
  },
  "ActionOrder": 1,
  "Actions": []
}