{
  "QuestID": 33468,
  "Version": 14,
  "FactionGroup": 1,
  "CreatedOn": "2014-11-15T23:38:49.862Z",
  "UpdatedOn": "2015-09-30T18:05:53.5874312Z",
  "Comment": "",
  "CreatedBy": null,
  "AllowUpdates": false,
  "RecommendedLevel": 91,
  "Frequency": 1,
  "IsStory": true,
  "QuestStart": {
    "ObjectName": "Durotan",
    "EntryId": 70860,
    "AdditionalEntryIds": null,
    "ContinentId": 1116,
    "ZoneId": 6720,
    "Position": "6807.15 5849.356 260.3234",
    "TurnInType": 0,
    "IsIndoors": true,
    "MyFaction": 1
  },
  "QuestEnd": {
    "ObjectName": "Draka",
    "EntryId": 74651,
    "AdditionalEntryIds": null,
    "ContinentId": 1116,
    "ZoneId": 6720,
    "Position": "5913.226 6234.595 51.47712",
    "TurnInType": 0,
    "MyFaction": 1
  },
  "ActionOrder": 1,
  "Actions": [
    {
      "$type": "UseTaxiTemplate",
      "Hotspots": [
        {
          "Position": "6757.757 6014.549 249.8813",
          "GroundPosition": "0 0 0",
          "IsGroundPosition": false,
          "ContinentId": 1116
        }
      ],
      "Target": {
        "Hotspot": {
          "Position": "6756.471 6018.014 249.5179",
          "GroundPosition": "0 0 0",
          "IsGroundPosition": false,
          "ContinentId": 1116
        },
        "Name": "Roark the Airwolf",
        "EntryId": 76781
      },
      "TaxiTarget": {
        "Item1": "Wor'gol, Frostfire Ridge",
        "Item2": "0.24017682671547",
        "Item3": "0.65623807907104"
      },
      "GameObjectiveIndex": 1,
      "RunTime": 5.0
    },
    {
      "$type": "KillMobsTemplate",
      "TargetObjects": [
        {
          "Hotspot": {
            "Position": "5981.572 6074.165 97.7105",
            "GroundPosition": "0 0 0",
            "IsGroundPosition": false,
            "ContinentId": 1116
          },
          "Name": "Giantslayer Zhakta",
          "EntryId": 74702
        }
      ],
      "HotspotsX": [
        {
          "Position": "5980.229 6074.357 97.53904",
          "GroundPosition": "0 0 0",
          "IsGroundPosition": false,
          "ContinentId": 1116
        }
      ],
      "Blackspots": [],
      "ForceLoot": false,
      "ForcePullMobs": false,
      "GameObjectiveIndex": 4,
      "RunTime": 5.0
    },
    {
      "$type": "KillMobsTemplate",
      "TargetObjects": [
        {
          "Hotspot": {
            "Position": "5986.834 6316.968 123.8365",
            "GroundPosition": "0 0 0",
            "IsGroundPosition": false,
            "ContinentId": 1116
          },
          "Name": "Gronnstalker Korhol",
          "EntryId": 74700
        }
      ],
      "HotspotsX": [
        {
          "Position": "5902.97 6334.404 52.9345",
          "GroundPosition": "0 0 0",
          "IsGroundPosition": false,
          "ContinentId": 1116
        }
      ],
      "Blackspots": [],
      "ForceLoot": false,
      "ForcePullMobs": false,
      "GameObjectiveIndex": 2,
      "RunTime": 5.0
    },
    {
      "$type": "MoveToTemplate",
      "Hotspots": [
        {
          "Position": "5870.7 6319.738 64.48021",
          "GroundPosition": "0 0 0",
          "IsGroundPosition": false,
          "ContinentId": 1116
        }
      ],
      "PreventMounting": false,
      "GameObjectiveIndex": 3,
      "RunTime": 5.0
    },
    {
      "$type": "KillMobsTemplate",
      "TargetObjects": [
        {
          "Hotspot": {
            "Position": "5710.939 6310.699 103.3209",
            "GroundPosition": "0 0 0",
            "IsGroundPosition": false,
            "ContinentId": 1116
          },
          "Name": "Beastmaster Trokar",
          "EntryId": 74708
        }
      ],
      "HotspotsX": [
        {
          "Position": "5702.064 6303.44 105.447",
          "GroundPosition": "0 0 0",
          "IsGroundPosition": false,
          "ContinentId": 1116
        }
      ],
      "Blackspots": [],
      "ForceLoot": false,
      "ForcePullMobs": false,
      "GameObjectiveIndex": 3,
      "RunTime": 5.0
    },
    {
      "$type": "KillMobsTemplate",
      "TargetObjects": [
        {
          "Hotspot": {
            "Position": "5960.795 6137.73 78.82684",
            "GroundPosition": "0 0 0",
            "IsGroundPosition": false,
            "ContinentId": 1116
          },
          "Name": "Thunderlord Invader",
          "EntryId": 74329
        },
        {
          "Hotspot": {
            "Position": "5941.148 6128.646 75.47558",
            "GroundPosition": "0 0 0",
            "IsGroundPosition": false,
            "ContinentId": 1116
          },
          "Name": "Thunderlord Seer",
          "EntryId": 78073
        },
        {
          "Hotspot": {
            "Position": "5941.745 6128.835 75.3911",
            "GroundPosition": "0 0 0",
            "IsGroundPosition": false,
            "ContinentId": 1116
          },
          "Name": "Thunderlord Ranger",
          "EntryId": 76289
        },
        {
          "Hotspot": {
            "Position": "5946.655 6168.311 64.12725",
            "GroundPosition": "0 0 0",
            "IsGroundPosition": false,
            "ContinentId": 1116
          },
          "Name": "Thunderlord Looter",
          "EntryId": 78365
        }
      ],
      "HotspotsX": [
        {
          "Position": "5950.4 6142.644 73.04846",
          "GroundPosition": "0 0 0",
          "IsGroundPosition": false,
          "ContinentId": 1116
        },
        {
          "Position": "5980.213 6076.804 96.94128",
          "GroundPosition": "0 0 0",
          "IsGroundPosition": false,
          "ContinentId": 1116
        },
        {
          "Position": "5762.892 6299.328 96.7483",
          "GroundPosition": "0 0 0",
          "IsGroundPosition": false,
          "ContinentId": 1116
        }
      ],
      "Blackspots": [
        "6029 6135 75 23.5"
      ],
      "ForceLoot": false,
      "ForcePullMobs": false,
      "GameObjectiveIndex": 5,
      "RunTime": 5.0
    }
  ]
}