{
  "QuestID": 33484,
  "Version": 4,
  "FactionGroup": 1,
  "CreatedOn": "2015-01-18T16:15:23.3622637Z",
  "UpdatedOn": "2015-08-06T21:12:55.6964477Z",
  "Comment": "",
  "CreatedBy": null,
  "AllowUpdates": false,
  "RecommendedLevel": 91,
  "Frequency": 1,
  "QuestStart": {
    "ObjectName": "Mulverick",
    "EntryId": 79047,
    "AdditionalEntryIds": null,
    "ContinentId": 1116,
    "ZoneId": 6720,
    "Position": "6584.716 5625.336 167.0274",
    "TurnInType": 0,
    "IsIndoors": true,
    "MyFaction": 0
  },
  "QuestEnd": {
    "ObjectName": "Guse",
    "EntryId": 78222,
    "AdditionalEntryIds": null,
    "ContinentId": 1116,
    "ZoneId": 6720,
    "Position": "6751.405 6016.655 249.5681",
    "TurnInType": 0,
    "MyFaction": 1
  },
  "ActionOrder": 1,
  "Actions": []
}