{
  "QuestID": 33493,
  "Version": 9,
  "FactionGroup": 1,
  "CreatedOn": "2014-11-16T16:24:13.2155789Z",
  "UpdatedOn": "2015-08-06T21:41:29.7402025Z",
  "Comment": "",
  "CreatedBy": null,
  "AllowUpdates": false,
  "RecommendedLevel": 91,
  "Frequency": 1,
  "IsStory": true,
  "QuestStart": {
    "ObjectName": "Lokra",
    "EntryId": 72274,
    "AdditionalEntryIds": null,
    "ContinentId": 1116,
    "ZoneId": 6720,
    "Position": "5675.427 3838.434 127.9415",
    "TurnInType": 0,
    "IsIndoors": true,
    "MyFaction": 0
  },
  "QuestEnd": {
    "ObjectName": "Durotan",
    "EntryId": 74163,
    "AdditionalEntryIds": null,
    "ContinentId": 1152,
    "ZoneId": 7004,
    "Position": "5637.069 4533.289 118.9303",
    "TurnInType": 0,
    "MyFaction": 1
  },
  "ScriptText": "{\r\n  \"Children\": [\r\n    {\r\n      \"$type\": \"Comment\",\r\n      \"Text\": \"33493 - Return to the Pack\"\r\n    },\r\n    {\r\n      \"$type\": \"AcceptQuestCommand\",\r\n      \"QuestIds\": [\r\n        33493\r\n      ]\r\n    },\r\n    {\r\n      \"$type\": \"DoQuestsCommand\",\r\n      \"QuestIds\": [\r\n        33493\r\n      ]\r\n    },\r\n    {\r\n      \"$type\": \"TurnInQuestsCommand\",\r\n      \"QuestIds\": [\r\n        33493\r\n      ]\r\n    }\r\n  ],\r\n  \"GroupName\": \"\"\r\n}",
  "ActionOrder": 1,
  "Actions": []
}