{
  "QuestID": 33657,
  "Version": 7,
  "FactionGroup": 1,
  "CreatedOn": "2014-11-17T15:44:14.0260662Z",
  "UpdatedOn": "2015-09-30T17:54:37.3005229Z",
  "Comment": "",
  "CreatedBy": null,
  "AllowUpdates": false,
  "RecommendedLevel": 91,
  "Frequency": 1,
  "QuestStart": {
    "ObjectName": "Durotan",
    "EntryId": 75188,
    "AdditionalEntryIds": null,
    "ContinentId": 1116,
    "ZoneId": 6720,
    "Position": "6814.344 5765.74 410.1527",
    "TurnInType": 0,
    "IsIndoors": true,
    "MyFaction": 1
  },
  "QuestEnd": {
    "ObjectName": "Durotan",
    "EntryId": 70860,
    "AdditionalEntryIds": null,
    "ContinentId": 1116,
    "ZoneId": 6720,
    "Position": "6807.15 5849.356 260.3234",
    "TurnInType": 0,
    "IsIndoors": true,
    "MyFaction": 1
  },
  "ActionOrder": 1,
  "Actions": [
    {
      "$type": "CollectObjectsTemplate",
      "TargetObjects": [
        {
          "Hotspot": {
            "Position": "6816.542 5764.982 410.1434",
            "GroundPosition": "0 0 0",
            "IsGroundPosition": false,
            "IsIndoors": true,
            "ContinentId": 1116
          },
          "Name": "Frost Wolf Howler",
          "EntryId": 75560
        }
      ],
      "HotspotsX": [
        {
          "Position": "6813.206 5768.493 410.1506",
          "GroundPosition": "0 0 0",
          "IsGroundPosition": false,
          "IsIndoors": true,
          "ContinentId": 1116
        }
      ],
      "Blackspots": [],
      "IsLoot": true,
      "OpeningCast": false,
      "NoMovement": false,
      "GameObjectiveIndex": 1,
      "RunTime": 5.0
    },
    {
      "$type": "WaitTemplate",
      "TimeSeconds": 85.0,
      "GameObjectiveIndex": 0,
      "RunTime": 5.0
    }
  ]
}