{
  "QuestID": 33785,
  "Version": 4,
  "FactionGroup": 1,
  "CreatedOn": "2015-01-18T16:15:23.4112665Z",
  "UpdatedOn": "2015-08-06T21:39:44.1942034Z",
  "Comment": "",
  "CreatedBy": null,
  "AllowUpdates": false,
  "RecommendedLevel": 91,
  "Frequency": 1,
  "IsStory": true,
  "QuestStart": {
    "ObjectName": "Karg Bloodfury",
    "EntryId": 72373,
    "AdditionalEntryIds": null,
    "ContinentId": 1116,
    "ZoneId": 6720,
    "Position": "5828.532 3645.995 120.8978",
    "TurnInType": 0,
    "IsIndoors": true,
    "MyFaction": 0
  },
  "ActionOrder": 1,
  "Actions": [
    {
      "$type": "KillMobsTemplate",
      "TargetObjects": [
        {
          "Hotspot": {
            "Position": "5825.377 3592.436 120.898",
            "GroundPosition": "0 0 0",
            "IsGroundPosition": false,
            "ContinentId": 1116
          },
          "Name": "Thunderlord Windreader",
          "EntryId": 78829
        },
        {
          "Hotspot": {
            "Position": "5843.968 3612.685 120.8983",
            "GroundPosition": "0 0 0",
            "IsGroundPosition": false,
            "ContinentId": 1116
          },
          "Name": "Thunderlord Crag-Leaper",
          "EntryId": 78815
        },
        {
          "Hotspot": {
            "Position": "5777.194 3495.26 129.2595",
            "GroundPosition": "0 0 0",
            "IsGroundPosition": false,
            "ContinentId": 1116
          },
          "Name": "Thunderlord Handler",
          "EntryId": 76160
        },
        {
          "Hotspot": {
            "Position": "5800.893 3591.097 120.8965",
            "GroundPosition": "0 0 0",
            "IsGroundPosition": false,
            "ContinentId": 1116
          },
          "Name": "Thunderlord Stalker",
          "EntryId": 78809
        },
        {
          "Hotspot": {
            "Position": "5582.289 3514.392 112.152",
            "GroundPosition": "0 0 0",
            "IsGroundPosition": false,
            "IsIndoors": true,
            "ContinentId": 1116
          },
          "Name": "Thunderlord Eagle-Eye",
          "EntryId": 78806
        },
        {
          "Hotspot": {
            "Position": "5607.084 3539.045 111.9351",
            "GroundPosition": "0 0 0",
            "IsGroundPosition": false,
            "IsIndoors": true,
            "ContinentId": 1116
          },
          "Name": "Thunderlord Giantslayer",
          "EntryId": 78812
        }
      ],
      "HotspotsX": [
        {
          "Position": "5824.69 3615.051 120.8983",
          "GroundPosition": "0 0 0",
          "IsGroundPosition": false,
          "ContinentId": 1116
        },
        {
          "Position": "5777.458 3484.282 130.9134",
          "GroundPosition": "0 0 0",
          "IsGroundPosition": false,
          "ContinentId": 1116
        },
        {
          "Position": "5660.326 3544.637 124.5692",
          "GroundPosition": "0 0 0",
          "IsGroundPosition": false,
          "IsIndoors": true,
          "ContinentId": 1116
        },
        {
          "Position": "5601.768 3504.421 111.528",
          "GroundPosition": "0 0 0",
          "IsGroundPosition": false,
          "IsIndoors": true,
          "ContinentId": 1116
        },
        {
          "Position": "5585.354 3554.67 112.4898",
          "GroundPosition": "0 0 0",
          "IsGroundPosition": false,
          "IsIndoors": true,
          "ContinentId": 1116
        }
      ],
      "Blackspots": [],
      "ForceLoot": false,
      "ForcePullMobs": false,
      "GameObjectiveIndex": 1,
      "RunTime": 5.0
    }
  ]
}