{
  "QuestID": 33828,
  "Version": 4,
  "FactionGroup": 1,
  "CreatedOn": "2014-11-16T16:24:13.2585813Z",
  "UpdatedOn": "2015-08-06T21:40:05.0137101Z",
  "Comment": "",
  "CreatedBy": null,
  "AllowUpdates": false,
  "RecommendedLevel": 91,
  "Frequency": 1,
  "IsStory": true,
  "QuestStart": {
    "ObjectName": "Lokra",
    "EntryId": 72274,
    "AdditionalEntryIds": null,
    "ContinentId": 1116,
    "ZoneId": 6720,
    "Position": "5616.442 3774.541 113.0406",
    "TurnInType": 0,
    "IsIndoors": true,
    "MyFaction": 0
  },
  "ActionOrder": 1,
  "Actions": [
    {
      "$type": "KillMobsTemplate",
      "TargetObjects": [
        {
          "Hotspot": {
            "Position": "5209.248 3683.966 128.2288",
            "GroundPosition": "0 0 0",
            "IsGroundPosition": false,
            "ContinentId": 1116
          },
          "Name": "Master Siegesmith Uratok",
          "EntryId": 76594
        }
      ],
      "HotspotsX": [
        {
          "Position": "5210.583 3676.503 128.2498",
          "GroundPosition": "0 0 0",
          "IsGroundPosition": false,
          "ContinentId": 1116
        }
      ],
      "Blackspots": [],
      "ForceLoot": false,
      "ForcePullMobs": false,
      "GameObjectiveIndex": 1,
      "RunTime": 5.0
    }
  ]
}