{
  "QuestID": 33868,
  "Version": 8,
  "FactionGroup": 1,
  "CreatedOn": "2014-11-17T06:25:58.3560211Z",
  "UpdatedOn": "2015-08-06T19:24:24.6758786Z",
  "Comment": "",
  "CreatedBy": null,
  "AllowUpdates": false,
  "RecommendedLevel": 90,
  "Frequency": 1,
  "IsStory": true,
  "QuestStart": {
    "ObjectName": "Archmage Khadgar",
    "EntryId": 78563,
    "AdditionalEntryIds": null,
    "ContinentId": 1265,
    "ZoneId": 7025,
    "Position": "3545.687 -2123.458 17.23148",
    "TurnInType": 0,
    "MyFaction": 1
  },
  "QuestEnd": {
    "ObjectName": "Farseer Drek'Thar",
    "EntryId": 76411,
    "AdditionalEntryIds": null,
    "ContinentId": 1116,
    "ZoneId": 6720,
    "Position": "5540.102 5012.245 12.88151",
    "TurnInType": 0,
    "MyFaction": 1
  },
  "ActionOrder": 1,
  "Actions": [
    {
      "$type": "WaitTemplate",
      "TimeSeconds": 30.0,
      "GameObjectiveIndex": 1,
      "RunTime": 5.0
    }
  ]
}