{
  "QuestID": 34402,
  "Version": 3,
  "FactionGroup": 1,
  "CreatedOn": "2015-06-29T12:40:15.3787771Z",
  "UpdatedOn": "2015-08-06T19:24:32.8117405Z",
  "Comment": "",
  "CreatedBy": null,
  "AllowUpdates": false,
  "QuestStart": {
    "ObjectName": "Durotan",
    "EntryId": 78272,
    "AdditionalEntryIds": null,
    "ContinentId": 1116,
    "ZoneId": 6720,
    "Position": "5435.163 4949.397 64.68109",
    "TurnInType": 0,
    "IsIndoors": true,
    "MyFaction": 0
  },
  "QuestEnd": {
    "ObjectName": "Thrall",
    "EntryId": 70859,
    "AdditionalEntryIds": null,
    "ContinentId": 1116,
    "ZoneId": 7004,
    "Position": "5611.71 4525.859 120.1815",
    "TurnInType": 0,
    "MyFaction": 1
  },
  "ActionOrder": 1,
  "Actions": []
}