{
  "QuestID": 34422,
  "Version": 27,
  "FactionGroup": 1,
  "CreatedOn": "2014-10-31T07:45:52.8193234Z",
  "UpdatedOn": "2015-08-06T19:16:23.9352199Z",
  "Comment": "",
  "CreatedBy": null,
  "AllowUpdates": false,
  "RecommendedLevel": 90,
  "Frequency": 1,
  "IsStory": true,
  "QuestStart": {
    "ObjectName": "Archmage Khadgar",
    "EntryId": 78559,
    "AdditionalEntryIds": null,
    "ContinentId": 1265,
    "ZoneId": 7025,
    "Position": "3936.718 -2505.224 69.73077",
    "TurnInType": 0,
    "IsIndoors": true,
    "MyFaction": 1
  },
  "QuestEnd": {
    "ObjectName": "Archmage Khadgar",
    "EntryId": 78559,
    "AdditionalEntryIds": null,
    "ContinentId": 1265,
    "ZoneId": 7025,
    "Position": "3839.859 -2777.118 93.84181",
    "TurnInType": 0,
    "MyFaction": 1
  },
  "ScriptText": "{\r\n  \"Children\": [],\r\n  \"GroupName\": \"\"\r\n}",
  "ActionOrder": 1,
  "Actions": [
    {
      "$type": "MoveToTemplate",
      "Hotspots": [
        {
          "Position": "3841.418 -2527.822 65.29795",
          "GroundPosition": "0 0 0",
          "IsGroundPosition": false,
          "ContinentId": 1265
        }
      ],
      "PreventMounting": false,
      "GameObjectiveIndex": 1,
      "RunTime": 5.0
    },
    {
      "$type": "UseItemTemplate",
      "UseMethod": 0,
      "OverrideCooldown": 0.0,
      "OverrideCastTime": 0.0,
      "StayMounted": false,
      "MinCastRange": 4.5,
      "DontFilterDeadUnits": false,
      "UseCount": 1,
      "TargetUnits": [],
      "HotspotsX": [
        {
          "Position": "3841.418 -2527.822 65.29795",
          "GroundPosition": "0 0 0",
          "IsGroundPosition": false,
          "ContinentId": 1265
        }
      ],
      "Blackspots": [],
      "Item": [
        {
          "Name": "Lucifrium Bead",
          "EntryId": 113191
        }
      ],
      "BanTime": 120.0,
      "BanMobCombatAfterUse": false,
      "GameObjectiveIndex": 1,
      "RunTime": 5.0
    },
    {
      "$type": "MoveToTemplate",
      "Hotspots": [
        {
          "Position": "3859.156 -2536.523 65.29735",
          "GroundPosition": "0 0 0",
          "IsGroundPosition": false,
          "ContinentId": 1265
        }
      ],
      "PreventMounting": false,
      "GameObjectiveIndex": 1,
      "RunTime": 5.0
    },
    {
      "$type": "UseItemTemplate",
      "UseMethod": 0,
      "OverrideCooldown": 0.0,
      "OverrideCastTime": 0.0,
      "StayMounted": false,
      "MinCastRange": 4.5,
      "DontFilterDeadUnits": false,
      "UseCount": 1,
      "TargetUnits": [],
      "HotspotsX": [
        {
          "Position": "3859.156 -2536.523 65.29735",
          "GroundPosition": "0 0 0",
          "IsGroundPosition": false,
          "ContinentId": 1265
        }
      ],
      "Blackspots": [],
      "Item": [
        {
          "Name": "Lucifrium Bead",
          "EntryId": 113191
        }
      ],
      "BanTime": 120.0,
      "BanMobCombatAfterUse": false,
      "GameObjectiveIndex": 1,
      "RunTime": 5.0
    },
    {
      "$type": "MoveToTemplate",
      "Hotspots": [
        {
          "Position": "3942.216 -2655.137 54.77975",
          "GroundPosition": "0 0 0",
          "IsGroundPosition": false,
          "ContinentId": 1265
        }
      ],
      "PreventMounting": false,
      "GameObjectiveIndex": 1,
      "RunTime": 5.0
    },
    {
      "$type": "UseItemTemplate",
      "UseMethod": 0,
      "OverrideCooldown": 0.0,
      "OverrideCastTime": 0.0,
      "StayMounted": false,
      "MinCastRange": 4.5,
      "DontFilterDeadUnits": false,
      "UseCount": 1,
      "TargetUnits": [],
      "HotspotsX": [
        {
          "Position": "3942.216 -2655.137 54.77975",
          "GroundPosition": "0 0 0",
          "IsGroundPosition": false,
          "ContinentId": 1265
        }
      ],
      "Blackspots": [],
      "Item": [
        {
          "Name": "Lucifrium Bead",
          "EntryId": 113191
        }
      ],
      "BanTime": 120.0,
      "BanMobCombatAfterUse": false,
      "GameObjectiveIndex": 1,
      "RunTime": 5.0
    },
    {
      "$type": "MoveToTemplate",
      "Hotspots": [
        {
          "Position": "3953.731 -2668.443 54.90401",
          "GroundPosition": "0 0 0",
          "IsGroundPosition": false,
          "ContinentId": 1265
        }
      ],
      "PreventMounting": false,
      "GameObjectiveIndex": 1,
      "RunTime": 5.0
    },
    {
      "$type": "UseItemTemplate",
      "UseMethod": 0,
      "OverrideCooldown": 0.0,
      "OverrideCastTime": 0.0,
      "StayMounted": false,
      "MinCastRange": 4.5,
      "DontFilterDeadUnits": false,
      "UseCount": 1,
      "TargetUnits": [],
      "HotspotsX": [
        {
          "Position": "3953.731 -2668.443 54.90401",
          "GroundPosition": "0 0 0",
          "IsGroundPosition": false,
          "ContinentId": 1265
        }
      ],
      "Blackspots": [],
      "Item": [
        {
          "Name": "Lucifrium Bead",
          "EntryId": 113191
        }
      ],
      "BanTime": 120.0,
      "BanMobCombatAfterUse": false,
      "GameObjectiveIndex": 1,
      "RunTime": 5.0
    },
    {
      "$type": "MoveToTemplate",
      "Hotspots": [
        {
          "Position": "4038.435 -2587.058 52.0878",
          "GroundPosition": "0 0 0",
          "IsGroundPosition": false,
          "ContinentId": 1265
        }
      ],
      "PreventMounting": false,
      "GameObjectiveIndex": 1,
      "RunTime": 5.0
    },
    {
      "$type": "UseItemTemplate",
      "UseMethod": 0,
      "OverrideCooldown": 0.0,
      "OverrideCastTime": 0.0,
      "StayMounted": false,
      "MinCastRange": 4.5,
      "DontFilterDeadUnits": false,
      "UseCount": 1,
      "TargetUnits": [],
      "HotspotsX": [
        {
          "Position": "4038.435 -2587.058 52.0878",
          "GroundPosition": "0 0 0",
          "IsGroundPosition": false,
          "ContinentId": 1265
        }
      ],
      "Blackspots": [],
      "Item": [
        {
          "Name": "Lucifrium Bead",
          "EntryId": 113191
        }
      ],
      "BanTime": 120.0,
      "BanMobCombatAfterUse": false,
      "GameObjectiveIndex": 1,
      "RunTime": 5.0
    },
    {
      "$type": "MoveToTemplate",
      "Hotspots": [
        {
          "Position": "3997.883 -2669.866 45.98285",
          "GroundPosition": "0 0 0",
          "IsGroundPosition": false,
          "ContinentId": 1265
        }
      ],
      "PreventMounting": false,
      "GameObjectiveIndex": 1,
      "RunTime": 5.0
    },
    {
      "$type": "UseItemTemplate",
      "UseMethod": 0,
      "OverrideCooldown": 0.0,
      "OverrideCastTime": 0.0,
      "StayMounted": false,
      "MinCastRange": 4.5,
      "DontFilterDeadUnits": false,
      "UseCount": 1,
      "TargetUnits": [],
      "HotspotsX": [
        {
          "Position": "3997.883 -2669.866 45.98285",
          "GroundPosition": "0 0 0",
          "IsGroundPosition": false,
          "ContinentId": 1265
        }
      ],
      "Blackspots": [],
      "Item": [
        {
          "Name": "Lucifrium Bead",
          "EntryId": 113191
        }
      ],
      "BanTime": 120.0,
      "BanMobCombatAfterUse": false,
      "GameObjectiveIndex": 1,
      "RunTime": 5.0
    }
  ]
}