{
  "QuestID": 34437,
  "Version": 3,
  "FactionGroup": 1,
  "CreatedOn": "2014-11-13T09:54:46.0554946Z",
  "UpdatedOn": "2015-08-06T19:20:39.0893592Z",
  "Comment": "",
  "CreatedBy": null,
  "AllowUpdates": false,
  "RecommendedLevel": 90,
  "Frequency": 1,
  "QuestStart": {
    "ObjectName": "Ga'nar",
    "EntryId": 79917,
    "AdditionalEntryIds": null,
    "ContinentId": 1265,
    "ZoneId": 7025,
    "Position": "4166.745 -2062.607 2.936626",
    "TurnInType": 0,
    "MyFaction": 1
  },
  "QuestEnd": {
    "ObjectName": "Farseer Drek'Thar",
    "EntryId": 78996,
    "AdditionalEntryIds": null,
    "ContinentId": 1265,
    "ZoneId": 7025,
    "Position": "4417.996 -2090.691 2.777501",
    "TurnInType": 0,
    "MyFaction": 1
  },
  "ActionOrder": 1,
  "Actions": []
}