{
  "QuestID": 34439,
  "Version": 15,
  "FactionGroup": 1,
  "CreatedOn": "2014-11-13T09:43:35.9611674Z",
  "UpdatedOn": "2015-08-06T19:19:30.535708Z",
  "Comment": "",
  "CreatedBy": null,
  "AllowUpdates": false,
  "RecommendedLevel": 90,
  "Frequency": 1,
  "IsStory": true,
  "QuestStart": {
    "ObjectName": "Cordana Felsong",
    "EntryId": 78430,
    "AdditionalEntryIds": null,
    "ContinentId": 1265,
    "ZoneId": 7025,
    "Position": "4613.3 -2246.304 15.103",
    "TurnInType": 0,
    "MyFaction": 1
  },
  "QuestEnd": {
    "ObjectName": "Farseer Drek'Thar",
    "EntryId": 78996,
    "AdditionalEntryIds": null,
    "ContinentId": 1265,
    "ZoneId": 7025,
    "Position": "4417.996 -2090.691 2.777546",
    "TurnInType": 0,
    "MyFaction": 1
  },
  "ActionOrder": 1,
  "Actions": [
    {
      "$type": "KillMobsTemplate",
      "TargetObjects": [
        {
          "Hotspot": {
            "Position": "4623.804 -2138.816 -2.562252",
            "GroundPosition": "0 0 0",
            "IsGroundPosition": false,
            "ContinentId": 1265
          },
          "Name": "Ogron Warcrusher",
          "EntryId": 80775
        }
      ],
      "HotspotsX": [
        {
          "Position": "4612.73 -2149.003 -5.912803",
          "GroundPosition": "0 0 0",
          "IsGroundPosition": false,
          "ContinentId": 1265
        },
        {
          "Position": "4540.085 -2097.754 -13.79986",
          "GroundPosition": "0 0 0",
          "IsGroundPosition": false,
          "ContinentId": 1265
        },
        {
          "Position": "4496.174 -2087.116 -16.67265",
          "GroundPosition": "0 0 0",
          "IsGroundPosition": false,
          "ContinentId": 1265
        }
      ],
      "Blackspots": [
        "4538.74 -2186.052 -15.2232 21.15383",
        "4624 -2139 -3 15"
      ],
      "ForceLoot": false,
      "ForcePullMobs": false,
      "GameObjectiveIndex": 2,
      "RunTime": 5.0
    },
    {
      "$type": "KillMobsTemplate",
      "TargetObjects": [
        {
          "Hotspot": {
            "Position": "4619.558 -2188.42 1.042662",
            "GroundPosition": "0 0 0",
            "IsGroundPosition": false,
            "ContinentId": 1265
          },
          "Name": "Blackrock Grunt",
          "EntryId": 80786
        }
      ],
      "HotspotsX": [
        {
          "Position": "4614.81 -2149.076 -5.702496",
          "GroundPosition": "0 0 0",
          "IsGroundPosition": false,
          "ContinentId": 1265
        },
        {
          "Position": "4565.111 -2098.878 -17.00111",
          "GroundPosition": "0 0 0",
          "IsGroundPosition": false,
          "ContinentId": 1265
        },
        {
          "Position": "4514.389 -2088.551 -16.88401",
          "GroundPosition": "0 0 0",
          "IsGroundPosition": false,
          "ContinentId": 1265
        }
      ],
      "Blackspots": [
        "4540.79 -2197.922 -14.99501 27.07183"
      ],
      "ForceLoot": false,
      "ForcePullMobs": false,
      "GameObjectiveIndex": 1,
      "RunTime": 5.0
    }
  ]
}