{
  "QuestID": 34501,
  "Version": 8,
  "FactionGroup": 1,
  "CreatedOn": "2015-01-18T16:15:23.8462914Z",
  "UpdatedOn": "2015-08-06T21:38:38.7740911Z",
  "Comment": "",
  "CreatedBy": null,
  "AllowUpdates": false,
  "RecommendedLevel": 92,
  "Frequency": 1,
  "IsTask": true,
  "QuestStart": {
    "ObjectName": "AreaTrigger",
    "EntryId": 0,
    "AdditionalEntryIds": null,
    "ContinentId": 1116,
    "ZoneId": 6720,
    "Position": "7542.695 3431.211 106.4504",
    "TurnInType": 2,
    "IsIndoors": true,
    "MyFaction": 1
  },
  "ActionOrder": 0,
  "Actions": [
    {
      "$type": "KillMobsTemplate",
      "TargetObjects": [
        {
          "Hotspot": {
            "Position": "7534.663 3403.609 109.4314",
            "GroundPosition": "0 0 0",
            "IsGroundPosition": false,
            "IsIndoors": true,
            "ContinentId": 1116
          },
          "Name": "Maggle",
          "EntryId": 78896
        }
      ],
      "HotspotsX": [
        {
          "Position": "7535.775 3421.503 105.8897",
          "GroundPosition": "0 0 0",
          "IsGroundPosition": false,
          "IsIndoors": true,
          "ContinentId": 1116
        }
      ],
      "Blackspots": [],
      "ForceLoot": false,
      "ForcePullMobs": false,
      "GameObjectiveIndex": 1,
      "RunTime": 5.0
    },
    {
      "$type": "KillMobsTemplate",
      "TargetObjects": [
        {
          "Hotspot": {
            "Position": "7460.304 3342.067 106.1097",
            "GroundPosition": "0 0 0",
            "IsGroundPosition": false,
            "IsIndoors": true,
            "ContinentId": 1116
          },
          "Name": "Frostscreamer Raeger",
          "EntryId": 78764
        }
      ],
      "HotspotsX": [
        {
          "Position": "7450.095 3343.756 103.0988",
          "GroundPosition": "0 0 0",
          "IsGroundPosition": false,
          "IsIndoors": true,
          "ContinentId": 1116
        }
      ],
      "Blackspots": [],
      "ForceLoot": false,
      "ForcePullMobs": false,
      "GameObjectiveIndex": 3,
      "RunTime": 5.0
    },
    {
      "$type": "KillMobsTemplate",
      "TargetObjects": [
        {
          "Hotspot": {
            "Position": "7494.774 3436.616 104.1547",
            "GroundPosition": "0 0 0",
            "IsGroundPosition": false,
            "IsIndoors": true,
            "ContinentId": 1116
          },
          "Name": "Feagel the Biter",
          "EntryId": 78893
        }
      ],
      "HotspotsX": [
        {
          "Position": "7496.133 3433.448 104.2188",
          "GroundPosition": "0 0 0",
          "IsGroundPosition": false,
          "IsIndoors": true,
          "ContinentId": 1116
        }
      ],
      "Blackspots": [],
      "ForceLoot": false,
      "ForcePullMobs": false,
      "GameObjectiveIndex": 2,
      "RunTime": 5.0
    },
    {
      "$type": "KillMobsTemplate",
      "TargetObjects": [
        {
          "Hotspot": {
            "Position": "7475.221 3367.385 102.1932",
            "GroundPosition": "0 0 0",
            "IsGroundPosition": false,
            "IsIndoors": true,
            "ContinentId": 1116
          },
          "Name": "Shiverblood Slasher",
          "EntryId": 78758
        },
        {
          "Hotspot": {
            "Position": "7426.642 3350.07 102.803",
            "GroundPosition": "0 0 0",
            "IsGroundPosition": false,
            "IsIndoors": true,
            "ContinentId": 1116
          },
          "Name": "Shiverblood Frostbinder",
          "EntryId": 78869
        }
      ],
      "HotspotsX": [
        {
          "Position": "7450.095 3343.756 103.0988",
          "GroundPosition": "0 0 0",
          "IsGroundPosition": false,
          "IsIndoors": true,
          "ContinentId": 1116
        },
        {
          "Position": "7554.175 3370.088 106.4677",
          "GroundPosition": "0 0 0",
          "IsGroundPosition": false,
          "IsIndoors": true,
          "ContinentId": 1116
        }
      ],
      "Blackspots": [],
      "ForceLoot": false,
      "ForcePullMobs": false,
      "GameObjectiveIndex": 4,
      "RunTime": 5.0
    }
  ]
}