{
  "QuestID": 34861,
  "Version": 3,
  "FactionGroup": 1,
  "CreatedOn": "2014-12-28T22:04:24.6958862Z",
  "UpdatedOn": "2015-08-06T20:59:57.4276953Z",
  "Comment": "",
  "CreatedBy": null,
  "AllowUpdates": false,
  "RecommendedLevel": 90,
  "Frequency": 1,
  "IsStory": true,
  "QuestStart": {
    "ObjectName": "Gazlowe",
    "EntryId": 78466,
    "AdditionalEntryIds": null,
    "ContinentId": 1152,
    "ZoneId": 7004,
    "Position": "5587.911 4482.173 130.0535",
    "TurnInType": 0,
    "MyFaction": 1
  },
  "QuestEnd": {
    "ObjectName": "Warmaster Zog",
    "EntryId": 79740,
    "AdditionalEntryIds": null,
    "ContinentId": 1116,
    "ZoneId": 7004,
    "Position": "5556.84 4506.932 132.6776",
    "TurnInType": 0,
    "MyFaction": 1
  },
  "ActionOrder": 1,
  "Actions": []
}