{
  "QuestID": 34987,
  "Version": 5,
  "FactionGroup": 1,
  "CreatedOn": "2014-11-13T10:04:45.9578071Z",
  "UpdatedOn": "2015-08-06T19:19:53.4354301Z",
  "Comment": "",
  "CreatedBy": null,
  "AllowUpdates": false,
  "RecommendedLevel": 90,
  "Frequency": 1,
  "IsStory": true,
  "QuestStart": {
    "ObjectName": "Hansel Heavyhands",
    "EntryId": 78569,
    "AdditionalEntryIds": null,
    "ContinentId": 1265,
    "ZoneId": 7025,
    "Position": "4366.801 -2116.076 2.37818",
    "TurnInType": 0,
    "MyFaction": 1
  },
  "ActionOrder": 1,
  "Actions": [
    {
      "$type": "CollectObjectsTemplate",
      "TargetObjects": [
        {
          "Hotspot": {
            "Position": "4325.136 -2185.764 6.822516",
            "GroundPosition": "0 0 0",
            "IsGroundPosition": false,
            "IsIndoors": true,
            "ContinentId": 1265
          },
          "Name": "Blackrock Powder Keg",
          "EntryId": 231119
        }
      ],
      "HotspotsX": [
        {
          "Position": "4325.915 -2184.154 6.931617",
          "GroundPosition": "0 0 0",
          "IsGroundPosition": false,
          "IsIndoors": true,
          "ContinentId": 1265
        }
      ],
      "Blackspots": [],
      "IsLoot": true,
      "OpeningCast": true,
      "NoMovement": false,
      "GameObjectiveIndex": 1,
      "RunTime": 5.0
    },
    {
      "$type": "CollectObjectsTemplate",
      "TargetObjects": [
        {
          "Hotspot": {
            "Position": "4365.777 -2116.043 2.366319",
            "GroundPosition": "0 0 0",
            "IsGroundPosition": false,
            "ContinentId": 1265
          },
          "Name": "Makeshift Plunger",
          "EntryId": 231066
        }
      ],
      "HotspotsX": [
        {
          "Position": "4365.685 -2113.218 2.449308",
          "GroundPosition": "0 0 0",
          "IsGroundPosition": false,
          "ContinentId": 1265
        }
      ],
      "Blackspots": [],
      "IsLoot": true,
      "OpeningCast": false,
      "NoMovement": false,
      "GameObjectiveIndex": 2,
      "RunTime": 5.0
    }
  ]
}