{
  "QuestID": 35005,
  "Version": 2,
  "FactionGroup": 1,
  "CreatedOn": "2015-06-29T12:40:16.3588332Z",
  "UpdatedOn": "2015-08-06T19:19:09.2173558Z",
  "Comment": "",
  "CreatedBy": null,
  "AllowUpdates": false,
  "QuestStart": {
    "ObjectName": "Thrall",
    "EntryId": 78553,
    "AdditionalEntryIds": null,
    "ContinentId": 1265,
    "ZoneId": 7025,
    "Position": "4627.536 -2259.734 19.40447",
    "TurnInType": 0,
    "MyFaction": 1
  },
  "ActionOrder": 1,
  "Actions": [
    {
      "$type": "CollectObjectsTemplate",
      "TargetObjects": [
        {
          "Hotspot": {
            "Position": "4608.426 -2197.686 3.245461",
            "GroundPosition": "0 0 0",
            "IsGroundPosition": false,
            "ContinentId": 1265
          },
          "Name": "Iron Horde Weapon",
          "EntryId": 231820
        },
        {
          "Hotspot": {
            "Position": "4601.81 -2106.318 -15.4506",
            "GroundPosition": "0 0 0",
            "IsGroundPosition": false,
            "ContinentId": 1265
          },
          "Name": "Iron Horde Weapon Rack",
          "EntryId": 231817
        },
        {
          "Hotspot": {
            "Position": "4585.897 -2087.512 -14.98744",
            "GroundPosition": "0 0 0",
            "IsGroundPosition": false,
            "ContinentId": 1265
          },
          "Name": "Iron Horde Weapon",
          "EntryId": 231819
        },
        {
          "Name": "(User added by ID)",
          "EntryId": 231818
        },
        {
          "Name": "(User added by ID)",
          "EntryId": 231815
        }
      ],
      "HotspotsX": [
        {
          "Position": "4601.022 -2120.583 -13.48571",
          "GroundPosition": "0 0 0",
          "IsGroundPosition": false,
          "ContinentId": 1265
        },
        {
          "Position": "4610.691 -2027.583 -17.5214",
          "GroundPosition": "0 0 0",
          "IsGroundPosition": false,
          "ContinentId": 1265
        },
        {
          "Position": "4523.545 -2010.826 -16.42784",
          "GroundPosition": "0 0 0",
          "IsGroundPosition": false,
          "ContinentId": 1265
        },
        {
          "Position": "4461.771 -2129.097 -15.03166",
          "GroundPosition": "0 0 0",
          "IsGroundPosition": false,
          "ContinentId": 1265
        }
      ],
      "Blackspots": [],
      "IsLoot": true,
      "OpeningCast": false,
      "NoMovement": false,
      "GameObjectiveIndex": 1,
      "RunTime": 5.0
    }
  ]
}