{
  "QuestID": 35106,
  "Version": 2,
  "FactionGroup": 1,
  "CreatedOn": "2015-08-06T21:33:45.7226698Z",
  "UpdatedOn": "2015-08-06T21:33:48.0815069Z",
  "Comment": "",
  "CreatedBy": null,
  "AllowUpdates": false,
  "QuestStart": {
    "ObjectName": "Ang'kra",
    "EntryId": 81210,
    "AdditionalEntryIds": null,
    "ContinentId": 1116,
    "ZoneId": 6720,
    "Position": "6341.046 5192.537 131.0218",
    "TurnInType": 0,
    "IsIndoors": true,
    "MyFaction": 1
  },
  "ActionOrder": 1,
  "Actions": [
    {
      "$type": "KillMobsTemplate",
      "TargetObjects": [
        {
          "Hotspot": {
            "Position": "6626.279 4964.729 137.6311",
            "GroundPosition": "0 0 0",
            "IsGroundPosition": false,
            "ContinentId": 1116
          },
          "Name": "Or'Nak",
          "EntryId": 81243
        }
      ],
      "HotspotsX": [
        {
          "Position": "6626.566 4963.881 137.5955",
          "GroundPosition": "0 0 0",
          "IsGroundPosition": false,
          "ContinentId": 1116
        }
      ],
      "Blackspots": [],
      "ForceLoot": true,
      "ForcePullMobs": false,
      "GameObjectiveIndex": 1,
      "RunTime": 5.0
    }
  ]
}