{
  "QuestID": 36238,
  "Version": 3,
  "FactionGroup": 1,
  "CreatedOn": "2015-01-30T07:12:51.6896803Z",
  "UpdatedOn": "2015-08-06T21:39:04.8260847Z",
  "Comment": "",
  "CreatedBy": null,
  "AllowUpdates": false,
  "QuestStart": {
    "ObjectName": "Waruk the Frostforger",
    "EntryId": 84494,
    "AdditionalEntryIds": null,
    "ContinentId": 1116,
    "ZoneId": 6720,
    "Position": "6287.924 4688.177 140.206",
    "TurnInType": 0,
    "MyFaction": 1
  },
  "QuestEnd": {
    "ObjectName": "Axe-Shaper Kugra",
    "EntryId": 78989,
    "AdditionalEntryIds": null,
    "ContinentId": 1116,
    "ZoneId": 6720,
    "Position": "6118.715 4986.791 133.5152",
    "TurnInType": 0,
    "MyFaction": 1
  },
  "ActionOrder": 1,
  "Actions": []
}