{
  "QuestID": 37563,
  "Version": 6,
  "FactionGroup": 1,
  "CreatedOn": "2014-11-19T01:42:59.1753595Z",
  "UpdatedOn": "2015-08-06T21:44:41.7260503Z",
  "Comment": "",
  "CreatedBy": null,
  "AllowUpdates": false,
  "RecommendedLevel": 92,
  "Frequency": 1,
  "QuestStart": {
    "ObjectName": "Makar Stonebinder",
    "EntryId": 76730,
    "AdditionalEntryIds": null,
    "ContinentId": 1203,
    "ZoneId": 6720,
    "Position": "6033.52 2839.22 200.0978",
    "TurnInType": 0,
    "MyFaction": 1
  },
  "ActionOrder": 1,
  "Actions": [
    {
      "$type": "GossipInteractionTemplate",
      "TargetObjects": [
        {
          "Hotspot": {
            "Position": "6037.72 2839.77 200.6105",
            "GroundPosition": "0 0 0",
            "IsGroundPosition": false,
            "ContinentId": 1203
          },
          "Name": "Greatmother Geyah",
          "EntryId": 88655
        }
      ],
      "HotspotsX": [
        {
          "Position": "6038.537 2839.831 200.8508",
          "GroundPosition": "0 0 0",
          "IsGroundPosition": false,
          "ContinentId": 1203
        },
        {
          "Position": "6029.8 2725.431 209.0356",
          "GroundPosition": "0 0 0",
          "IsGroundPosition": false,
          "ContinentId": 1116
        }
      ],
      "GossipIndex": 1,
      "Dismount": false,
      "GameObjectiveIndex": 1,
      "RunTime": 5.0
    }
  ]
}