{
  "QuestID": 32992,
  "Version": 4,
  "FactionGroup": 1,
  "CreatedOn": "2015-01-18T16:15:23.2942599Z",
  "UpdatedOn": "2015-08-06T21:39:14.299803Z",
  "Comment": "",
  "CreatedBy": null,
  "AllowUpdates": false,
  "RecommendedLevel": 91,
  "Frequency": 1,
  "IsStory": true,
  "QuestStart": {
    "ObjectName": "Lokra",
    "EntryId": 72274,
    "AdditionalEntryIds": null,
    "ContinentId": 1116,
    "ZoneId": 6720,
    "Position": "6416.872 4597.837 85.40119",
    "TurnInType": 0,
    "IsIndoors": true,
    "MyFaction": 0
  },
  "QuestEnd": {
    "ObjectName": "Lokra",
    "EntryId": 72274,
    "AdditionalEntryIds": null,
    "ContinentId": 1116,
    "ZoneId": 6720,
    "Position": "5966.063 4113.587 119.7742",
    "TurnInType": 0,
    "MyFaction": 1
  },
  "ActionOrder": 1,
  "Actions": [
    {
      "$type": "MoveToTemplate",
      "Hotspots": [
        {
          "Position": "5965.986 4118.59 119.5835",
          "GroundPosition": "0 0 0",
          "IsGroundPosition": false,
          "ContinentId": 1116
        }
      ],
      "PreventMounting": false,
      "GameObjectiveIndex": 1,
      "RunTime": 5.0
    },
    {
      "$type": "WaitTemplate",
      "TimeSeconds": 10.0,
      "GameObjectiveIndex": 1,
      "RunTime": 5.0
    }
  ]
}