{
  "QuestID": 33462,
  "Version": 8,
  "FactionGroup": 1,
  "CreatedOn": "2014-11-16T16:24:13.1795768Z",
  "UpdatedOn": "2015-08-06T21:37:47.3616531Z",
  "Comment": "",
  "CreatedBy": null,
  "AllowUpdates": false,
  "RecommendedLevel": 92,
  "Frequency": 1,
  "QuestStart": {
    "ObjectName": "Broken Chains",
    "EntryId": 224306,
    "AdditionalEntryIds": null,
    "ContinentId": 1116,
    "ZoneId": 6720,
    "Position": "7007.674 3937.185 94.05741",
    "TurnInType": 1,
    "IsIndoors": true,
    "MyFaction": 0
  },
  "QuestEnd": {
    "ObjectName": "Chaincrafter's Anvil",
    "EntryId": 224305,
    "AdditionalEntryIds": null,
    "ContinentId": 1116,
    "ZoneId": 6720,
    "Position": "7168.773 3816.013 92.12724",
    "TurnInType": 1,
    "IsIndoors": true,
    "MyFaction": 1
  },
  "ActionOrder": 1,
  "Actions": [
    {
      "$type": "CollectObjectsTemplate",
      "TargetObjects": [
        {
          "Hotspot": {
            "Position": "7022.679 3972.205 93.55363",
            "GroundPosition": "0 0 0",
            "IsGroundPosition": false,
            "ContinentId": 1116
          },
          "Name": "Coil of Chains",
          "EntryId": 221263
        },
        {
          "Hotspot": {
            "Position": "7161.76 3845.103 95.76302",
            "GroundPosition": "0 0 0",
            "IsGroundPosition": false,
            "ContinentId": 1116
          },
          "Name": "Coil of Chains",
          "EntryId": 223825
        }
      ],
      "HotspotsX": [
        {
          "Position": "7138.33 3894.37 92.12724",
          "GroundPosition": "0 0 0",
          "IsGroundPosition": false,
          "ContinentId": 1116
        },
        {
          "Position": "7181.107 3845.738 92.36343",
          "GroundPosition": "0 0 0",
          "IsGroundPosition": false,
          "ContinentId": 1116
        },
        {
          "Position": "7151.268 3842.24 97.7522",
          "GroundPosition": "0 0 0",
          "IsGroundPosition": false,
          "IsIndoors": true,
          "ContinentId": 1116
        },
        {
          "Position": "7163.514 3796.296 92.08559",
          "GroundPosition": "0 0 0",
          "IsGroundPosition": false,
          "ContinentId": 1116
        }
      ],
      "Blackspots": [],
      "IsLoot": true,
      "OpeningCast": false,
      "NoMovement": false,
      "GameObjectiveIndex": 1,
      "RunTime": 5.0
    },
    {
      "$type": "KillMobsTemplate",
      "TargetObjects": [
        {
          "Hotspot": {
            "Position": "7007.355 3942.102 93.92351",
            "GroundPosition": "0 0 0",
            "IsGroundPosition": false,
            "ContinentId": 1116
          },
          "Name": "Thunderlord Crag-Leaper",
          "EntryId": 72240
        },
        {
          "Hotspot": {
            "Position": "7036.122 3955.233 92.14881",
            "GroundPosition": "0 0 0",
            "IsGroundPosition": false,
            "ContinentId": 1116
          },
          "Name": "Thunderlord Grappler",
          "EntryId": 72270
        },
        {
          "Hotspot": {
            "Position": "7180.055 3841.801 92.83755",
            "GroundPosition": "0 0 0",
            "IsGroundPosition": false,
            "ContinentId": 1116
          },
          "Name": "Kurgthuk the Merciless",
          "EntryId": 84506
        }
      ],
      "HotspotsX": [
        {
          "Position": "7150.158 3892.422 92.12812",
          "GroundPosition": "0 0 0",
          "IsGroundPosition": false,
          "ContinentId": 1116
        },
        {
          "Position": "7195.366 3881.258 92.12827",
          "GroundPosition": "0 0 0",
          "IsGroundPosition": false,
          "ContinentId": 1116
        },
        {
          "Position": "7201.799 3813.961 92.25989",
          "GroundPosition": "0 0 0",
          "IsGroundPosition": false,
          "ContinentId": 1116
        },
        {
          "Position": "7166.12 3805.315 92.26105",
          "GroundPosition": "0 0 0",
          "IsGroundPosition": false,
          "ContinentId": 1116
        }
      ],
      "Blackspots": [],
      "ForceLoot": true,
      "ForcePullMobs": false,
      "GameObjectiveIndex": 2,
      "RunTime": 5.0
    }
  ]
}