{
  "QuestID": 33483,
  "Version": 13,
  "FactionGroup": 1,
  "CreatedOn": "2014-11-14T04:47:41.208Z",
  "UpdatedOn": "2016-02-06T11:56:26.0347016Z",
  "Comment": "",
  "CreatedBy": null,
  "AllowUpdates": false,
  "RecommendedLevel": 91,
  "Frequency": 1,
  "QuestStart": {
    "ObjectName": "Mulverick",
    "EntryId": 72890,
    "AdditionalEntryIds": null,
    "ContinentId": 1116,
    "ZoneId": 6720,
    "Position": "6580.698 5621.988 166.8961",
    "TurnInType": 0,
    "MyFaction": 1
  },
  "QuestEnd": {
    "ObjectName": "Mulverick",
    "EntryId": 79047,
    "AdditionalEntryIds": null,
    "ContinentId": 1116,
    "ZoneId": 6720,
    "Position": "6584.716 5625.336 167.0274",
    "TurnInType": 0,
    "MyFaction": 1
  },
  "ActionOrder": 1,
  "Actions": [
    {
      "$type": "KillMobsTemplate",
      "TargetObjects": [
        {
          "Hotspot": {
            "Position": "6668.828 5736.515 156.0334",
            "GroundPosition": "0 0 0",
            "IsGroundPosition": false,
            "IsIndoors": true,
            "ContinentId": 1116
          },
          "Name": "Sootstained Taskmaster",
          "EntryId": 76706
        }
      ],
      "HotspotsX": [
        {
          "Position": "6699.2 5772.224 148.8349",
          "GroundPosition": "0 0 0",
          "IsGroundPosition": false,
          "IsIndoors": true,
          "ContinentId": 1116
        },
        {
          "Position": "6811.933 5822.529 155.5299",
          "GroundPosition": "0 0 0",
          "IsGroundPosition": false,
          "IsIndoors": true,
          "ContinentId": 1116
        },
        {
          "Position": "6740.834 5711.969 151.7408",
          "GroundPosition": "0 0 0",
          "IsGroundPosition": false,
          "IsIndoors": true,
          "ContinentId": 1116
        }
      ],
      "Blackspots": [],
      "ForceLoot": true,
      "ForcePullMobs": false,
      "GameObjectiveIndex": 1,
      "RunTime": 5.0
    },
    {
      "$type": "MoveToTemplate",
      "Hotspots": [
        {
          "Position": "6810.357 5802.375 158.3162",
          "GroundPosition": "0 0 0",
          "IsGroundPosition": false,
          "IsIndoors": true,
          "ContinentId": 1116
        }
      ],
      "PreventMounting": false,
      "GameObjectiveIndex": 2,
      "RunTime": 5.0
    },
    {
      "$type": "KillMobsTemplate",
      "TargetObjects": [
        {
          "Hotspot": {
            "Position": "6806.214 5837.523 156.0641",
            "GroundPosition": "0 0 0",
            "IsGroundPosition": false,
            "IsIndoors": true,
            "ContinentId": 1116
          },
          "Name": "Slavemaster Turgall",
          "EntryId": 72873
        }
      ],
      "HotspotsX": [
        {
          "Position": "6811.933 5822.529 155.5299",
          "GroundPosition": "0 0 0",
          "IsGroundPosition": false,
          "IsIndoors": true,
          "ContinentId": 1116
        }
      ],
      "Blackspots": [],
      "ForceLoot": true,
      "ForcePullMobs": false,
      "GameObjectiveIndex": 2,
      "RunTime": 5.0
    },
    {
      "$type": "CsharpTemplate",
      "CSharpCode": "Vector3 loc = new Vector3(6811.9f, 5822.5f, 155.5f);\r\nif (Me.Distance2DTo(loc) < 50)\r\n{\r\n     while(!CTM(6766.6f, 5786.6f,145.5f))\r\n     {\r\n          yield return 100;\r\n     }\r\n}",
      "GameObjectiveIndex": 3,
      "RunTime": 1.0
    },
    {
      "$type": "CollectObjectsTemplate",
      "TargetObjects": [
        {
          "Hotspot": {
            "Position": "6580.062 5621.502 166.8743",
            "GroundPosition": "0 0 0",
            "IsGroundPosition": false,
            "ContinentId": 1116
          },
          "Name": "Mulverick's Cage",
          "EntryId": 225826
        }
      ],
      "HotspotsX": [
        {
          "Position": "6580.216 5626.08 166.8735",
          "GroundPosition": "0 0 0",
          "IsGroundPosition": false,
          "ContinentId": 1116
        }
      ],
      "Blackspots": [],
      "IsLoot": true,
      "OpeningCast": false,
      "NoMovement": false,
      "GameObjectiveIndex": 3,
      "RunTime": 5.0
    },
    {
      "$type": "WaitTemplate",
      "TimeSeconds": 10.0,
      "GameObjectiveIndex": 0,
      "RunTime": 5.0
    }
  ]
}