{
  "QuestID": 33919,
  "Version": 22,
  "FactionGroup": 1,
  "CreatedOn": "2014-11-14T05:17:29.598Z",
  "UpdatedOn": "2015-12-08T09:50:10.7432903Z",
  "Comment": "",
  "CreatedBy": null,
  "AllowUpdates": false,
  "RecommendedLevel": 91,
  "Frequency": 1,
  "QuestStart": {
    "ObjectName": "Bounty Board",
    "EntryId": 226961,
    "AdditionalEntryIds": null,
    "ContinentId": 1116,
    "ZoneId": 6720,
    "Position": "6790.515 5953.804 260.0365",
    "TurnInType": 1,
    "IsIndoors": true,
    "MyFaction": 0
  },
  "QuestEnd": {
    "ObjectName": "Der'shway",
    "EntryId": 76746,
    "AdditionalEntryIds": null,
    "ContinentId": 1116,
    "ZoneId": 6720,
    "Position": "6790.803 5850.958 258.7224",
    "TurnInType": 0,
    "IsIndoors": true,
    "MyFaction": 1
  },
  "UseScript": true,
  "ScriptText": "{\r\n  \"Children\": [\r\n    {\r\n      \"$type\": \"LoadCSharpScript\",\r\n      \"FileName\": \"QH.cs\"\r\n    },\r\n    {\r\n      \"$type\": \"CSharpAction\",\r\n      \"CSharpCode\": \"// Initializing Instance and Injecting Custom API into Rebot\\r\\nQH.API = this;\"\r\n    },\r\n    {\r\n      \"$type\": \"While\",\r\n      \"LoopActions\": {\r\n        \"Children\": [\r\n          {\r\n            \"$type\": \"If\",\r\n            \"ActionsFalse\": {\r\n              \"Children\": [],\r\n              \"IsSpecialElement\": true,\r\n              \"SpecialElementName\": \"Else\",\r\n              \"GroupName\": \"\"\r\n            },\r\n            \"ActionsTrue\": {\r\n              \"Children\": [\r\n                {\r\n                  \"$type\": \"MoveTo\",\r\n                  \"Hotspot\": {\r\n                    \"Position\": \"6601.334 6501.645 134.9603\",\r\n                    \"GroundPosition\": \"0 0 0\",\r\n                    \"IsGroundPosition\": false,\r\n                    \"ContinentId\": 1116\r\n                  },\r\n                  \"Method\": \"Navi\"\r\n                },\r\n                {\r\n                  \"$type\": \"MoveTo\",\r\n                  \"Hotspot\": {\r\n                    \"Position\": \"6561.984 6534.304 167.9004\",\r\n                    \"GroundPosition\": \"0 0 0\",\r\n                    \"NoMount\": true,\r\n                    \"IsGroundPosition\": false,\r\n                    \"ContinentId\": 1116\r\n                  },\r\n                  \"Method\": \"Navi\"\r\n                },\r\n                {\r\n                  \"$type\": \"MoveTo\",\r\n                  \"Hotspot\": {\r\n                    \"Position\": \"6558.441 6530.355 169.805\",\r\n                    \"GroundPosition\": \"0 0 0\",\r\n                    \"UseCTM\": true,\r\n                    \"NoMount\": true,\r\n                    \"IsGroundPosition\": false,\r\n                    \"ContinentId\": 1116\r\n                  }\r\n                },\r\n                {\r\n                  \"$type\": \"MoveTo\",\r\n                  \"Hotspot\": {\r\n                    \"Position\": \"6566.517 6525.434 171.9899\",\r\n                    \"GroundPosition\": \"6566.517 6525.434 172.2585\",\r\n                    \"UseCTM\": true,\r\n                    \"NoMount\": true,\r\n                    \"IsGroundPosition\": false,\r\n                    \"ContinentId\": 1116\r\n                  }\r\n                }\r\n              ],\r\n              \"IsSpecialElement\": true,\r\n              \"SpecialElementName\": \"Then\",\r\n              \"GroupName\": \"\"\r\n            },\r\n            \"Conditions\": [\r\n              {\r\n                \"Condition\": {\r\n                  \"$type\": \"CSharpCondition\",\r\n                  \"CSharpCode\": \"!QH.IsClose(6588.4f, 6516.6f, 173.5f, 40)\"\r\n                },\r\n                \"IsNot\": false\r\n              },\r\n              {\r\n                \"Condition\": null,\r\n                \"IsNot\": false\r\n              },\r\n              {\r\n                \"Condition\": null,\r\n                \"IsNot\": false\r\n              },\r\n              {\r\n                \"Condition\": null,\r\n                \"IsNot\": false\r\n              }\r\n            ],\r\n            \"IsNot\": false\r\n          },\r\n          {\r\n            \"$type\": \"CSharpAction\",\r\n            \"CSharpCode\": \"QH.Fib = new Fiber<int>(QH.WaitForSpell(161332));\\r\\nwhile(QH.Fib.Run())\\r\\n{\\r\\n\\tyield return 100;\\r\\n}\"\r\n          },\r\n          {\r\n            \"$type\": \"CSharpAction\",\r\n            \"CSharpCode\": \"Me.ClearFocus();\\r\\n\"\r\n          },\r\n          {\r\n            \"$type\": \"Wait\",\r\n            \"Delay\": 0.5,\r\n            \"DelayMax\": 0.0\r\n          },\r\n          {\r\n            \"$type\": \"While\",\r\n            \"LoopActions\": {\r\n              \"Children\": [\r\n                {\r\n                  \"$type\": \"CSharpAction\",\r\n                  \"CSharpCode\": \"foreach (UnitObject unit in Units)\\r\\n{\\r\\n\\tif (unit.EntryID == 76846 && !unit.IsDead)\\r\\n\\t{\\r\\n\\t\\tMe.SetFocus(unit);\\r\\n\\t\\tMe.SetTarget(unit);\\r\\n\\t\\treturn;\\r\\n\\t}\\r\\n}\\r\\n\"\r\n                },\r\n                {\r\n                  \"$type\": \"Wait\",\r\n                  \"Delay\": 0.5,\r\n                  \"DelayMax\": 1.0\r\n                }\r\n              ],\r\n              \"IsSpecialElement\": true,\r\n              \"SpecialElementName\": \"Do\",\r\n              \"GroupName\": \"\"\r\n            },\r\n            \"Conditions\": [\r\n              {\r\n                \"Condition\": {\r\n                  \"$type\": \"CSharpCondition\",\r\n                  \"CSharpCode\": \"Me.Focus == null\"\r\n                },\r\n                \"IsNot\": false\r\n              },\r\n              {\r\n                \"Condition\": null,\r\n                \"IsNot\": false\r\n              },\r\n              {\r\n                \"Condition\": null,\r\n                \"IsNot\": false\r\n              },\r\n              {\r\n                \"Condition\": null,\r\n                \"IsNot\": false\r\n              }\r\n            ],\r\n            \"IsNot\": false\r\n          },\r\n          {\r\n            \"$type\": \"Wait\",\r\n            \"Delay\": 1.0,\r\n            \"DelayMax\": 0.0\r\n          },\r\n          {\r\n            \"$type\": \"MoveTo\",\r\n            \"Hotspot\": {\r\n              \"Position\": \"6581.894 6534.369 173.5485\",\r\n              \"GroundPosition\": \"6581.894 6534.369 173.1759\",\r\n              \"NoMount\": true,\r\n              \"IsGroundPosition\": false,\r\n              \"ContinentId\": 1116\r\n            },\r\n            \"Method\": \"Navi\"\r\n          },\r\n          {\r\n            \"$type\": \"If\",\r\n            \"ActionsFalse\": {\r\n              \"Children\": [],\r\n              \"IsSpecialElement\": true,\r\n              \"SpecialElementName\": \"Else\",\r\n              \"GroupName\": \"\"\r\n            },\r\n            \"ActionsTrue\": {\r\n              \"Children\": [\r\n                {\r\n                  \"$type\": \"Comment\",\r\n                  \"Text\": \"Using Garrison Ability!\",\r\n                  \"Color\": \"64, 128, 128\"\r\n                },\r\n                {\r\n                  \"$type\": \"CSharpAction\",\r\n                  \"CSharpCode\": \"ExecuteLua(\\\"DraenorZoneAbilityFrame:Show(); DraenorZoneAbilityFrame.SpellButton:Click()\\\");\\r\\n\"\r\n                },\r\n                {\r\n                  \"$type\": \"Wait\",\r\n                  \"Delay\": 1.0,\r\n                  \"DelayMax\": 0.0\r\n                }\r\n              ],\r\n              \"IsSpecialElement\": true,\r\n              \"SpecialElementName\": \"Then\",\r\n              \"GroupName\": \"\"\r\n            },\r\n            \"Conditions\": [\r\n              {\r\n                \"Condition\": {\r\n                  \"$type\": \"CSharpCondition\",\r\n                  \"CSharpCode\": \"Me.Focus != null && Me.Focus.EntryID == 76846\"\r\n                },\r\n                \"IsNot\": false\r\n              },\r\n              {\r\n                \"Condition\": null,\r\n                \"IsNot\": false\r\n              },\r\n              {\r\n                \"Condition\": null,\r\n                \"IsNot\": false\r\n              },\r\n              {\r\n                \"Condition\": null,\r\n                \"IsNot\": false\r\n              }\r\n            ],\r\n            \"IsNot\": false\r\n          },\r\n          {\r\n            \"$type\": \"If\",\r\n            \"ActionsFalse\": {\r\n              \"Children\": [],\r\n              \"IsSpecialElement\": true,\r\n              \"SpecialElementName\": \"Else\",\r\n              \"GroupName\": \"\"\r\n            },\r\n            \"ActionsTrue\": {\r\n              \"Children\": [\r\n                {\r\n                  \"$type\": \"CSharpAction\",\r\n                  \"CSharpCode\": \"StartCombat(Me.Focus, \\\"\\\");\\r\\n\"\r\n                }\r\n              ],\r\n              \"IsSpecialElement\": true,\r\n              \"SpecialElementName\": \"Then\",\r\n              \"GroupName\": \"\"\r\n            },\r\n            \"Conditions\": [\r\n              {\r\n                \"Condition\": {\r\n                  \"$type\": \"CSharpCondition\",\r\n                  \"CSharpCode\": \"Me.Focus != null && !Me.Focus.IsDead\"\r\n                },\r\n                \"IsNot\": false\r\n              },\r\n              {\r\n                \"Condition\": null,\r\n                \"IsNot\": false\r\n              },\r\n              {\r\n                \"Condition\": null,\r\n                \"IsNot\": false\r\n              },\r\n              {\r\n                \"Condition\": null,\r\n                \"IsNot\": false\r\n              }\r\n            ],\r\n            \"IsNot\": false\r\n          },\r\n          {\r\n            \"$type\": \"MoveTo\",\r\n            \"Hotspot\": {\r\n              \"Position\": \"6568.209 6528.232 171.9934\",\r\n              \"GroundPosition\": \"0 0 0\",\r\n              \"NoMount\": true,\r\n              \"IsGroundPosition\": false,\r\n              \"ContinentId\": 1116\r\n            },\r\n            \"Method\": \"Navi\"\r\n          },\r\n          {\r\n            \"$type\": \"MoveTo\",\r\n            \"Hotspot\": {\r\n              \"Position\": \"6558.556 6530.641 169.7139\",\r\n              \"GroundPosition\": \"0 0 0\",\r\n              \"UseCTM\": true,\r\n              \"NoMount\": true,\r\n              \"IsGroundPosition\": false,\r\n              \"ContinentId\": 1116\r\n            }\r\n          },\r\n          {\r\n            \"$type\": \"MoveTo\",\r\n            \"Hotspot\": {\r\n              \"Position\": \"6574.727 6542.803 161.0459\",\r\n              \"GroundPosition\": \"0 0 0\",\r\n              \"UseCTM\": true,\r\n              \"NoMount\": true,\r\n              \"IsGroundPosition\": false,\r\n              \"ContinentId\": 1116\r\n            }\r\n          },\r\n          {\r\n            \"$type\": \"MoveTo\",\r\n            \"Hotspot\": {\r\n              \"Position\": \"6600.138 6507.167 134.9437\",\r\n              \"GroundPosition\": \"0 0 0\",\r\n              \"NoMount\": true,\r\n              \"IsGroundPosition\": false,\r\n              \"ContinentId\": 1116\r\n            },\r\n            \"Method\": \"Navi\"\r\n          },\r\n          {\r\n            \"$type\": \"MoveTo\",\r\n            \"Hotspot\": {\r\n              \"Position\": \"6546.394 6278.103 217.2804\",\r\n              \"GroundPosition\": \"6546.394 6278.103 218.1745\",\r\n              \"IsGroundPosition\": false,\r\n              \"ContinentId\": 1116\r\n            },\r\n            \"Method\": \"Navi\"\r\n          }\r\n        ],\r\n        \"IsSpecialElement\": true,\r\n        \"SpecialElementName\": \"Do\",\r\n        \"GroupName\": \"\"\r\n      },\r\n      \"Conditions\": [\r\n        {\r\n          \"Condition\": {\r\n            \"$type\": \"CSharpCondition\",\r\n            \"CSharpCode\": \"!IsQuestInLogAndComplete(33919)\"\r\n          },\r\n          \"IsNot\": false\r\n        },\r\n        {\r\n          \"Condition\": null,\r\n          \"IsNot\": false\r\n        },\r\n        {\r\n          \"Condition\": null,\r\n          \"IsNot\": false\r\n        },\r\n        {\r\n          \"Condition\": null,\r\n          \"IsNot\": false\r\n        }\r\n      ],\r\n      \"IsNot\": false\r\n    }\r\n  ],\r\n  \"GroupName\": \"\"\r\n}",
  "ActionOrder": 1,
  "Actions": []
}