{
  "QuestID": 34124,
  "Version": 113,
  "FactionGroup": 1,
  "CreatedOn": "2014-11-17T03:37:55.1344297Z",
  "UpdatedOn": "2015-08-06T21:44:28.9985805Z",
  "Comment": "",
  "CreatedBy": null,
  "AllowUpdates": false,
  "RecommendedLevel": 92,
  "Frequency": 1,
  "IsStory": true,
  "QuestStart": {
    "ObjectName": "Lokra",
    "EntryId": 76487,
    "AdditionalEntryIds": null,
    "ContinentId": 1116,
    "ZoneId": 6720,
    "Position": "5876.698 3016.414 184.9595",
    "TurnInType": 0,
    "MyFaction": 1
  },
  "QuestEnd": {
    "ObjectName": "Durotan",
    "EntryId": 76484,
    "AdditionalEntryIds": null,
    "ContinentId": 1203,
    "ZoneId": 6720,
    "Position": "6025.898 2850.042 200.3632",
    "TurnInType": 0,
    "MyFaction": 1
  },
  "UseScript": true,
  "ScriptText": "{\r\n  \"Children\": [\r\n    {\r\n      \"$type\": \"While\",\r\n      \"LoopActions\": {\r\n        \"Children\": [\r\n          {\r\n            \"$type\": \"While\",\r\n            \"LoopActions\": {\r\n              \"Children\": [\r\n                {\r\n                  \"$type\": \"MoveTo\",\r\n                  \"Hotspot\": {\r\n                    \"Position\": \"6002.324 2921.471 184.734\",\r\n                    \"GroundPosition\": \"0 0 0\",\r\n                    \"IsGroundPosition\": false,\r\n                    \"ContinentId\": 1203\r\n                  },\r\n                  \"Method\": \"Navi\"\r\n                },\r\n                {\r\n                  \"$type\": \"Wait\",\r\n                  \"Delay\": 1.0,\r\n                  \"DelayMax\": 0.0\r\n                },\r\n                {\r\n                  \"$type\": \"Interact\",\r\n                  \"Target\": {\r\n                    \"Name\": \"Durotan\",\r\n                    \"EntryId\": 76484\r\n                  },\r\n                  \"NumOfTimes\": 0\r\n                },\r\n                {\r\n                  \"$type\": \"Wait\",\r\n                  \"Delay\": 1.0,\r\n                  \"DelayMax\": 0.0\r\n                }\r\n              ],\r\n              \"IsSpecialElement\": true,\r\n              \"SpecialElementName\": \"Do\",\r\n              \"GroupName\": \"\"\r\n            },\r\n            \"Condition\": {\r\n              \"$type\": \"IsQuestObjectiveComplete\",\r\n              \"QuestId\": 34124,\r\n              \"ObjectiveIndex\": 1\r\n            },\r\n            \"IsNot\": true,\r\n            \"CheckFrequently\": true\r\n          },\r\n          {\r\n            \"$type\": \"Comment\",\r\n            \"Text\": \"Stage 1: The Battle Begins\",\r\n            \"Color\": \"64, 128, 128\"\r\n          },\r\n          {\r\n            \"$type\": \"While\",\r\n            \"LoopActions\": {\r\n              \"Children\": [\r\n                {\r\n                  \"$type\": \"GossipTemplateScriptAction\",\r\n                  \"Template\": {\r\n                    \"$type\": \"GossipInteractionTemplate\",\r\n                    \"TargetObjects\": [\r\n                      {\r\n                        \"Hotspot\": {\r\n                          \"Position\": \"6001.139 2920.923 184.5196\",\r\n                          \"GroundPosition\": \"0 0 0\",\r\n                          \"IsGroundPosition\": false,\r\n                          \"ContinentId\": 1203\r\n                        },\r\n                        \"Name\": \"Durotan\",\r\n                        \"EntryId\": 76484\r\n                      }\r\n                    ],\r\n                    \"HotspotsX\": [],\r\n                    \"GossipIndex\": 1,\r\n                    \"Dismount\": false,\r\n                    \"GameObjectiveIndex\": 1,\r\n                    \"RunTime\": 5.0\r\n                  },\r\n                  \"TimeLimit\": 0\r\n                },\r\n                {\r\n                  \"$type\": \"Wait\",\r\n                  \"Delay\": 1.0,\r\n                  \"DelayMax\": 1.0\r\n                }\r\n              ],\r\n              \"IsSpecialElement\": true,\r\n              \"SpecialElementName\": \"Do\",\r\n              \"GroupName\": \"\"\r\n            },\r\n            \"Condition\": {\r\n              \"$type\": \"CSharpCondition\",\r\n              \"CSharpCode\": \"int progress = 1;\\r\\nint stage = ExecuteLua<int>(\\\"local _, currentStage = C_Scenario.GetInfo(); return currentStage;\\\");\\r\\nif (stage == progress)\\r\\n{\\r\\n\\treturn true;\\r\\n}\\r\\nreturn false;\"\r\n            },\r\n            \"IsNot\": false,\r\n            \"CheckFrequently\": true\r\n          },\r\n          {\r\n            \"$type\": \"Comment\",\r\n            \"Text\": \"Stage 2: Hold the Choke Point\",\r\n            \"Color\": \"64, 128, 128\"\r\n          },\r\n          {\r\n            \"$type\": \"MoveTo\",\r\n            \"Hotspot\": {\r\n              \"Position\": \"6031.71 2826.884 200.4093\",\r\n              \"GroundPosition\": \"0 0 0\",\r\n              \"IsGroundPosition\": false,\r\n              \"ContinentId\": 1203\r\n            },\r\n            \"Method\": \"Navi\"\r\n          },\r\n          {\r\n            \"$type\": \"If\",\r\n            \"ActionsFalse\": {\r\n              \"Children\": [],\r\n              \"IsSpecialElement\": true,\r\n              \"SpecialElementName\": \"Else\",\r\n              \"GroupName\": \"\"\r\n            },\r\n            \"ActionsTrue\": {\r\n              \"Children\": [\r\n                {\r\n                  \"$type\": \"If\",\r\n                  \"ActionsFalse\": {\r\n                    \"Children\": [\r\n                      {\r\n                        \"$type\": \"If\",\r\n                        \"ActionsFalse\": {\r\n                          \"Children\": [\r\n                            {\r\n                              \"$type\": \"If\",\r\n                              \"ActionsFalse\": {\r\n                                \"Children\": [],\r\n                                \"IsExtendedInEditor\": false,\r\n                                \"IsSpecialElement\": true,\r\n                                \"SpecialElementName\": \"Else\",\r\n                                \"GroupName\": \"\"\r\n                              },\r\n                              \"ActionsTrue\": {\r\n                                \"Children\": [\r\n                                  {\r\n                                    \"$type\": \"UseItemTemplateScriptAction\",\r\n                                    \"Template\": {\r\n                                      \"$type\": \"UseItemTemplate\",\r\n                                      \"UseMethod\": 0,\r\n                                      \"OverrideCooldown\": 0.0,\r\n                                      \"OverrideCastTime\": 0.0,\r\n                                      \"StayMounted\": false,\r\n                                      \"MinCastRange\": 4.5,\r\n                                      \"DontFilterDeadUnits\": false,\r\n                                      \"UseCount\": 1,\r\n                                      \"TargetUnits\": [],\r\n                                      \"HotspotsX\": [],\r\n                                      \"Blackspots\": [],\r\n                                      \"Item\": [\r\n                                        {\r\n                                          \"Name\": \"Banner of Cooperation\",\r\n                                          \"EntryId\": 64400\r\n                                        }\r\n                                      ],\r\n                                      \"BanTime\": 120.0,\r\n                                      \"BanMobCombatAfterUse\": false,\r\n                                      \"GameObjectiveIndex\": 1,\r\n                                      \"RunTime\": 5.0\r\n                                    },\r\n                                    \"TimeLimit\": 0\r\n                                  },\r\n                                  {\r\n                                    \"$type\": \"Comment\",\r\n                                    \"Text\": \"Using \\\"Banner of Cooperation\\\"\",\r\n                                    \"Color\": \"64, 128, 128\"\r\n                                  }\r\n                                ],\r\n                                \"IsSpecialElement\": true,\r\n                                \"SpecialElementName\": \"Then\",\r\n                                \"GroupName\": \"\"\r\n                              },\r\n                              \"Condition\": {\r\n                                \"$type\": \"CSharpCondition\",\r\n                                \"CSharpCode\": \"HasItem(64400) && ItemCooldown(64400) == 0\"\r\n                              },\r\n                              \"IsNot\": false\r\n                            }\r\n                          ],\r\n                          \"IsSpecialElement\": true,\r\n                          \"SpecialElementName\": \"Else\",\r\n                          \"GroupName\": \"\"\r\n                        },\r\n                        \"ActionsTrue\": {\r\n                          \"Children\": [\r\n                            {\r\n                              \"$type\": \"Comment\",\r\n                              \"Text\": \"Using \\\"Standard of Unity\\\"\",\r\n                              \"Color\": \"64, 128, 128\"\r\n                            },\r\n                            {\r\n                              \"$type\": \"UseItemTemplateScriptAction\",\r\n                              \"Template\": {\r\n                                \"$type\": \"UseItemTemplate\",\r\n                                \"UseMethod\": 0,\r\n                                \"OverrideCooldown\": 0.0,\r\n                                \"OverrideCastTime\": 0.0,\r\n                                \"StayMounted\": false,\r\n                                \"MinCastRange\": 4.5,\r\n                                \"DontFilterDeadUnits\": false,\r\n                                \"UseCount\": 1,\r\n                                \"TargetUnits\": [],\r\n                                \"HotspotsX\": [],\r\n                                \"Blackspots\": [],\r\n                                \"Item\": [\r\n                                  {\r\n                                    \"Name\": \"Standard of Unity\",\r\n                                    \"EntryId\": 64401\r\n                                  }\r\n                                ],\r\n                                \"BanTime\": 120.0,\r\n                                \"BanMobCombatAfterUse\": false,\r\n                                \"GameObjectiveIndex\": 1,\r\n                                \"RunTime\": 5.0\r\n                              },\r\n                              \"TimeLimit\": 0\r\n                            }\r\n                          ],\r\n                          \"IsSpecialElement\": true,\r\n                          \"SpecialElementName\": \"Then\",\r\n                          \"GroupName\": \"\"\r\n                        },\r\n                        \"Condition\": {\r\n                          \"$type\": \"CSharpCondition\",\r\n                          \"CSharpCode\": \"HasItem(64401) && ItemCooldown(64401) == 0\"\r\n                        },\r\n                        \"IsNot\": false\r\n                      }\r\n                    ],\r\n                    \"IsSpecialElement\": true,\r\n                    \"SpecialElementName\": \"Else\",\r\n                    \"GroupName\": \"\"\r\n                  },\r\n                  \"ActionsTrue\": {\r\n                    \"Children\": [\r\n                      {\r\n                        \"$type\": \"Comment\",\r\n                        \"Text\": \"Using \\\"Battle Standard of Coordination\\\"\",\r\n                        \"Color\": \"64, 128, 128\"\r\n                      },\r\n                      {\r\n                        \"$type\": \"UseItemTemplateScriptAction\",\r\n                        \"Template\": {\r\n                          \"$type\": \"UseItemTemplate\",\r\n                          \"UseMethod\": 0,\r\n                          \"OverrideCooldown\": 0.0,\r\n                          \"OverrideCastTime\": 0.0,\r\n                          \"StayMounted\": false,\r\n                          \"MinCastRange\": 4.5,\r\n                          \"DontFilterDeadUnits\": false,\r\n                          \"UseCount\": 1,\r\n                          \"TargetUnits\": [],\r\n                          \"HotspotsX\": [],\r\n                          \"Blackspots\": [],\r\n                          \"Item\": [\r\n                            {\r\n                              \"Name\": \"Battle Standard of Coordination\",\r\n                              \"EntryId\": 64402\r\n                            }\r\n                          ],\r\n                          \"BanTime\": 120.0,\r\n                          \"BanMobCombatAfterUse\": false,\r\n                          \"GameObjectiveIndex\": 1,\r\n                          \"RunTime\": 5.0\r\n                        },\r\n                        \"TimeLimit\": 0\r\n                      }\r\n                    ],\r\n                    \"IsSpecialElement\": true,\r\n                    \"SpecialElementName\": \"Then\",\r\n                    \"GroupName\": \"\"\r\n                  },\r\n                  \"Condition\": {\r\n                    \"$type\": \"CSharpCondition\",\r\n                    \"CSharpCode\": \"HasItem(64402) && ItemCooldown(64402) == 0\"\r\n                  },\r\n                  \"IsNot\": false\r\n                }\r\n              ],\r\n              \"IsSpecialElement\": true,\r\n              \"SpecialElementName\": \"Then\",\r\n              \"GroupName\": \"\"\r\n            },\r\n            \"Condition\": {\r\n              \"$type\": \"CSharpCondition\",\r\n              \"CSharpCode\": \"Me.Level < 100\"\r\n            },\r\n            \"IsNot\": false\r\n          },\r\n          {\r\n            \"$type\": \"While\",\r\n            \"LoopActions\": {\r\n              \"Children\": [\r\n                {\r\n                  \"$type\": \"FollowTemplateScriptAction\",\r\n                  \"Template\": {\r\n                    \"$type\": \"FollowTemplate\",\r\n                    \"FollowObject\": {\r\n                      \"Hotspot\": {\r\n                        \"Position\": \"6028.434 2851.073 200.4782\",\r\n                        \"GroundPosition\": \"0 0 0\",\r\n                        \"IsGroundPosition\": false,\r\n                        \"ContinentId\": 1203\r\n                      },\r\n                      \"Name\": \"Thrall\",\r\n                      \"EntryId\": 76488\r\n                    },\r\n                    \"CustomStopWhenIDAppears\": \"\",\r\n                    \"GameObjectiveIndex\": 1,\r\n                    \"RunTime\": 120.0\r\n                  },\r\n                  \"TimeLimit\": 5\r\n                },\r\n                {\r\n                  \"$type\": \"Wait\",\r\n                  \"Delay\": 1.0,\r\n                  \"DelayMax\": 1.0\r\n                }\r\n              ],\r\n              \"IsSpecialElement\": true,\r\n              \"SpecialElementName\": \"Do\",\r\n              \"GroupName\": \"\"\r\n            },\r\n            \"Condition\": {\r\n              \"$type\": \"CSharpCondition\",\r\n              \"CSharpCode\": \"int progress = 2;\\r\\nint stage = ExecuteLua<int>(\\\"local _, currentStage = C_Scenario.GetInfo(); return currentStage;\\\");\\r\\nbool result = false;\\r\\nif (stage == progress)\\r\\n{\\r\\n\\tresult = true;\\r\\n}\\r\\nreturn result;\"\r\n            },\r\n            \"IsNot\": false,\r\n            \"CheckFrequently\": true\r\n          },\r\n          {\r\n            \"$type\": \"Comment\",\r\n            \"Text\": \"Stage 3: The Iron Clusterpult\",\r\n            \"Color\": \"64, 128, 128\"\r\n          },\r\n          {\r\n            \"$type\": \"If\",\r\n            \"ActionsFalse\": {\r\n              \"Children\": [],\r\n              \"IsSpecialElement\": true,\r\n              \"SpecialElementName\": \"Else\",\r\n              \"GroupName\": \"\"\r\n            },\r\n            \"ActionsTrue\": {\r\n              \"Children\": [\r\n                {\r\n                  \"$type\": \"CSharpAction\",\r\n                  \"CSharpCode\": \"DisableCombat = true;\\r\\nMe.ClearFocus();\\r\\n\"\r\n                },\r\n                {\r\n                  \"$type\": \"MoveTo\",\r\n                  \"Hotspot\": {\r\n                    \"Position\": \"6067.627 2786.554 204.4014\",\r\n                    \"GroundPosition\": \"0 0 0\",\r\n                    \"IsGroundPosition\": false,\r\n                    \"ContinentId\": 1203\r\n                  },\r\n                  \"Method\": \"Navi\"\r\n                },\r\n                {\r\n                  \"$type\": \"Comment\",\r\n                  \"Text\": \"This Guy Hits Hard for Melee... Let's Give Thrall a Few Seconds to Get Here...\",\r\n                  \"Color\": \"64, 128, 128\"\r\n                },\r\n                {\r\n                  \"$type\": \"Wait\",\r\n                  \"Delay\": 16.0,\r\n                  \"DelayMax\": 18.0\r\n                }\r\n              ],\r\n              \"IsSpecialElement\": true,\r\n              \"SpecialElementName\": \"Then\",\r\n              \"GroupName\": \"\"\r\n            },\r\n            \"Condition\": {\r\n              \"$type\": \"CSharpCondition\",\r\n              \"CSharpCode\": \"int progress = 3;\\r\\nint stage = ExecuteLua<int>(\\\"local _, currentStage = C_Scenario.GetInfo(); return currentStage;\\\");\\r\\nbool result = false;\\r\\nif (stage == progress)\\r\\n{\\r\\n\\tresult = true;\\r\\n}\\r\\nreturn result;\"\r\n            },\r\n            \"IsNot\": false\r\n          },\r\n          {\r\n            \"$type\": \"While\",\r\n            \"LoopActions\": {\r\n              \"Children\": [\r\n                {\r\n                  \"$type\": \"If\",\r\n                  \"ActionsFalse\": {\r\n                    \"Children\": [],\r\n                    \"IsSpecialElement\": true,\r\n                    \"SpecialElementName\": \"Else\",\r\n                    \"GroupName\": \"\"\r\n                  },\r\n                  \"ActionsTrue\": {\r\n                    \"Children\": [\r\n                      {\r\n                        \"$type\": \"CSharpAction\",\r\n                        \"CSharpCode\": \"foreach (UnitObject unit in Units)\\r\\n{\\r\\n\\tif (unit.EntryID == 76629 && !unit.IsDead)\\r\\n\\t{\\r\\n\\t\\tMe.SetFocus(unit);\\r\\n\\t\\tMe.SetTarget(unit);\\r\\n\\t\\treturn;\\r\\n\\t}\\r\\n}\\r\\n\"\r\n                      },\r\n                      {\r\n                        \"$type\": \"Wait\",\r\n                        \"Delay\": 0.5,\r\n                        \"DelayMax\": 1.0\r\n                      }\r\n                    ],\r\n                    \"IsSpecialElement\": true,\r\n                    \"SpecialElementName\": \"Then\",\r\n                    \"GroupName\": \"\"\r\n                  },\r\n                  \"Condition\": {\r\n                    \"$type\": \"CSharpCondition\",\r\n                    \"CSharpCode\": \"Me.Focus == null\"\r\n                  },\r\n                  \"IsNot\": false\r\n                },\r\n                {\r\n                  \"$type\": \"If\",\r\n                  \"ActionsFalse\": {\r\n                    \"Children\": [],\r\n                    \"IsSpecialElement\": true,\r\n                    \"SpecialElementName\": \"Else\",\r\n                    \"GroupName\": \"\"\r\n                  },\r\n                  \"ActionsTrue\": {\r\n                    \"Children\": [\r\n                      {\r\n                        \"$type\": \"CSharpAction\",\r\n                        \"CSharpCode\": \"while (Me.Focus.Distance2D > 13) {\\r\\n\\tCTM(Me.Focus.Position);\\r\\n\\tyield return 100;\\r\\n}\\r\\n\\r\\nExecuteLua(\\\"DraenorZoneAbilityFrame:Show(); DraenorZoneAbilityFrame.SpellButton:Click()\\\");\"\r\n                      }\r\n                    ],\r\n                    \"IsSpecialElement\": true,\r\n                    \"SpecialElementName\": \"Then\",\r\n                    \"GroupName\": \"\"\r\n                  },\r\n                  \"Condition\": {\r\n                    \"$type\": \"CSharpCondition\",\r\n                    \"CSharpCode\": \"Me.Focus != null && !Me.Focus.IsDead\"\r\n                  },\r\n                  \"IsNot\": false\r\n                },\r\n                {\r\n                  \"$type\": \"CSharpAction\",\r\n                  \"CSharpCode\": \"DisableCombat = false;\\r\\n\"\r\n                },\r\n                {\r\n                  \"$type\": \"KillMobsTemplateScriptAction\",\r\n                  \"Template\": {\r\n                    \"$type\": \"KillMobsTemplate\",\r\n                    \"TargetObjects\": [\r\n                      {\r\n                        \"Name\": \"Iron Clusterpult\",\r\n                        \"EntryId\": 76629,\r\n                        \"CSharpCode\": \"\"\r\n                      }\r\n                    ],\r\n                    \"HotspotsX\": [],\r\n                    \"Blackspots\": [],\r\n                    \"ForceLoot\": false,\r\n                    \"ForcePullMobs\": false,\r\n                    \"GameObjectiveIndex\": 1,\r\n                    \"RunTime\": 5.0\r\n                  },\r\n                  \"TimeLimit\": 10\r\n                },\r\n                {\r\n                  \"$type\": \"Wait\",\r\n                  \"Delay\": 1.0,\r\n                  \"DelayMax\": 1.0\r\n                }\r\n              ],\r\n              \"IsSpecialElement\": true,\r\n              \"SpecialElementName\": \"Do\",\r\n              \"GroupName\": \"\"\r\n            },\r\n            \"Condition\": {\r\n              \"$type\": \"CSharpCondition\",\r\n              \"CSharpCode\": \"int progress = 3;\\r\\nint stage = ExecuteLua<int>(\\\"local _, currentStage = C_Scenario.GetInfo(); return currentStage;\\\");\\r\\nbool result = false;\\r\\nif (stage == progress)\\r\\n{\\r\\n\\tresult = true;\\r\\n}\\r\\nreturn result;\"\r\n            },\r\n            \"IsNot\": false,\r\n            \"CheckFrequently\": true\r\n          },\r\n          {\r\n            \"$type\": \"Comment\",\r\n            \"Text\": \"Stage 4: A Good Defense\",\r\n            \"Color\": \"64, 128, 128\"\r\n          },\r\n          {\r\n            \"$type\": \"If\",\r\n            \"ActionsFalse\": {\r\n              \"Children\": [],\r\n              \"IsSpecialElement\": true,\r\n              \"SpecialElementName\": \"Else\",\r\n              \"GroupName\": \"\"\r\n            },\r\n            \"ActionsTrue\": {\r\n              \"Children\": [\r\n                {\r\n                  \"$type\": \"CSharpAction\",\r\n                  \"CSharpCode\": \"DisableCombat = true;\\r\\n\"\r\n                },\r\n                {\r\n                  \"$type\": \"MoveTo\",\r\n                  \"Hotspot\": {\r\n                    \"Position\": \"6025.103 2850.948 200.3574\",\r\n                    \"GroundPosition\": \"0 0 0\",\r\n                    \"IsGroundPosition\": false,\r\n                    \"ContinentId\": 1203\r\n                  },\r\n                  \"Method\": \"Navi\"\r\n                },\r\n                {\r\n                  \"$type\": \"CSharpAction\",\r\n                  \"CSharpCode\": \"DisableCombat = false;\\r\\n\"\r\n                }\r\n              ],\r\n              \"IsSpecialElement\": true,\r\n              \"SpecialElementName\": \"Then\",\r\n              \"GroupName\": \"\"\r\n            },\r\n            \"Condition\": {\r\n              \"$type\": \"CSharpCondition\",\r\n              \"CSharpCode\": \"int progress = 4;\\r\\nint stage = ExecuteLua<int>(\\\"local _, currentStage = C_Scenario.GetInfo(); return currentStage;\\\");\\r\\nbool result = false;\\r\\nif (stage == progress)\\r\\n{\\r\\n\\tresult = true;\\r\\n}\\r\\nreturn result;\"\r\n            },\r\n            \"IsNot\": false\r\n          },\r\n          {\r\n            \"$type\": \"While\",\r\n            \"LoopActions\": {\r\n              \"Children\": [\r\n                {\r\n                  \"$type\": \"FollowTemplateScriptAction\",\r\n                  \"Template\": {\r\n                    \"$type\": \"FollowTemplate\",\r\n                    \"FollowObject\": {\r\n                      \"Hotspot\": {\r\n                        \"Position\": \"6024.356 2844.901 200.5132\",\r\n                        \"GroundPosition\": \"0 0 0\",\r\n                        \"IsGroundPosition\": false,\r\n                        \"ContinentId\": 1203\r\n                      },\r\n                      \"Name\": \"Thrall\",\r\n                      \"EntryId\": 76488\r\n                    },\r\n                    \"CustomStopWhenIDAppears\": \"\",\r\n                    \"GameObjectiveIndex\": 1,\r\n                    \"RunTime\": 120.0\r\n                  },\r\n                  \"TimeLimit\": 5\r\n                },\r\n                {\r\n                  \"$type\": \"Wait\",\r\n                  \"Delay\": 1.0,\r\n                  \"DelayMax\": 1.0\r\n                }\r\n              ],\r\n              \"IsSpecialElement\": true,\r\n              \"SpecialElementName\": \"Do\",\r\n              \"GroupName\": \"\"\r\n            },\r\n            \"Condition\": {\r\n              \"$type\": \"CSharpCondition\",\r\n              \"CSharpCode\": \"int progress = 4;\\r\\nint stage = ExecuteLua<int>(\\\"local _, currentStage = C_Scenario.GetInfo(); return currentStage;\\\");\\r\\nbool result = false;\\r\\nif (stage == progress)\\r\\n{\\r\\n\\tresult = true;\\r\\n}\\r\\nreturn result;\"\r\n            },\r\n            \"IsNot\": false,\r\n            \"CheckFrequently\": true\r\n          },\r\n          {\r\n            \"$type\": \"Comment\",\r\n            \"Text\": \"Stage 5: Defending Drek'thar\",\r\n            \"Color\": \"64, 128, 128\"\r\n          },\r\n          {\r\n            \"$type\": \"If\",\r\n            \"ActionsFalse\": {\r\n              \"Children\": [],\r\n              \"IsSpecialElement\": true,\r\n              \"SpecialElementName\": \"Else\",\r\n              \"GroupName\": \"\"\r\n            },\r\n            \"ActionsTrue\": {\r\n              \"Children\": [\r\n                {\r\n                  \"$type\": \"CSharpAction\",\r\n                  \"CSharpCode\": \"DisableCombat = true;\\r\\n\"\r\n                },\r\n                {\r\n                  \"$type\": \"MoveTo\",\r\n                  \"Hotspot\": {\r\n                    \"Position\": \"6011.256 2788.208 212.9928\",\r\n                    \"GroundPosition\": \"0 0 0\",\r\n                    \"IsGroundPosition\": false,\r\n                    \"ContinentId\": 1203\r\n                  },\r\n                  \"Method\": \"Navi\"\r\n                }\r\n              ],\r\n              \"IsSpecialElement\": true,\r\n              \"SpecialElementName\": \"Then\",\r\n              \"GroupName\": \"\"\r\n            },\r\n            \"Condition\": {\r\n              \"$type\": \"CSharpCondition\",\r\n              \"CSharpCode\": \"int progress = 5;\\r\\nint stage = ExecuteLua<int>(\\\"local _, currentStage = C_Scenario.GetInfo(); return currentStage;\\\");\\r\\nbool result = false;\\r\\nif (stage == progress)\\r\\n{\\r\\n\\tresult = true;\\r\\n}\\r\\nreturn result;\"\r\n            },\r\n            \"IsNot\": false\r\n          },\r\n          {\r\n            \"$type\": \"While\",\r\n            \"LoopActions\": {\r\n              \"Children\": [\r\n                {\r\n                  \"$type\": \"CSharpAction\",\r\n                  \"CSharpCode\": \"DisableCombat = false;\\r\\n\"\r\n                },\r\n                {\r\n                  \"$type\": \"FollowTemplateScriptAction\",\r\n                  \"Template\": {\r\n                    \"$type\": \"FollowTemplate\",\r\n                    \"FollowObject\": {\r\n                      \"Hotspot\": {\r\n                        \"Position\": \"6022.722 2798.719 201.7643\",\r\n                        \"GroundPosition\": \"0 0 0\",\r\n                        \"IsGroundPosition\": false,\r\n                        \"ContinentId\": 1203\r\n                      },\r\n                      \"Name\": \"Ga'nar\",\r\n                      \"EntryId\": 76486\r\n                    },\r\n                    \"CustomStopWhenIDAppears\": \"\",\r\n                    \"GameObjectiveIndex\": 1,\r\n                    \"RunTime\": 120.0\r\n                  },\r\n                  \"TimeLimit\": 5\r\n                },\r\n                {\r\n                  \"$type\": \"MoveTo\",\r\n                  \"Hotspot\": {\r\n                    \"Position\": \"6005.526 2771.797 222.6414\",\r\n                    \"GroundPosition\": \"0 0 0\",\r\n                    \"UseCTM\": true,\r\n                    \"NoMount\": true,\r\n                    \"IsGroundPosition\": false,\r\n                    \"ContinentId\": 1203\r\n                  }\r\n                },\r\n                {\r\n                  \"$type\": \"Wait\",\r\n                  \"Delay\": 1.0,\r\n                  \"DelayMax\": 1.0\r\n                }\r\n              ],\r\n              \"IsSpecialElement\": true,\r\n              \"SpecialElementName\": \"Do\",\r\n              \"GroupName\": \"\"\r\n            },\r\n            \"Condition\": {\r\n              \"$type\": \"CSharpCondition\",\r\n              \"CSharpCode\": \"int progress = 5;\\r\\nint stage = ExecuteLua<int>(\\\"local _, currentStage = C_Scenario.GetInfo(); return currentStage;\\\");\\r\\nbool result = false;\\r\\nif (stage == progress)\\r\\n{\\r\\n\\tresult = true;\\r\\n}\\r\\nreturn result;\"\r\n            },\r\n            \"IsNot\": false,\r\n            \"CheckFrequently\": true\r\n          },\r\n          {\r\n            \"$type\": \"Comment\",\r\n            \"Text\": \"Stage 6: Iron Thunderlords\",\r\n            \"Color\": \"64, 128, 128\"\r\n          },\r\n          {\r\n            \"$type\": \"If\",\r\n            \"ActionsFalse\": {\r\n              \"Children\": [],\r\n              \"IsSpecialElement\": true,\r\n              \"SpecialElementName\": \"Else\",\r\n              \"GroupName\": \"\"\r\n            },\r\n            \"ActionsTrue\": {\r\n              \"Children\": [\r\n                {\r\n                  \"$type\": \"CSharpAction\",\r\n                  \"CSharpCode\": \"DisableCombat = true;\\r\\n\"\r\n                },\r\n                {\r\n                  \"$type\": \"MoveTo\",\r\n                  \"Hotspot\": {\r\n                    \"Position\": \"6024.996 2799.16 201.0294\",\r\n                    \"GroundPosition\": \"0 0 0\",\r\n                    \"UseCTM\": true,\r\n                    \"IsGroundPosition\": false,\r\n                    \"ContinentId\": 1203\r\n                  }\r\n                },\r\n                {\r\n                  \"$type\": \"MoveTo\",\r\n                  \"Hotspot\": {\r\n                    \"Position\": \"6013.423 2901.512 192.5734\",\r\n                    \"GroundPosition\": \"6013.423 2901.512 192.8653\",\r\n                    \"IsGroundPosition\": false,\r\n                    \"ContinentId\": 1203\r\n                  },\r\n                  \"Method\": \"Navi\"\r\n                },\r\n                {\r\n                  \"$type\": \"Wait\",\r\n                  \"Delay\": 8.0,\r\n                  \"DelayMax\": 10.0\r\n                },\r\n                {\r\n                  \"$type\": \"CSharpAction\",\r\n                  \"CSharpCode\": \"DisableCombat = false;\\r\\n\"\r\n                }\r\n              ],\r\n              \"IsSpecialElement\": true,\r\n              \"SpecialElementName\": \"Then\",\r\n              \"GroupName\": \"\"\r\n            },\r\n            \"Condition\": {\r\n              \"$type\": \"CSharpCondition\",\r\n              \"CSharpCode\": \"int progress = 6;\\r\\nint stage = ExecuteLua<int>(\\\"local _, currentStage = C_Scenario.GetInfo(); return currentStage;\\\");\\r\\nbool result = false;\\r\\nif (stage == progress)\\r\\n{\\r\\n\\tresult = true;\\r\\n}\\r\\nreturn result;\"\r\n            },\r\n            \"IsNot\": false\r\n          },\r\n          {\r\n            \"$type\": \"While\",\r\n            \"LoopActions\": {\r\n              \"Children\": [\r\n                {\r\n                  \"$type\": \"If\",\r\n                  \"ActionsFalse\": {\r\n                    \"Children\": [],\r\n                    \"IsSpecialElement\": true,\r\n                    \"SpecialElementName\": \"Else\",\r\n                    \"GroupName\": \"\"\r\n                  },\r\n                  \"ActionsTrue\": {\r\n                    \"Children\": [\r\n                      {\r\n                        \"$type\": \"CSharpAction\",\r\n                        \"CSharpCode\": \"foreach (UnitObject unit in Units)\\r\\n{\\r\\n\\tif (unit.EntryID == 76624 && !unit.IsDead)\\r\\n\\t{\\r\\n\\t\\tMe.SetFocus(unit);\\r\\n\\t\\tMe.SetTarget(unit);\\r\\n\\t\\treturn;\\r\\n\\t}\\r\\n}\\r\\n\"\r\n                      },\r\n                      {\r\n                        \"$type\": \"Wait\",\r\n                        \"Delay\": 0.5,\r\n                        \"DelayMax\": 1.0\r\n                      }\r\n                    ],\r\n                    \"IsSpecialElement\": true,\r\n                    \"SpecialElementName\": \"Then\",\r\n                    \"GroupName\": \"\"\r\n                  },\r\n                  \"Condition\": {\r\n                    \"$type\": \"CSharpCondition\",\r\n                    \"CSharpCode\": \"Me.Focus == null\"\r\n                  },\r\n                  \"IsNot\": false\r\n                },\r\n                {\r\n                  \"$type\": \"If\",\r\n                  \"ActionsFalse\": {\r\n                    \"Children\": [],\r\n                    \"IsSpecialElement\": true,\r\n                    \"SpecialElementName\": \"Else\",\r\n                    \"GroupName\": \"\"\r\n                  },\r\n                  \"ActionsTrue\": {\r\n                    \"Children\": [\r\n                      {\r\n                        \"$type\": \"CSharpAction\",\r\n                        \"CSharpCode\": \"DisableCombat = true;\\r\\n\"\r\n                      },\r\n                      {\r\n                        \"$type\": \"Comment\",\r\n                        \"Text\": \"High Damage! Let's Stand Behind the Barrage for a Moment!\",\r\n                        \"Color\": \"Red\"\r\n                      },\r\n                      {\r\n                        \"$type\": \"MoveTo\",\r\n                        \"Hotspot\": {\r\n                          \"Position\": \"6013.423 2901.512 192.5734\",\r\n                          \"GroundPosition\": \"6013.423 2901.512 192.8653\",\r\n                          \"IsGroundPosition\": false,\r\n                          \"ContinentId\": 1203\r\n                        },\r\n                        \"Method\": \"Navi\"\r\n                      },\r\n                      {\r\n                        \"$type\": \"CSharpAction\",\r\n                        \"CSharpCode\": \"DisableCombat = false;\\r\\n\"\r\n                      }\r\n                    ],\r\n                    \"IsSpecialElement\": true,\r\n                    \"SpecialElementName\": \"Then\",\r\n                    \"GroupName\": \"\"\r\n                  },\r\n                  \"Condition\": {\r\n                    \"$type\": \"CSharpCondition\",\r\n                    \"CSharpCode\": \"Me.Focus != null && !Me.Focus.IsDead;\"\r\n                  },\r\n                  \"IsNot\": false\r\n                },\r\n                {\r\n                  \"$type\": \"While\",\r\n                  \"LoopActions\": {\r\n                    \"Children\": [\r\n                      {\r\n                        \"$type\": \"Wait\",\r\n                        \"Delay\": 1.0,\r\n                        \"DelayMax\": 1.0\r\n                      }\r\n                    ],\r\n                    \"IsSpecialElement\": true,\r\n                    \"SpecialElementName\": \"Do\",\r\n                    \"GroupName\": \"\"\r\n                  },\r\n                  \"Condition\": {\r\n                    \"$type\": \"CSharpCondition\",\r\n                    \"CSharpCode\": \"Vector3 distance = new Vector3(6023.2f, 2866.6f, 200f);\\r\\nif (Me.Focus != null && !Me.Focus.IsDead && Me.Focus.Distance2DTo(distance) > 25)\\r\\n{\\r\\n    return true;\\r\\n}\\r\\nreturn false;\"\r\n                  },\r\n                  \"IsNot\": false,\r\n                  \"CheckFrequently\": true\r\n                },\r\n                {\r\n                  \"$type\": \"While\",\r\n                  \"LoopActions\": {\r\n                    \"Children\": [\r\n                      {\r\n                        \"$type\": \"KillMobsTemplateScriptAction\",\r\n                        \"Template\": {\r\n                          \"$type\": \"KillMobsTemplate\",\r\n                          \"TargetObjects\": [\r\n                            {\r\n                              \"Hotspot\": {\r\n                                \"Position\": \"6021.86 2886.069 198.0637\",\r\n                                \"GroundPosition\": \"0 0 0\",\r\n                                \"IsGroundPosition\": false,\r\n                                \"ContinentId\": 1203\r\n                              },\r\n                              \"Name\": \"Vicious Longtusk\",\r\n                              \"EntryId\": 76624\r\n                            }\r\n                          ],\r\n                          \"HotspotsX\": [\r\n                            {\r\n                              \"Position\": \"6018.975 2885.419 198.2605\",\r\n                              \"GroundPosition\": \"0 0 0\",\r\n                              \"IsGroundPosition\": false,\r\n                              \"ContinentId\": 1203\r\n                            }\r\n                          ],\r\n                          \"Blackspots\": [],\r\n                          \"ForceLoot\": false,\r\n                          \"ForcePullMobs\": false,\r\n                          \"GameObjectiveIndex\": 1,\r\n                          \"RunTime\": 5.0\r\n                        },\r\n                        \"TimeLimit\": 1\r\n                      }\r\n                    ],\r\n                    \"IsSpecialElement\": true,\r\n                    \"SpecialElementName\": \"Do\",\r\n                    \"GroupName\": \"\"\r\n                  },\r\n                  \"Condition\": {\r\n                    \"$type\": \"CSharpCondition\",\r\n                    \"CSharpCode\": \"Me.Focus != null && !Me.Focus.IsDead\"\r\n                  },\r\n                  \"IsNot\": false,\r\n                  \"CheckFrequently\": true\r\n                },\r\n                {\r\n                  \"$type\": \"FollowTemplateScriptAction\",\r\n                  \"Template\": {\r\n                    \"$type\": \"FollowTemplate\",\r\n                    \"FollowObject\": {\r\n                      \"Hotspot\": {\r\n                        \"Position\": \"5997.34 2909.895 187.5856\",\r\n                        \"GroundPosition\": \"0 0 0\",\r\n                        \"IsGroundPosition\": false,\r\n                        \"ContinentId\": 1203\r\n                      },\r\n                      \"Name\": \"Thrall\",\r\n                      \"EntryId\": 76488\r\n                    },\r\n                    \"CustomStopWhenIDAppears\": \"76624\",\r\n                    \"GameObjectiveIndex\": 1,\r\n                    \"RunTime\": 120.0\r\n                  },\r\n                  \"TimeLimit\": 15\r\n                }\r\n              ],\r\n              \"IsSpecialElement\": true,\r\n              \"SpecialElementName\": \"Do\",\r\n              \"GroupName\": \"\"\r\n            },\r\n            \"Condition\": {\r\n              \"$type\": \"CSharpCondition\",\r\n              \"CSharpCode\": \"int progress = 6;\\r\\nint stage = ExecuteLua<int>(\\\"local _, currentStage = C_Scenario.GetInfo(); return currentStage;\\\");\\r\\nbool result = false;\\r\\nif (stage == progress)\\r\\n{\\r\\n\\tresult = true;\\r\\n}\\r\\nreturn result;\"\r\n            },\r\n            \"IsNot\": false,\r\n            \"CheckFrequently\": true\r\n          },\r\n          {\r\n            \"$type\": \"Comment\",\r\n            \"Text\": \"Stage 7: Malgrim Stormhand\",\r\n            \"Color\": \"64, 128, 128\"\r\n          },\r\n          {\r\n            \"$type\": \"If\",\r\n            \"ActionsFalse\": {\r\n              \"Children\": [],\r\n              \"IsSpecialElement\": true,\r\n              \"SpecialElementName\": \"Else\",\r\n              \"GroupName\": \"\"\r\n            },\r\n            \"ActionsTrue\": {\r\n              \"Children\": [\r\n                {\r\n                  \"$type\": \"CSharpAction\",\r\n                  \"CSharpCode\": \"DisableCombat = true;\\r\\n\"\r\n                },\r\n                {\r\n                  \"$type\": \"MoveTo\",\r\n                  \"Hotspot\": {\r\n                    \"Position\": \"6065.807 2787.486 203.9375\",\r\n                    \"GroundPosition\": \"0 0 0\",\r\n                    \"IsGroundPosition\": false,\r\n                    \"ContinentId\": 1203\r\n                  },\r\n                  \"Method\": \"Navi\"\r\n                }\r\n              ],\r\n              \"IsSpecialElement\": true,\r\n              \"SpecialElementName\": \"Then\",\r\n              \"GroupName\": \"\"\r\n            },\r\n            \"Condition\": {\r\n              \"$type\": \"CSharpCondition\",\r\n              \"CSharpCode\": \"int progress = 7;\\r\\nint stage = ExecuteLua<int>(\\\"local _, currentStage = C_Scenario.GetInfo(); return currentStage;\\\");\\r\\nbool result = false;\\r\\nif (stage == progress)\\r\\n{\\r\\n\\tresult = true;\\r\\n}\\r\\nreturn result;\"\r\n            },\r\n            \"IsNot\": false\r\n          },\r\n          {\r\n            \"$type\": \"While\",\r\n            \"LoopActions\": {\r\n              \"Children\": [\r\n                {\r\n                  \"$type\": \"If\",\r\n                  \"ActionsFalse\": {\r\n                    \"Children\": [],\r\n                    \"IsSpecialElement\": true,\r\n                    \"SpecialElementName\": \"Else\",\r\n                    \"GroupName\": \"\"\r\n                  },\r\n                  \"ActionsTrue\": {\r\n                    \"Children\": [\r\n                      {\r\n                        \"$type\": \"CSharpAction\",\r\n                        \"CSharpCode\": \"foreach (UnitObject unit in Units)\\r\\n{\\r\\n\\tif (unit.EntryID == 76630 && !unit.IsDead)\\r\\n\\t{\\r\\n\\t\\tMe.SetFocus(unit);\\r\\n\\t\\tMe.SetTarget(unit);\\r\\n\\t\\treturn;\\r\\n\\t}\\r\\n}\\r\\n\"\r\n                      },\r\n                      {\r\n                        \"$type\": \"Wait\",\r\n                        \"Delay\": 0.5,\r\n                        \"DelayMax\": 1.0\r\n                      }\r\n                    ],\r\n                    \"IsSpecialElement\": true,\r\n                    \"SpecialElementName\": \"Then\",\r\n                    \"GroupName\": \"\"\r\n                  },\r\n                  \"Condition\": {\r\n                    \"$type\": \"CSharpCondition\",\r\n                    \"CSharpCode\": \"Me.Focus == null\"\r\n                  },\r\n                  \"IsNot\": false\r\n                },\r\n                {\r\n                  \"$type\": \"If\",\r\n                  \"ActionsFalse\": {\r\n                    \"Children\": [],\r\n                    \"IsSpecialElement\": true,\r\n                    \"SpecialElementName\": \"Else\",\r\n                    \"GroupName\": \"\"\r\n                  },\r\n                  \"ActionsTrue\": {\r\n                    \"Children\": [\r\n                      {\r\n                        \"$type\": \"CSharpAction\",\r\n                        \"CSharpCode\": \"while (Me.Focus.Distance2D > 13) {\\r\\n\\tCTM(Me.Focus.Position);\\r\\n\\tyield return 100;\\r\\n}\\r\\n\\r\\nExecuteLua(\\\"DraenorZoneAbilityFrame:Show(); DraenorZoneAbilityFrame.SpellButton:Click()\\\");\"\r\n                      }\r\n                    ],\r\n                    \"IsSpecialElement\": true,\r\n                    \"SpecialElementName\": \"Then\",\r\n                    \"GroupName\": \"\"\r\n                  },\r\n                  \"Condition\": {\r\n                    \"$type\": \"CSharpCondition\",\r\n                    \"CSharpCode\": \"Me.Focus != null && !Me.Focus.IsDead\"\r\n                  },\r\n                  \"IsNot\": false\r\n                },\r\n                {\r\n                  \"$type\": \"CSharpAction\",\r\n                  \"CSharpCode\": \"DisableCombat = false;\\r\\n\"\r\n                },\r\n                {\r\n                  \"$type\": \"KillMobsTemplateScriptAction\",\r\n                  \"Template\": {\r\n                    \"$type\": \"KillMobsTemplate\",\r\n                    \"TargetObjects\": [\r\n                      {\r\n                        \"Hotspot\": {\r\n                          \"Position\": \"6074.845 2759.896 206.0842\",\r\n                          \"GroundPosition\": \"0 0 0\",\r\n                          \"IsGroundPosition\": false,\r\n                          \"ContinentId\": 1203\r\n                        },\r\n                        \"Name\": \"Malgrim Stormhand\",\r\n                        \"EntryId\": 76630\r\n                      }\r\n                    ],\r\n                    \"HotspotsX\": [\r\n                      {\r\n                        \"Position\": \"6074.316 2764.516 205.7318\",\r\n                        \"GroundPosition\": \"0 0 0\",\r\n                        \"IsGroundPosition\": false,\r\n                        \"ContinentId\": 1203\r\n                      }\r\n                    ],\r\n                    \"Blackspots\": [],\r\n                    \"ForceLoot\": false,\r\n                    \"ForcePullMobs\": false,\r\n                    \"GameObjectiveIndex\": 1,\r\n                    \"RunTime\": 5.0\r\n                  },\r\n                  \"TimeLimit\": 5\r\n                },\r\n                {\r\n                  \"$type\": \"Wait\",\r\n                  \"Delay\": 1.0,\r\n                  \"DelayMax\": 1.0\r\n                }\r\n              ],\r\n              \"IsSpecialElement\": true,\r\n              \"SpecialElementName\": \"Do\",\r\n              \"GroupName\": \"\"\r\n            },\r\n            \"Condition\": {\r\n              \"$type\": \"CSharpCondition\",\r\n              \"CSharpCode\": \"int progress = 7;\\r\\nint stage = ExecuteLua<int>(\\\"local _, currentStage = C_Scenario.GetInfo(); return currentStage;\\\");\\r\\nbool result = false;\\r\\nif (stage == progress)\\r\\n{\\r\\n\\tresult = true;\\r\\n}\\r\\nreturn result;\"\r\n            },\r\n            \"IsNot\": false,\r\n            \"CheckFrequently\": true\r\n          },\r\n          {\r\n            \"$type\": \"Comment\",\r\n            \"Text\": \"Stage 8: The Final Defense\",\r\n            \"Color\": \"64, 128, 128\"\r\n          },\r\n          {\r\n            \"$type\": \"CSharpAction\",\r\n            \"CSharpCode\": \"DisableCombat = false;\\r\\n\"\r\n          },\r\n          {\r\n            \"$type\": \"If\",\r\n            \"ActionsFalse\": {\r\n              \"Children\": [],\r\n              \"IsSpecialElement\": true,\r\n              \"SpecialElementName\": \"Else\",\r\n              \"GroupName\": \"\"\r\n            },\r\n            \"ActionsTrue\": {\r\n              \"Children\": [\r\n                {\r\n                  \"$type\": \"CSharpAction\",\r\n                  \"CSharpCode\": \"DisableCombat = true;\\r\\n\"\r\n                },\r\n                {\r\n                  \"$type\": \"MoveTo\",\r\n                  \"Hotspot\": {\r\n                    \"Position\": \"6023.496 2862.497 199.8353\",\r\n                    \"GroundPosition\": \"0 0 0\",\r\n                    \"IsGroundPosition\": false,\r\n                    \"ContinentId\": 1203\r\n                  },\r\n                  \"Method\": \"Navi\"\r\n                },\r\n                {\r\n                  \"$type\": \"CSharpAction\",\r\n                  \"CSharpCode\": \"DisableCombat = false;\\r\\n\"\r\n                }\r\n              ],\r\n              \"IsSpecialElement\": true,\r\n              \"SpecialElementName\": \"Then\",\r\n              \"GroupName\": \"\"\r\n            },\r\n            \"Condition\": {\r\n              \"$type\": \"CSharpCondition\",\r\n              \"CSharpCode\": \"int progress = 8;\\r\\nint stage = ExecuteLua<int>(\\\"local _, currentStage = C_Scenario.GetInfo(); return currentStage;\\\");\\r\\nbool result = false;\\r\\nif (stage == progress)\\r\\n{\\r\\n\\tresult = true;\\r\\n}\\r\\nreturn result;\"\r\n            },\r\n            \"IsNot\": false\r\n          },\r\n          {\r\n            \"$type\": \"While\",\r\n            \"LoopActions\": {\r\n              \"Children\": [\r\n                {\r\n                  \"$type\": \"FollowTemplateScriptAction\",\r\n                  \"Template\": {\r\n                    \"$type\": \"FollowTemplate\",\r\n                    \"FollowObject\": {\r\n                      \"Hotspot\": {\r\n                        \"Position\": \"6023.34 2847.89 200.5321\",\r\n                        \"GroundPosition\": \"0 0 0\",\r\n                        \"IsGroundPosition\": false,\r\n                        \"ContinentId\": 1203\r\n                      },\r\n                      \"Name\": \"Thrall\",\r\n                      \"EntryId\": 76488\r\n                    },\r\n                    \"CustomStopWhenIDAppears\": \"\",\r\n                    \"GameObjectiveIndex\": 1,\r\n                    \"RunTime\": 120.0\r\n                  },\r\n                  \"TimeLimit\": 5\r\n                },\r\n                {\r\n                  \"$type\": \"Wait\",\r\n                  \"Delay\": 1.0,\r\n                  \"DelayMax\": 1.0\r\n                }\r\n              ],\r\n              \"IsSpecialElement\": true,\r\n              \"SpecialElementName\": \"Do\",\r\n              \"GroupName\": \"\"\r\n            },\r\n            \"Condition\": {\r\n              \"$type\": \"CSharpCondition\",\r\n              \"CSharpCode\": \"int progress = 8;\\r\\nint stage = ExecuteLua<int>(\\\"local _, currentStage = C_Scenario.GetInfo(); return currentStage;\\\");\\r\\nbool result = false;\\r\\nif (stage == progress)\\r\\n{\\r\\n\\tresult = true;\\r\\n}\\r\\nreturn result;\"\r\n            },\r\n            \"IsNot\": false,\r\n            \"CheckFrequently\": true\r\n          },\r\n          {\r\n            \"$type\": \"Comment\",\r\n            \"Text\": \"Stage 9: Slay Maggoc\",\r\n            \"Color\": \"64, 128, 128\"\r\n          },\r\n          {\r\n            \"$type\": \"If\",\r\n            \"ActionsFalse\": {\r\n              \"Children\": [],\r\n              \"IsSpecialElement\": true,\r\n              \"SpecialElementName\": \"Else\",\r\n              \"GroupName\": \"\"\r\n            },\r\n            \"ActionsTrue\": {\r\n              \"Children\": [\r\n                {\r\n                  \"$type\": \"CSharpAction\",\r\n                  \"CSharpCode\": \"DisableCombat = true;\\r\\n\"\r\n                },\r\n                {\r\n                  \"$type\": \"MoveTo\",\r\n                  \"Hotspot\": {\r\n                    \"Position\": \"6066.307 2803.366 203.5808\",\r\n                    \"GroundPosition\": \"0 0 0\",\r\n                    \"IsGroundPosition\": false,\r\n                    \"ContinentId\": 1203\r\n                  },\r\n                  \"Method\": \"Navi\"\r\n                },\r\n                {\r\n                  \"$type\": \"CSharpAction\",\r\n                  \"CSharpCode\": \"DisableCombat = false;\\r\\n\"\r\n                }\r\n              ],\r\n              \"IsSpecialElement\": true,\r\n              \"SpecialElementName\": \"Then\",\r\n              \"GroupName\": \"\"\r\n            },\r\n            \"Condition\": {\r\n              \"$type\": \"CSharpCondition\",\r\n              \"CSharpCode\": \"int progress = 9;\\r\\nint stage = ExecuteLua<int>(\\\"local _, currentStage = C_Scenario.GetInfo(); return currentStage;\\\");\\r\\nbool result = false;\\r\\nif (stage == progress)\\r\\n{\\r\\n\\tresult = true;\\r\\n}\\r\\nreturn result;\"\r\n            },\r\n            \"IsNot\": false\r\n          },\r\n          {\r\n            \"$type\": \"While\",\r\n            \"LoopActions\": {\r\n              \"Children\": [\r\n                {\r\n                  \"$type\": \"KillMobsTemplateScriptAction\",\r\n                  \"Template\": {\r\n                    \"$type\": \"KillMobsTemplate\",\r\n                    \"TargetObjects\": [\r\n                      {\r\n                        \"Hotspot\": {\r\n                          \"Position\": \"6071.695 2787.303 205.2339\",\r\n                          \"GroundPosition\": \"0 0 0\",\r\n                          \"IsGroundPosition\": false,\r\n                          \"ContinentId\": 1203\r\n                        },\r\n                        \"Name\": \"Maggoc\",\r\n                        \"EntryId\": 76491\r\n                      }\r\n                    ],\r\n                    \"HotspotsX\": [\r\n                      {\r\n                        \"Position\": \"6072.086 2786.513 205.3418\",\r\n                        \"GroundPosition\": \"0 0 0\",\r\n                        \"IsGroundPosition\": false,\r\n                        \"ContinentId\": 1203\r\n                      }\r\n                    ],\r\n                    \"Blackspots\": [],\r\n                    \"ForceLoot\": false,\r\n                    \"ForcePullMobs\": false,\r\n                    \"GameObjectiveIndex\": 1,\r\n                    \"RunTime\": 5.0\r\n                  },\r\n                  \"TimeLimit\": 5\r\n                },\r\n                {\r\n                  \"$type\": \"Wait\",\r\n                  \"Delay\": 1.0,\r\n                  \"DelayMax\": 1.0\r\n                }\r\n              ],\r\n              \"IsSpecialElement\": true,\r\n              \"SpecialElementName\": \"Do\",\r\n              \"GroupName\": \"\"\r\n            },\r\n            \"Condition\": {\r\n              \"$type\": \"CSharpCondition\",\r\n              \"CSharpCode\": \"int progress = 9;\\r\\nint stage = ExecuteLua<int>(\\\"local _, currentStage = C_Scenario.GetInfo(); return currentStage;\\\");\\r\\nbool result = false;\\r\\nif (stage == progress)\\r\\n{\\r\\n\\tresult = true;\\r\\n}\\r\\nreturn result;\"\r\n            },\r\n            \"IsNot\": false,\r\n            \"CheckFrequently\": true\r\n          },\r\n          {\r\n            \"$type\": \"Comment\",\r\n            \"Text\": \"Cinematic Playing\",\r\n            \"Color\": \"64, 128, 128\"\r\n          },\r\n          {\r\n            \"$type\": \"Wait\",\r\n            \"Delay\": 85.0,\r\n            \"DelayMax\": 0.0\r\n          }\r\n        ],\r\n        \"IsSpecialElement\": true,\r\n        \"SpecialElementName\": \"Do\",\r\n        \"GroupName\": \"\"\r\n      },\r\n      \"Condition\": {\r\n        \"$type\": \"CSharpCondition\",\r\n        \"CSharpCode\": \"!IsQuestInLogAndComplete(34124) && HasQuest(34124)\"\r\n      },\r\n      \"IsNot\": false\r\n    }\r\n  ],\r\n  \"GroupName\": \"\"\r\n}",
  "ActionOrder": 1,
  "Actions": []
}