{
  "QuestID": 34378,
  "Version": 11,
  "FactionGroup": 1,
  "CreatedOn": "2014-11-15T10:53:05.2667763Z",
  "UpdatedOn": "2015-12-07T06:36:03.424297Z",
  "Comment": "",
  "CreatedBy": null,
  "AllowUpdates": false,
  "RecommendedLevel": 91,
  "Frequency": 1,
  "IsStory": true,
  "QuestStart": {
    "ObjectName": "Gazlowe",
    "EntryId": 78466,
    "AdditionalEntryIds": null,
    "ContinentId": 1116,
    "ZoneId": 7004,
    "Position": "5628.997 4525.767 118.9772",
    "TurnInType": 0,
    "MyFaction": 1
  },
  "QuestEnd": {
    "ObjectName": "Gazlowe",
    "EntryId": 78466,
    "AdditionalEntryIds": null,
    "ContinentId": 1152,
    "ZoneId": 7004,
    "Position": "5564.242 4517.042 132.0614",
    "TurnInType": 0,
    "MyFaction": 1
  },
  "UseScript": true,
  "ScriptText": "{\r\n  \"Children\": [\r\n    {\r\n      \"$type\": \"While\",\r\n      \"LoopActions\": {\r\n        \"Children\": [\r\n          {\r\n            \"$type\": \"MoveTo\",\r\n            \"Hotspot\": {\r\n              \"Position\": \"5568.7 4635.5 146.6\",\r\n              \"GroundPosition\": \"5568.7 4635.5 147.0074\",\r\n              \"IsGroundPosition\": false,\r\n              \"ContinentId\": 1152\r\n            },\r\n            \"Method\": \"Navi\"\r\n          },\r\n          {\r\n            \"$type\": \"Wait\",\r\n            \"Delay\": 1.0,\r\n            \"DelayMax\": 2.0\r\n          },\r\n          {\r\n            \"$type\": \"Interact\",\r\n            \"Target\": {\r\n              \"Name\": \"Master Surveyor\",\r\n              \"EntryId\": 233664\r\n            },\r\n            \"NumOfTimes\": 0\r\n          },\r\n          {\r\n            \"$type\": \"Wait\",\r\n            \"Delay\": 8.0,\r\n            \"DelayMax\": 10.0\r\n          }\r\n        ],\r\n        \"IsSpecialElement\": true,\r\n        \"SpecialElementName\": \"Do\",\r\n        \"GroupName\": \"\"\r\n      },\r\n      \"Conditions\": [\r\n        {\r\n          \"Condition\": {\r\n            \"$type\": \"CSharpCondition\",\r\n            \"CSharpCode\": \"HasQuest(34378) && !IsQuestInLogAndComplete(34378)\"\r\n          },\r\n          \"IsNot\": false\r\n        },\r\n        {\r\n          \"Condition\": null,\r\n          \"IsNot\": false\r\n        },\r\n        {\r\n          \"Condition\": null,\r\n          \"IsNot\": false\r\n        },\r\n        {\r\n          \"Condition\": null,\r\n          \"IsNot\": false\r\n        }\r\n      ],\r\n      \"IsNot\": false\r\n    }\r\n  ],\r\n  \"GroupName\": \"\"\r\n}",
  "ActionOrder": 1,
  "Actions": []
}