{
  "QuestID": 34461,
  "Version": 17,
  "FactionGroup": 1,
  "CreatedOn": "2014-11-15T01:23:13.7928126Z",
  "UpdatedOn": "2015-12-07T07:10:55.3719645Z",
  "Comment": "",
  "CreatedBy": null,
  "AllowUpdates": false,
  "RecommendedLevel": 90,
  "Frequency": 1,
  "IsStory": true,
  "QuestStart": {
    "ObjectName": "Gazlowe",
    "EntryId": 78466,
    "AdditionalEntryIds": null,
    "ContinentId": 1152,
    "ZoneId": 7004,
    "Position": "5564.242 4517.042 132.061",
    "TurnInType": 0,
    "MyFaction": 1
  },
  "ActionOrder": 1,
  "Actions": [
    {
      "$type": "MoveToTemplate",
      "Hotspots": [
        {
          "Position": "5588.935 4478.512 130.143",
          "GroundPosition": "0 0 0",
          "IsGroundPosition": false,
          "ContinentId": 1152
        }
      ],
      "PreventMounting": false,
      "GameObjectiveIndex": 1,
      "RunTime": 5.0
    },
    {
      "$type": "CollectObjectsTemplate",
      "TargetObjects": [
        {
          "Hotspot": {
            "Position": "5579.406 4464.98 132.1373",
            "GroundPosition": "0 0 0",
            "IsGroundPosition": false,
            "ContinentId": 1152
          },
          "Name": "Garrison Blueprint: Barracks",
          "EntryId": 231012
        }
      ],
      "HotspotsX": [
        {
          "Position": "5581.044 4467.426 130.8464",
          "GroundPosition": "0 0 0",
          "IsGroundPosition": false,
          "ContinentId": 1152
        }
      ],
      "Blackspots": [],
      "IsLoot": true,
      "OpeningCast": true,
      "NoMovement": false,
      "GameObjectiveIndex": 1,
      "RunTime": 5.0
    },
    {
      "$type": "UseItemTemplate",
      "UseMethod": 0,
      "OverrideCooldown": 0.0,
      "OverrideCastTime": 0.0,
      "StayMounted": false,
      "MinCastRange": 4.5,
      "DontFilterDeadUnits": false,
      "UseCount": 1,
      "TargetUnits": [],
      "HotspotsX": [],
      "Blackspots": [],
      "Item": [
        {
          "Name": "Garrison Blueprint: Barracks, Level 1",
          "EntryId": 111810
        },
        {
          "Name": "Garrison Blueprint: Barracks, Level 1",
          "EntryId": 111956
        }
      ],
      "BanTime": 120.0,
      "BanMobCombatAfterUse": false,
      "GameObjectiveIndex": 2,
      "RunTime": 5.0
    },
    {
      "$type": "MoveToTemplate",
      "Hotspots": [
        {
          "Position": "5588.887 4480.407 130.0098",
          "GroundPosition": "0 0 0",
          "IsGroundPosition": false,
          "ContinentId": 1152
        }
      ],
      "PreventMounting": false,
      "GameObjectiveIndex": 3,
      "RunTime": 5.0
    },
    {
      "$type": "MoveToTemplate",
      "Hotspots": [
        {
          "Position": "5576.321 4513.92 130.104",
          "GroundPosition": "0 0 0",
          "IsGroundPosition": false,
          "ContinentId": 1152
        }
      ],
      "PreventMounting": false,
      "GameObjectiveIndex": 3,
      "RunTime": 5.0
    },
    {
      "$type": "CollectObjectsTemplate",
      "TargetObjects": [
        {
          "Hotspot": {
            "Position": "5563.049 4518.574 131.9759",
            "GroundPosition": "0 0 0",
            "IsGroundPosition": false,
            "ContinentId": 1152
          },
          "Name": "Architect Table",
          "EntryId": 80600
        }
      ],
      "HotspotsX": [],
      "Blackspots": [],
      "IsLoot": true,
      "OpeningCast": false,
      "NoMovement": false,
      "GameObjectiveIndex": 3,
      "RunTime": 5.0
    },
    {
      "$type": "WaitTemplate",
      "TimeSeconds": 3.0,
      "GameObjectiveIndex": 3,
      "RunTime": 5.0
    },
    {
      "$type": "LuaTemplate",
      "RunAsMacro": false,
      "Text": "-- find a plot with size==3\r\nlocal plotID = 0\r\nfor x,y in pairs(C_Garrison.GetPlots()) do\r\n if y.size == 3 then\r\n  --print(\"found a large plot! ID=\" .. y.id)\r\n  plotID = y.id  \r\n end\r\nend\r\n\r\nlocal buildings = C_Garrison.GetBuildingsForPlot(plotID)\r\n--print(\"the following buildings can be placed there:\")\r\nfor u,v in pairs(buildings) do\r\n local index = u\r\n local buildingID = v\r\n local bID,name,internalName,icon,descr,lvl,unk1,cost = C_Garrison.GetBuildingInfo(buildingID)\r\n --print(u .. \": \" .. v .. \": \" .. name .. \": lvl=\" .. lvl .. \" cost=\" .. cost)\r\nend\r\n\r\n--print(\"now going to place the barracs level 1 there\")\r\nC_Garrison.PlaceBuilding(plotID, 26)",
      "GameObjectiveIndex": 3,
      "RunTime": 5.0
    },
    {
      "$type": "MoveToTemplate",
      "Hotspots": [
        {
          "Position": "5586.399 4484.665 130.095",
          "GroundPosition": "0 0 0",
          "UseCTM": true,
          "IsGroundPosition": false,
          "ContinentId": 1152
        }
      ],
      "PreventMounting": false,
      "GameObjectiveIndex": 4,
      "RunTime": 5.0
    },
    {
      "$type": "WaitTemplate",
      "TimeSeconds": 5.0,
      "GameObjectiveIndex": 4,
      "RunTime": 5.0
    },
    {
      "$type": "CollectObjectsTemplate",
      "TargetObjects": [
        {
          "Hotspot": {
            "Position": "5587.527 4476.992 130.2609",
            "GroundPosition": "0 0 0",
            "IsGroundPosition": false,
            "ContinentId": 1152
          },
          "Name": "Finalize Garrison Plot",
          "EntryId": 231217
        }
      ],
      "HotspotsX": [
        {
          "Position": "5587.937 4478.742 130.2772",
          "GroundPosition": "0 0 0",
          "IsGroundPosition": false,
          "ContinentId": 1152
        }
      ],
      "Blackspots": [],
      "IsLoot": true,
      "OpeningCast": true,
      "NoMovement": false,
      "GameObjectiveIndex": 5,
      "RunTime": 5.0
    }
  ]
}