{
  "QuestID": 34823,
  "Version": 4,
  "FactionGroup": 1,
  "CreatedOn": "2014-11-17T07:36:49.594425Z",
  "UpdatedOn": "2015-08-06T20:58:50.703352Z",
  "Comment": "",
  "CreatedBy": null,
  "AllowUpdates": false,
  "RecommendedLevel": 91,
  "Frequency": 1,
  "IsStory": true,
  "QuestStart": {
    "ObjectName": "Rokhan",
    "EntryId": 78487,
    "AdditionalEntryIds": null,
    "ContinentId": 1152,
    "ZoneId": 7004,
    "Position": "5573.185 4525.507 130.2194",
    "TurnInType": 0,
    "MyFaction": 1
  },
  "ScriptText": "{\r\n  \"Children\": [],\r\n  \"GroupName\": \"\"\r\n}",
  "ActionOrder": 1,
  "Actions": [
    {
      "$type": "KillMobsTemplate",
      "TargetObjects": [
        {
          "Hotspot": {
            "Position": "5862.084 4950.893 26.63761",
            "GroundPosition": "0 0 0",
            "IsGroundPosition": false,
            "IsIndoors": true,
            "ContinentId": 1116
          },
          "Name": "Groog",
          "EntryId": 80167
        }
      ],
      "HotspotsX": [
        {
          "Position": "5878.39 4986.519 26.21119",
          "GroundPosition": "0 0 0",
          "IsGroundPosition": false,
          "IsIndoors": true,
          "ContinentId": 1116
        }
      ],
      "Blackspots": [],
      "ForceLoot": false,
      "ForcePullMobs": false,
      "GameObjectiveIndex": 1,
      "RunTime": 5.0
    }
  ]
}