{
  "QuestID": 35103,
  "Version": 4,
  "FactionGroup": 1,
  "CreatedOn": "2015-01-24T09:09:38.0330448Z",
  "UpdatedOn": "2015-08-06T21:19:53.5249524Z",
  "Comment": "",
  "CreatedBy": null,
  "AllowUpdates": false,
  "QuestStart": {
    "ObjectName": "Refugee Lo'nash",
    "EntryId": 81166,
    "AdditionalEntryIds": null,
    "ContinentId": 1116,
    "ZoneId": 7004,
    "Position": "5575.291 4568.275 136.3767",
    "TurnInType": 0,
    "MyFaction": 1
  },
  "QuestEnd": {
    "ObjectName": "Kadar",
    "EntryId": 81209,
    "AdditionalEntryIds": null,
    "ContinentId": 1116,
    "ZoneId": 6720,
    "Position": "6340.925 5180.559 130.7176",
    "TurnInType": 0,
    "MyFaction": 1
  },
  "ActionOrder": 1,
  "Actions": []
}