{
  "QuestID": 35341,
  "Version": 3,
  "FactionGroup": 1,
  "CreatedOn": "2015-01-28T18:26:02.4077465Z",
  "UpdatedOn": "2015-08-06T21:38:24.4120591Z",
  "Comment": "",
  "CreatedBy": null,
  "AllowUpdates": false,
  "QuestStart": {
    "ObjectName": "Gronnstalker Rokash",
    "EntryId": 79229,
    "AdditionalEntryIds": null,
    "ContinentId": 1116,
    "ZoneId": 6720,
    "Position": "6978.499 3871.087 92.55595",
    "TurnInType": 0,
    "IsIndoors": true,
    "MyFaction": 0
  },
  "ActionOrder": 1,
  "Actions": []
}