{
  "QuestID": 36256,
  "Version": 3,
  "FactionGroup": 1,
  "CreatedOn": "2015-01-20T05:56:16.3004183Z",
  "UpdatedOn": "2015-08-06T21:21:04.2871412Z",
  "Comment": "",
  "CreatedBy": null,
  "AllowUpdates": false,
  "QuestStart": {
    "ObjectName": "Yu'rina the Mystic",
    "EntryId": 83482,
    "AdditionalEntryIds": null,
    "ContinentId": 1116,
    "ZoneId": 7004,
    "Position": "5637.029 4554.463 119.3222",
    "TurnInType": 0,
    "MyFaction": 1
  },
  "QuestEnd": {
    "ObjectName": "Arcanist Delath",
    "EntryId": 84739,
    "AdditionalEntryIds": null,
    "ContinentId": 1116,
    "ZoneId": 6720,
    "Position": "6165.29 4180.65 108.0958",
    "TurnInType": 0,
    "MyFaction": 1
  },
  "ActionOrder": 1,
  "Actions": []
}