{
  "QuestID": 36301,
  "Version": 3,
  "FactionGroup": 1,
  "CreatedOn": "2015-01-11T06:43:46.3936709Z",
  "UpdatedOn": "2015-08-06T21:05:54.6540907Z",
  "Comment": "",
  "CreatedBy": null,
  "AllowUpdates": false,
  "QuestStart": {
    "ObjectName": "Item",
    "EntryId": 0,
    "AdditionalEntryIds": null,
    "ContinentId": 1116,
    "ZoneId": 6720,
    "Position": "6630.061 5669.901 318.9636",
    "TurnInType": 3,
    "MyFaction": 1
  },
  "QuestEnd": {
    "ObjectName": "Trega",
    "EntryId": 84689,
    "AdditionalEntryIds": null,
    "ContinentId": 1116,
    "ZoneId": 6720,
    "Position": "5804.3 6254.77 86.4893",
    "TurnInType": 0,
    "IsIndoors": true,
    "MyFaction": 1
  },
  "ActionOrder": 1,
  "Actions": []
}