{
  "QuestID": 36314,
  "Version": 3,
  "FactionGroup": 1,
  "CreatedOn": "2015-01-20T05:37:52.4003978Z",
  "UpdatedOn": "2015-08-06T21:06:02.8541539Z",
  "Comment": "",
  "CreatedBy": null,
  "AllowUpdates": false,
  "QuestStart": {
    "ObjectName": "Item",
    "EntryId": 0,
    "AdditionalEntryIds": null,
    "ContinentId": 1116,
    "ZoneId": 6720,
    "Position": "6630.061 5669.901 318.9636",
    "TurnInType": 3,
    "MyFaction": 1
  },
  "QuestEnd": {
    "ObjectName": "\"Appraiser\" Sazsel Stickyfingers",
    "EntryId": 84967,
    "AdditionalEntryIds": null,
    "ContinentId": 1116,
    "ZoneId": 7004,
    "Position": "5626.771 4457.813 130.1947",
    "TurnInType": 0,
    "MyFaction": 1
  },
  "ActionOrder": 1,
  "Actions": []
}