{
  "QuestID": 36380,
  "Version": 2,
  "FactionGroup": 1,
  "CreatedOn": "2015-08-06T21:23:42.3189067Z",
  "UpdatedOn": "2015-08-06T21:23:44.7389345Z",
  "Comment": "",
  "CreatedBy": null,
  "AllowUpdates": false,
  "QuestStart": {
    "ObjectName": "Gem Grinder Orolak",
    "EntryId": 85106,
    "AdditionalEntryIds": null,
    "ContinentId": 1116,
    "ZoneId": 6720,
    "Position": "5976.258 6278.611 49.57563",
    "TurnInType": 0,
    "IsIndoors": true,
    "MyFaction": 1
  },
  "ActionOrder": 1,
  "Actions": []
}