{
  "QuestID": 36475,
  "Version": 3,
  "FactionGroup": 1,
  "CreatedOn": "2015-01-26T08:34:11.4359315Z",
  "UpdatedOn": "2015-08-06T21:41:01.7500608Z",
  "Comment": "",
  "CreatedBy": null,
  "AllowUpdates": false,
  "QuestStart": {
    "ObjectName": "Nicholaus Page",
    "EntryId": 85440,
    "AdditionalEntryIds": null,
    "ContinentId": 1116,
    "ZoneId": 6720,
    "Position": "5372.842 3757.767 119.0919",
    "TurnInType": 0,
    "MyFaction": 1
  },
  "ActionOrder": 1,
  "Actions": [
    {
      "$type": "MoveToTemplate",
      "Hotspots": [
        {
          "Position": "5198.001 3656.663 133.9601",
          "GroundPosition": "0 0 0",
          "IsGroundPosition": false,
          "ContinentId": 1116
        }
      ],
      "PreventMounting": false,
      "GameObjectiveIndex": 1,
      "RunTime": 5.0
    },
    {
      "$type": "CollectObjectsTemplate",
      "TargetObjects": [
        {
          "Name": "Uratok's Strongbox",
          "EntryId": 235638,
          "CSharpCode": ""
        }
      ],
      "HotspotsX": [
        {
          "Position": "5188.602 3649.167 134.3268",
          "GroundPosition": "0 0 0",
          "IsGroundPosition": false,
          "ContinentId": 1116
        }
      ],
      "Blackspots": [],
      "IsLoot": true,
      "OpeningCast": false,
      "NoMovement": false,
      "GameObjectiveIndex": 1,
      "RunTime": 5.0
    }
  ]
}