{
  "QuestID": 36505,
  "Version": 6,
  "FactionGroup": 1,
  "CreatedOn": "2015-01-11T04:43:58.6303731Z",
  "UpdatedOn": "2015-08-06T21:05:09.1136951Z",
  "Comment": "",
  "CreatedBy": null,
  "AllowUpdates": false,
  "RecommendedLevel": 90,
  "Frequency": 1,
  "QuestStart": {
    "ObjectName": "Item",
    "EntryId": 0,
    "AdditionalEntryIds": null,
    "ContinentId": 1116,
    "ZoneId": 6720,
    "Position": "6628.18 5667.654 318.9181",
    "TurnInType": 3,
    "ScriptJson": "{\r\n  \"Children\": [\r\n    {\r\n      \"$type\": \"Comment\",\r\n      \"Text\": \"Leatherworking! Tier 1 Plot Start!\",\r\n      \"Color\": \"64, 128, 128\"\r\n    },\r\n    {\r\n      \"$type\": \"UseItemTemplateScriptAction\",\r\n      \"Template\": {\r\n        \"$type\": \"UseItemTemplate\",\r\n        \"UseMethod\": 0,\r\n        \"OverrideCooldown\": 0.0,\r\n        \"OverrideCastTime\": 0.0,\r\n        \"StayMounted\": false,\r\n        \"MinCastRange\": 4.5,\r\n        \"DontFilterDeadUnits\": false,\r\n        \"UseCount\": 1,\r\n        \"TargetUnits\": [],\r\n        \"HotspotsX\": [],\r\n        \"Blackspots\": [],\r\n        \"Item\": [\r\n          {\r\n            \"Name\": \"Tattered Frostwolf Shroud\",\r\n            \"EntryId\": 116173\r\n          }\r\n        ],\r\n        \"BanTime\": 120.0,\r\n        \"BanMobCombatAfterUse\": false,\r\n        \"GameObjectiveIndex\": 1,\r\n        \"RunTime\": 5.0\r\n      },\r\n      \"TimeLimit\": 0\r\n    },\r\n    {\r\n      \"$type\": \"Wait\",\r\n      \"Delay\": 1.0,\r\n      \"DelayMax\": 0.0\r\n    },\r\n    {\r\n      \"$type\": \"RunMacro\",\r\n      \"MacroCode\": \"/click QuestFrameAcceptButton\"\r\n    },\r\n    {\r\n      \"$type\": \"Wait\",\r\n      \"Delay\": 1.0,\r\n      \"DelayMax\": 0.0\r\n    }\r\n  ],\r\n  \"GroupName\": \"\"\r\n}",
    "MyFaction": 1
  },
  "QuestEnd": {
    "ObjectName": "Gaoda Hidecleaver",
    "EntryId": 85751,
    "AdditionalEntryIds": null,
    "ContinentId": 1116,
    "ZoneId": 6720,
    "Position": "5819.775 6240.592 85.54674",
    "TurnInType": 0,
    "MyFaction": 1
  },
  "ActionOrder": 1,
  "Actions": []
}