{
  "QuestID": 36707,
  "Version": 8,
  "FactionGroup": 1,
  "CreatedOn": "2014-11-17T20:31:16.0160593Z",
  "UpdatedOn": "2015-10-01T03:56:46.6424277Z",
  "Comment": "",
  "CreatedBy": null,
  "AllowUpdates": false,
  "RecommendedLevel": 90,
  "Frequency": 1,
  "QuestStart": {
    "ObjectName": "Stomphoof",
    "EntryId": 86315,
    "AdditionalEntryIds": null,
    "ContinentId": 1116,
    "ZoneId": 7333,
    "Position": "5356.923 -3954.219 32.73413",
    "TurnInType": 0,
    "MyFaction": 1
  },
  "QuestEnd": {
    "ObjectName": "Lieutenant Kragil",
    "EntryId": 86312,
    "AdditionalEntryIds": null,
    "ContinentId": 1116,
    "ZoneId": 7333,
    "Position": "5299.304 -3942.8 19.77605",
    "TurnInType": 0,
    "IsIndoors": true,
    "MyFaction": 1
  },
  "ActionOrder": 1,
  "Actions": []
}