{
  "QuestID": 36709,
  "Version": 5,
  "FactionGroup": 1,
  "CreatedOn": "2014-11-16T21:47:54.8510747Z",
  "UpdatedOn": "2015-10-01T06:39:25.792955Z",
  "Comment": "",
  "CreatedBy": null,
  "AllowUpdates": false,
  "QuestStart": {
    "ObjectName": "Lieutenant Kragil",
    "EntryId": 86312,
    "AdditionalEntryIds": null,
    "ContinentId": 1116,
    "ZoneId": 7333,
    "Position": "5299.304 -3942.8 19.77436",
    "TurnInType": 0,
    "IsIndoors": true,
    "MyFaction": 1
  },
  "QuestEnd": {
    "ObjectName": "Vivianne",
    "EntryId": 81765,
    "AdditionalEntryIds": null,
    "ContinentId": 1116,
    "ZoneId": 7333,
    "Position": "5418.894 -4086.573 8.050567",
    "TurnInType": 0,
    "MyFaction": 1
  },
  "ActionOrder": 1,
  "Actions": []
}