{
  "QuestID": 37291,
  "Version": 65,
  "FactionGroup": 1,
  "CreatedOn": "2014-11-17T02:31:30.4020625Z",
  "UpdatedOn": "2015-12-08T09:25:10.0957017Z",
  "Comment": "",
  "CreatedBy": null,
  "AllowUpdates": false,
  "RecommendedLevel": 90,
  "Frequency": 1,
  "IsStory": true,
  "QuestStart": {
    "ObjectName": "Durotan",
    "EntryId": 74163,
    "AdditionalEntryIds": null,
    "ContinentId": 1330,
    "ZoneId": 7004,
    "Position": "5637.069 4533.289 118.9296",
    "TurnInType": 0,
    "MyFaction": 1
  },
  "QuestEnd": {
    "ObjectName": "Sergeant Grimjaw",
    "EntryId": 88228,
    "AdditionalEntryIds": null,
    "ContinentId": 1330,
    "ZoneId": 7004,
    "Position": "5590.561 4579.132 136.5883",
    "TurnInType": 0,
    "MyFaction": 1
  },
  "UseScript": true,
  "ScriptText": "{\r\n  \"Children\": [\r\n    {\r\n      \"$type\": \"While\",\r\n      \"LoopActions\": {\r\n        \"Children\": [\r\n          {\r\n            \"$type\": \"While\",\r\n            \"LoopActions\": {\r\n              \"Children\": [\r\n                {\r\n                  \"$type\": \"GossipTemplateScriptAction\",\r\n                  \"Template\": {\r\n                    \"$type\": \"GossipInteractionTemplate\",\r\n                    \"TargetObjects\": [\r\n                      {\r\n                        \"Hotspot\": {\r\n                          \"Position\": \"5590.561 4579.132 136.5882\",\r\n                          \"GroundPosition\": \"0 0 0\",\r\n                          \"IsGroundPosition\": false,\r\n                          \"ContinentId\": 1330\r\n                        },\r\n                        \"Name\": \"Sergeant Grimjaw\",\r\n                        \"EntryId\": 88228\r\n                      }\r\n                    ],\r\n                    \"HotspotsX\": [\r\n                      {\r\n                        \"Position\": \"5591.34 4574.343 136.5269\",\r\n                        \"GroundPosition\": \"0 0 0\",\r\n                        \"IsGroundPosition\": false,\r\n                        \"ContinentId\": 1330\r\n                      }\r\n                    ],\r\n                    \"GossipIndex\": 1,\r\n                    \"Dismount\": false,\r\n                    \"GameObjectiveIndex\": 1,\r\n                    \"RunTime\": 5.0\r\n                  },\r\n                  \"TimeLimit\": 0\r\n                },\r\n                {\r\n                  \"$type\": \"Wait\",\r\n                  \"Delay\": 1.0,\r\n                  \"DelayMax\": 2.0\r\n                }\r\n              ],\r\n              \"IsSpecialElement\": true,\r\n              \"SpecialElementName\": \"Do\",\r\n              \"GroupName\": \"\"\r\n            },\r\n            \"Conditions\": [\r\n              {\r\n                \"Condition\": {\r\n                  \"$type\": \"CSharpCondition\",\r\n                  \"CSharpCode\": \"!IsQuestObjectiveComplete(37291,1) && HasQuest(37291)\"\r\n                },\r\n                \"IsNot\": false\r\n              },\r\n              {\r\n                \"Condition\": null,\r\n                \"IsNot\": false\r\n              },\r\n              {\r\n                \"Condition\": null,\r\n                \"IsNot\": false\r\n              },\r\n              {\r\n                \"Condition\": null,\r\n                \"IsNot\": false\r\n              }\r\n            ],\r\n            \"IsNot\": false,\r\n            \"CheckFrequently\": true\r\n          },\r\n          {\r\n            \"$type\": \"Comment\",\r\n            \"Text\": \"Stage 1: Invasion\",\r\n            \"Color\": \"64, 128, 128\"\r\n          },\r\n          {\r\n            \"$type\": \"While\",\r\n            \"LoopActions\": {\r\n              \"Children\": [\r\n                {\r\n                  \"$type\": \"FollowTemplateScriptAction\",\r\n                  \"Template\": {\r\n                    \"$type\": \"FollowTemplate\",\r\n                    \"FollowObject\": {\r\n                      \"Hotspot\": {\r\n                        \"Position\": \"5633.62 4533.507 119.0307\",\r\n                        \"GroundPosition\": \"0 0 0\",\r\n                        \"IsGroundPosition\": false,\r\n                        \"ContinentId\": 1330\r\n                      },\r\n                      \"Name\": \"Sergeant Grimjaw\",\r\n                      \"EntryId\": 88228\r\n                    },\r\n                    \"CustomStopWhenIDAppears\": \"\",\r\n                    \"GameObjectiveIndex\": 1,\r\n                    \"RunTime\": 120.0\r\n                  },\r\n                  \"TimeLimit\": 44\r\n                },\r\n                {\r\n                  \"$type\": \"Wait\",\r\n                  \"Delay\": 1.0,\r\n                  \"DelayMax\": 1.0\r\n                }\r\n              ],\r\n              \"IsSpecialElement\": true,\r\n              \"SpecialElementName\": \"Do\",\r\n              \"GroupName\": \"\"\r\n            },\r\n            \"Conditions\": [\r\n              {\r\n                \"Condition\": {\r\n                  \"$type\": \"CSharpCondition\",\r\n                  \"CSharpCode\": \"int progress = 1;\\r\\nint stage = ExecuteLua<int>(\\\"local _, currentStage = C_Scenario.GetInfo(); return currentStage;\\\");\\r\\nbool result = false;\\r\\nif (stage == progress)\\r\\n{\\r\\n\\tresult = true;\\r\\n}\\r\\nreturn result;\"\r\n                },\r\n                \"IsNot\": false\r\n              },\r\n              {\r\n                \"Condition\": null,\r\n                \"IsNot\": false\r\n              },\r\n              {\r\n                \"Condition\": null,\r\n                \"IsNot\": false\r\n              },\r\n              {\r\n                \"Condition\": null,\r\n                \"IsNot\": false\r\n              }\r\n            ],\r\n            \"IsNot\": false,\r\n            \"CheckFrequently\": true\r\n          },\r\n          {\r\n            \"$type\": \"Comment\",\r\n            \"Text\": \"Stage 2: The Scouting Party\",\r\n            \"Color\": \"64, 128, 128\"\r\n          },\r\n          {\r\n            \"$type\": \"While\",\r\n            \"LoopActions\": {\r\n              \"Children\": [\r\n                {\r\n                  \"$type\": \"KillMobsTemplateScriptAction\",\r\n                  \"Template\": {\r\n                    \"$type\": \"KillMobsTemplate\",\r\n                    \"TargetObjects\": [\r\n                      {\r\n                        \"Hotspot\": {\r\n                          \"Position\": \"5687.079 4500.76 128.8873\",\r\n                          \"GroundPosition\": \"0 0 0\",\r\n                          \"IsGroundPosition\": false,\r\n                          \"ContinentId\": 1330\r\n                        },\r\n                        \"Name\": \"Thunderlord Spearhand\",\r\n                        \"EntryId\": 88263\r\n                      },\r\n                      {\r\n                        \"Hotspot\": {\r\n                          \"Position\": \"5702.584 4507.767 128.7025\",\r\n                          \"GroundPosition\": \"0 0 0\",\r\n                          \"IsGroundPosition\": false,\r\n                          \"ContinentId\": 1330\r\n                        },\r\n                        \"Name\": \"Thunderlord Beastmaster\",\r\n                        \"EntryId\": 88265\r\n                      },\r\n                      {\r\n                        \"Hotspot\": {\r\n                          \"Position\": \"5700.055 4510 128.0574\",\r\n                          \"GroundPosition\": \"0 0 0\",\r\n                          \"IsGroundPosition\": false,\r\n                          \"ContinentId\": 1330\r\n                        },\r\n                        \"Name\": \"Trained Coldsnout\",\r\n                        \"EntryId\": 72934\r\n                      },\r\n                      {\r\n                        \"Hotspot\": {\r\n                          \"Position\": \"5690.683 4513.149 126.0505\",\r\n                          \"GroundPosition\": \"0 0 0\",\r\n                          \"IsGroundPosition\": false,\r\n                          \"ContinentId\": 1330\r\n                        },\r\n                        \"Name\": \"Thunderlord Shaman\",\r\n                        \"EntryId\": 88266\r\n                      }\r\n                    ],\r\n                    \"HotspotsX\": [\r\n                      {\r\n                        \"Position\": \"5702.266 4506.904 128.827\",\r\n                        \"GroundPosition\": \"0 0 0\",\r\n                        \"IsGroundPosition\": false,\r\n                        \"ContinentId\": 1330\r\n                      }\r\n                    ],\r\n                    \"Blackspots\": [],\r\n                    \"ForceLoot\": false,\r\n                    \"ForcePullMobs\": false,\r\n                    \"GameObjectiveIndex\": 1,\r\n                    \"RunTime\": 5.0\r\n                  },\r\n                  \"TimeLimit\": 15\r\n                },\r\n                {\r\n                  \"$type\": \"Wait\",\r\n                  \"Delay\": 1.0,\r\n                  \"DelayMax\": 1.0\r\n                }\r\n              ],\r\n              \"IsSpecialElement\": true,\r\n              \"SpecialElementName\": \"Do\",\r\n              \"GroupName\": \"\"\r\n            },\r\n            \"Conditions\": [\r\n              {\r\n                \"Condition\": {\r\n                  \"$type\": \"CSharpCondition\",\r\n                  \"CSharpCode\": \"int progress = 2;\\r\\nint stage = ExecuteLua<int>(\\\"local _, currentStage = C_Scenario.GetInfo(); return currentStage;\\\");\\r\\nbool result = false;\\r\\nif (stage == progress)\\r\\n{\\r\\n\\tresult = true;\\r\\n}\\r\\nreturn result;\"\r\n                },\r\n                \"IsNot\": false\r\n              },\r\n              {\r\n                \"Condition\": null,\r\n                \"IsNot\": false\r\n              },\r\n              {\r\n                \"Condition\": null,\r\n                \"IsNot\": false\r\n              },\r\n              {\r\n                \"Condition\": null,\r\n                \"IsNot\": false\r\n              }\r\n            ],\r\n            \"IsNot\": false,\r\n            \"CheckFrequently\": true\r\n          },\r\n          {\r\n            \"$type\": \"Comment\",\r\n            \"Text\": \"Stage 3: Hold Out!\",\r\n            \"Color\": \"64, 128, 128\"\r\n          },\r\n          {\r\n            \"$type\": \"While\",\r\n            \"LoopActions\": {\r\n              \"Children\": [\r\n                {\r\n                  \"$type\": \"KillMobsTemplateScriptAction\",\r\n                  \"Template\": {\r\n                    \"$type\": \"KillMobsTemplate\",\r\n                    \"TargetObjects\": [\r\n                      {\r\n                        \"Hotspot\": {\r\n                          \"Position\": \"5533.138 4483.808 133.4025\",\r\n                          \"GroundPosition\": \"0 0 0\",\r\n                          \"IsGroundPosition\": false,\r\n                          \"ContinentId\": 1330\r\n                        },\r\n                        \"Name\": \"Thunderlord Gronnstalker\",\r\n                        \"EntryId\": 88268\r\n                      },\r\n                      {\r\n                        \"Hotspot\": {\r\n                          \"Position\": \"5526.88 4503.529 133.4055\",\r\n                          \"GroundPosition\": \"0 0 0\",\r\n                          \"IsGroundPosition\": false,\r\n                          \"ContinentId\": 1330\r\n                        },\r\n                        \"Name\": \"Thunderlord Spearhand\",\r\n                        \"EntryId\": 88773\r\n                      },\r\n                      {\r\n                        \"Hotspot\": {\r\n                          \"Position\": \"5592.936 4554.099 132.3545\",\r\n                          \"GroundPosition\": \"0 0 0\",\r\n                          \"IsGroundPosition\": false,\r\n                          \"ContinentId\": 1330\r\n                        },\r\n                        \"Name\": \"Alliance Opportunist\",\r\n                        \"EntryId\": 87040\r\n                      },\r\n                      {\r\n                        \"Hotspot\": {\r\n                          \"Position\": \"5645.229 4545.528 119.1364\",\r\n                          \"GroundPosition\": \"0 0 0\",\r\n                          \"IsGroundPosition\": false,\r\n                          \"ContinentId\": 1330\r\n                        },\r\n                        \"Name\": \"Icemaw Scavenger\",\r\n                        \"EntryId\": 89217\r\n                      },\r\n                      {\r\n                        \"Hotspot\": {\r\n                          \"Position\": \"5649.796 4504.994 119.9509\",\r\n                          \"GroundPosition\": \"0 0 0\",\r\n                          \"IsGroundPosition\": false,\r\n                          \"ContinentId\": 1330\r\n                        },\r\n                        \"Name\": \"Thunderlord Shaman\",\r\n                        \"EntryId\": 88266\r\n                      },\r\n                      {\r\n                        \"Hotspot\": {\r\n                          \"Position\": \"5631.643 4492.795 119.7933\",\r\n                          \"GroundPosition\": \"0 0 0\",\r\n                          \"IsGroundPosition\": false,\r\n                          \"ContinentId\": 1330\r\n                        },\r\n                        \"Name\": \"Trained Coldsnout\",\r\n                        \"EntryId\": 72934\r\n                      },\r\n                      {\r\n                        \"Name\": \"Grom'kar Sniper\",\r\n                        \"EntryId\": 89241,\r\n                        \"CSharpCode\": \"\"\r\n                      },\r\n                      {\r\n                        \"Name\": \"Thunderlord Beastmaster\",\r\n                        \"EntryId\": 88265,\r\n                        \"CSharpCode\": \"\"\r\n                      },\r\n                      {\r\n                        \"Hotspot\": {\r\n                          \"Position\": \"5614.85 4505.634 119.2705\",\r\n                          \"GroundPosition\": \"0 0 0\",\r\n                          \"IsGroundPosition\": false,\r\n                          \"ContinentId\": 1330\r\n                        },\r\n                        \"Name\": \"Shattered Hand Assassin\",\r\n                        \"EntryId\": 89219\r\n                      }\r\n                    ],\r\n                    \"HotspotsX\": [\r\n                      {\r\n                        \"Position\": \"5531.58 4494.061 133.5502\",\r\n                        \"GroundPosition\": \"0 0 0\",\r\n                        \"IsGroundPosition\": false,\r\n                        \"ContinentId\": 1330\r\n                      },\r\n                      {\r\n                        \"Position\": \"5621.27 4469.932 130.2034\",\r\n                        \"GroundPosition\": \"0 0 0\",\r\n                        \"IsGroundPosition\": false,\r\n                        \"ContinentId\": 1330\r\n                      },\r\n                      {\r\n                        \"Position\": \"5602.042 4563.622 134.8768\",\r\n                        \"GroundPosition\": \"0 0 0\",\r\n                        \"IsGroundPosition\": false,\r\n                        \"ContinentId\": 1330\r\n                      },\r\n                      {\r\n                        \"Position\": \"5641.972 4524.594 119.0123\",\r\n                        \"GroundPosition\": \"0 0 0\",\r\n                        \"IsGroundPosition\": false,\r\n                        \"ContinentId\": 1330\r\n                      },\r\n                      {\r\n                        \"Position\": \"5649.011 4548.859 119.2493\",\r\n                        \"GroundPosition\": \"0 0 0\",\r\n                        \"IsGroundPosition\": false,\r\n                        \"ContinentId\": 1330\r\n                      },\r\n                      {\r\n                        \"Position\": \"5694.084 4513.424 126.6303\",\r\n                        \"GroundPosition\": \"0 0 0\",\r\n                        \"IsGroundPosition\": false,\r\n                        \"ContinentId\": 1330\r\n                      },\r\n                      {\r\n                        \"Position\": \"5549.839 4521.26 131.2587\",\r\n                        \"GroundPosition\": \"0 0 0\",\r\n                        \"IsGroundPosition\": false,\r\n                        \"ContinentId\": 1330\r\n                      }\r\n                    ],\r\n                    \"Blackspots\": [\r\n                      \"5591.942 4466.776 130.3695 4.17787\",\r\n                      \"5575.795 4478.395 130.367 6.144729\",\r\n                      \"5480.21 4530.244 142.3257 12.95605\"\r\n                    ],\r\n                    \"ForceLoot\": false,\r\n                    \"ForcePullMobs\": false,\r\n                    \"GameObjectiveIndex\": 1,\r\n                    \"RunTime\": 5.0\r\n                  },\r\n                  \"TimeLimit\": 30\r\n                },\r\n                {\r\n                  \"$type\": \"Wait\",\r\n                  \"Delay\": 1.0,\r\n                  \"DelayMax\": 1.0\r\n                }\r\n              ],\r\n              \"IsSpecialElement\": true,\r\n              \"SpecialElementName\": \"Do\",\r\n              \"GroupName\": \"\"\r\n            },\r\n            \"Conditions\": [\r\n              {\r\n                \"Condition\": {\r\n                  \"$type\": \"CSharpCondition\",\r\n                  \"CSharpCode\": \"int progress = 3;\\r\\nint stage = ExecuteLua<int>(\\\"local _, currentStage = C_Scenario.GetInfo(); return currentStage;\\\");\\r\\nbool result = false;\\r\\nif (stage == progress)\\r\\n{\\r\\n\\tresult = true;\\r\\n}\\r\\nreturn result;\"\r\n                },\r\n                \"IsNot\": false\r\n              },\r\n              {\r\n                \"Condition\": null,\r\n                \"IsNot\": false\r\n              },\r\n              {\r\n                \"Condition\": null,\r\n                \"IsNot\": false\r\n              },\r\n              {\r\n                \"Condition\": null,\r\n                \"IsNot\": false\r\n              }\r\n            ],\r\n            \"IsNot\": false,\r\n            \"CheckFrequently\": true\r\n          },\r\n          {\r\n            \"$type\": \"Comment\",\r\n            \"Text\": \"Stage 4: Cleanup\",\r\n            \"Color\": \"64, 128, 128\"\r\n          },\r\n          {\r\n            \"$type\": \"While\",\r\n            \"LoopActions\": {\r\n              \"Children\": [\r\n                {\r\n                  \"$type\": \"KillMobsTemplateScriptAction\",\r\n                  \"Template\": {\r\n                    \"$type\": \"KillMobsTemplate\",\r\n                    \"TargetObjects\": [\r\n                      {\r\n                        \"Hotspot\": {\r\n                          \"Position\": \"5533.138 4483.808 133.4025\",\r\n                          \"GroundPosition\": \"0 0 0\",\r\n                          \"IsGroundPosition\": false,\r\n                          \"ContinentId\": 1330\r\n                        },\r\n                        \"Name\": \"Thunderlord Gronnstalker\",\r\n                        \"EntryId\": 88268\r\n                      },\r\n                      {\r\n                        \"Hotspot\": {\r\n                          \"Position\": \"5526.88 4503.529 133.4055\",\r\n                          \"GroundPosition\": \"0 0 0\",\r\n                          \"IsGroundPosition\": false,\r\n                          \"ContinentId\": 1330\r\n                        },\r\n                        \"Name\": \"Thunderlord Spearhand\",\r\n                        \"EntryId\": 88773\r\n                      },\r\n                      {\r\n                        \"Hotspot\": {\r\n                          \"Position\": \"5592.936 4554.099 132.3545\",\r\n                          \"GroundPosition\": \"0 0 0\",\r\n                          \"IsGroundPosition\": false,\r\n                          \"ContinentId\": 1330\r\n                        },\r\n                        \"Name\": \"Alliance Opportunist\",\r\n                        \"EntryId\": 87040\r\n                      },\r\n                      {\r\n                        \"Hotspot\": {\r\n                          \"Position\": \"5645.229 4545.528 119.1364\",\r\n                          \"GroundPosition\": \"0 0 0\",\r\n                          \"IsGroundPosition\": false,\r\n                          \"ContinentId\": 1330\r\n                        },\r\n                        \"Name\": \"Icemaw Scavenger\",\r\n                        \"EntryId\": 89217\r\n                      },\r\n                      {\r\n                        \"Hotspot\": {\r\n                          \"Position\": \"5649.796 4504.994 119.9509\",\r\n                          \"GroundPosition\": \"0 0 0\",\r\n                          \"IsGroundPosition\": false,\r\n                          \"ContinentId\": 1330\r\n                        },\r\n                        \"Name\": \"Thunderlord Shaman\",\r\n                        \"EntryId\": 88266\r\n                      },\r\n                      {\r\n                        \"Hotspot\": {\r\n                          \"Position\": \"5631.643 4492.795 119.7933\",\r\n                          \"GroundPosition\": \"0 0 0\",\r\n                          \"IsGroundPosition\": false,\r\n                          \"ContinentId\": 1330\r\n                        },\r\n                        \"Name\": \"Trained Coldsnout\",\r\n                        \"EntryId\": 72934\r\n                      },\r\n                      {\r\n                        \"Name\": \"Grom'kar Sniper\",\r\n                        \"EntryId\": 89241,\r\n                        \"CSharpCode\": \"\"\r\n                      },\r\n                      {\r\n                        \"Name\": \"Thunderlord Beastmaster\",\r\n                        \"EntryId\": 88265,\r\n                        \"CSharpCode\": \"\"\r\n                      },\r\n                      {\r\n                        \"Hotspot\": {\r\n                          \"Position\": \"5614.85 4505.634 119.2705\",\r\n                          \"GroundPosition\": \"0 0 0\",\r\n                          \"IsGroundPosition\": false,\r\n                          \"ContinentId\": 1330\r\n                        },\r\n                        \"Name\": \"Shattered Hand Assassin\",\r\n                        \"EntryId\": 89219\r\n                      }\r\n                    ],\r\n                    \"HotspotsX\": [\r\n                      {\r\n                        \"Position\": \"5531.58 4494.061 133.5502\",\r\n                        \"GroundPosition\": \"0 0 0\",\r\n                        \"IsGroundPosition\": false,\r\n                        \"ContinentId\": 1330\r\n                      },\r\n                      {\r\n                        \"Position\": \"5621.27 4469.932 130.2034\",\r\n                        \"GroundPosition\": \"0 0 0\",\r\n                        \"IsGroundPosition\": false,\r\n                        \"ContinentId\": 1330\r\n                      },\r\n                      {\r\n                        \"Position\": \"5602.042 4563.622 134.8768\",\r\n                        \"GroundPosition\": \"0 0 0\",\r\n                        \"IsGroundPosition\": false,\r\n                        \"ContinentId\": 1330\r\n                      },\r\n                      {\r\n                        \"Position\": \"5641.972 4524.594 119.0123\",\r\n                        \"GroundPosition\": \"0 0 0\",\r\n                        \"IsGroundPosition\": false,\r\n                        \"ContinentId\": 1330\r\n                      },\r\n                      {\r\n                        \"Position\": \"5649.011 4548.859 119.2493\",\r\n                        \"GroundPosition\": \"0 0 0\",\r\n                        \"IsGroundPosition\": false,\r\n                        \"ContinentId\": 1330\r\n                      },\r\n                      {\r\n                        \"Position\": \"5694.084 4513.424 126.6303\",\r\n                        \"GroundPosition\": \"0 0 0\",\r\n                        \"IsGroundPosition\": false,\r\n                        \"ContinentId\": 1330\r\n                      },\r\n                      {\r\n                        \"Position\": \"5549.839 4521.26 131.2587\",\r\n                        \"GroundPosition\": \"0 0 0\",\r\n                        \"IsGroundPosition\": false,\r\n                        \"ContinentId\": 1330\r\n                      }\r\n                    ],\r\n                    \"Blackspots\": [\r\n                      \"5591.942 4466.776 130.3695 4.17787\",\r\n                      \"5575.795 4478.395 130.367 6.144729\",\r\n                      \"5480.21 4530.244 142.3257 12.95605\"\r\n                    ],\r\n                    \"ForceLoot\": false,\r\n                    \"ForcePullMobs\": false,\r\n                    \"GameObjectiveIndex\": 1,\r\n                    \"RunTime\": 5.0\r\n                  },\r\n                  \"TimeLimit\": 30\r\n                },\r\n                {\r\n                  \"$type\": \"Wait\",\r\n                  \"Delay\": 1.0,\r\n                  \"DelayMax\": 1.0\r\n                }\r\n              ],\r\n              \"IsSpecialElement\": true,\r\n              \"SpecialElementName\": \"Do\",\r\n              \"GroupName\": \"\"\r\n            },\r\n            \"Conditions\": [\r\n              {\r\n                \"Condition\": {\r\n                  \"$type\": \"CSharpCondition\",\r\n                  \"CSharpCode\": \"int progress = 4;\\r\\nint stage = ExecuteLua<int>(\\\"local _, currentStage = C_Scenario.GetInfo(); return currentStage;\\\");\\r\\nbool result = false;\\r\\nif (stage == progress)\\r\\n{\\r\\n\\tresult = true;\\r\\n}\\r\\nreturn result;\"\r\n                },\r\n                \"IsNot\": false\r\n              },\r\n              {\r\n                \"Condition\": null,\r\n                \"IsNot\": false\r\n              },\r\n              {\r\n                \"Condition\": null,\r\n                \"IsNot\": false\r\n              },\r\n              {\r\n                \"Condition\": null,\r\n                \"IsNot\": false\r\n              }\r\n            ],\r\n            \"IsNot\": false,\r\n            \"CheckFrequently\": true\r\n          },\r\n          {\r\n            \"$type\": \"Comment\",\r\n            \"Text\": \"Stage 5: The Calm\",\r\n            \"Color\": \"64, 128, 128\"\r\n          },\r\n          {\r\n            \"$type\": \"While\",\r\n            \"LoopActions\": {\r\n              \"Children\": [\r\n                {\r\n                  \"$type\": \"MoveTo\",\r\n                  \"Hotspot\": {\r\n                    \"Position\": \"5632.441 4529.628 119.0863\",\r\n                    \"GroundPosition\": \"0 0 0\",\r\n                    \"IsGroundPosition\": false,\r\n                    \"ContinentId\": 1330\r\n                  },\r\n                  \"Method\": \"Navi\"\r\n                },\r\n                {\r\n                  \"$type\": \"Wait\",\r\n                  \"Delay\": 15.0,\r\n                  \"DelayMax\": 0.0\r\n                }\r\n              ],\r\n              \"IsSpecialElement\": true,\r\n              \"SpecialElementName\": \"Do\",\r\n              \"GroupName\": \"\"\r\n            },\r\n            \"Conditions\": [\r\n              {\r\n                \"Condition\": {\r\n                  \"$type\": \"CSharpCondition\",\r\n                  \"CSharpCode\": \"int progress = 5;\\r\\nint stage = ExecuteLua<int>(\\\"local _, currentStage = C_Scenario.GetInfo(); return currentStage;\\\");\\r\\nbool result = false;\\r\\nif (stage == progress)\\r\\n{\\r\\n\\tresult = true;\\r\\n}\\r\\nreturn result;\"\r\n                },\r\n                \"IsNot\": false\r\n              },\r\n              {\r\n                \"Condition\": null,\r\n                \"IsNot\": false\r\n              },\r\n              {\r\n                \"Condition\": null,\r\n                \"IsNot\": false\r\n              },\r\n              {\r\n                \"Condition\": null,\r\n                \"IsNot\": false\r\n              }\r\n            ],\r\n            \"IsNot\": false,\r\n            \"CheckFrequently\": true\r\n          },\r\n          {\r\n            \"$type\": \"Comment\",\r\n            \"Text\": \"Stage 6: Commander's Fall\",\r\n            \"Color\": \"64, 128, 128\"\r\n          },\r\n          {\r\n            \"$type\": \"While\",\r\n            \"LoopActions\": {\r\n              \"Children\": [\r\n                {\r\n                  \"$type\": \"MoveTo\",\r\n                  \"Hotspot\": {\r\n                    \"Position\": \"5684.794 4517.395 124.4371\",\r\n                    \"GroundPosition\": \"0 0 0\",\r\n                    \"IsGroundPosition\": false,\r\n                    \"ContinentId\": 1330\r\n                  },\r\n                  \"Method\": \"Navi\"\r\n                },\r\n                {\r\n                  \"$type\": \"CSharpAction\",\r\n                  \"CSharpCode\": \"DisableCombat = true;\\r\\n\"\r\n                },\r\n                {\r\n                  \"$type\": \"While\",\r\n                  \"LoopActions\": {\r\n                    \"Children\": [\r\n                      {\r\n                        \"$type\": \"Comment\",\r\n                        \"Text\": \"Targeting Aggar Thunder-Reaver!\",\r\n                        \"Color\": \"64, 128, 128\"\r\n                      },\r\n                      {\r\n                        \"$type\": \"CSharpAction\",\r\n                        \"CSharpCode\": \"foreach (UnitObject unit in Units)\\r\\n        {\\r\\n            if (unit.EntryID == 79609 && !unit.IsDead)\\r\\n            {\\r\\n                Me.SetFocus(unit);\\r\\n                Me.SetTarget(unit);\\r\\n\\t\\treturn;\\r\\n            }\\r\\n        }\\r\\n\"\r\n                      },\r\n                      {\r\n                        \"$type\": \"Wait\",\r\n                        \"Delay\": 4.0,\r\n                        \"DelayMax\": 5.0\r\n                      }\r\n                    ],\r\n                    \"IsSpecialElement\": true,\r\n                    \"SpecialElementName\": \"Do\",\r\n                    \"GroupName\": \"\"\r\n                  },\r\n                  \"Conditions\": [\r\n                    {\r\n                      \"Condition\": {\r\n                        \"$type\": \"CSharpCondition\",\r\n                        \"CSharpCode\": \"Me.Focus == null\"\r\n                      },\r\n                      \"IsNot\": false\r\n                    },\r\n                    {\r\n                      \"Condition\": null,\r\n                      \"IsNot\": false\r\n                    },\r\n                    {\r\n                      \"Condition\": null,\r\n                      \"IsNot\": false\r\n                    },\r\n                    {\r\n                      \"Condition\": null,\r\n                      \"IsNot\": false\r\n                    }\r\n                  ],\r\n                  \"IsNot\": false,\r\n                  \"CheckFrequently\": true\r\n                },\r\n                {\r\n                  \"$type\": \"If\",\r\n                  \"ActionsFalse\": {\r\n                    \"Children\": [],\r\n                    \"IsSpecialElement\": true,\r\n                    \"SpecialElementName\": \"Else\",\r\n                    \"GroupName\": \"\"\r\n                  },\r\n                  \"ActionsTrue\": {\r\n                    \"Children\": [\r\n                      {\r\n                        \"$type\": \"Wait\",\r\n                        \"Delay\": 8.0,\r\n                        \"DelayMax\": 10.0\r\n                      },\r\n                      {\r\n                        \"$type\": \"CSharpAction\",\r\n                        \"CSharpCode\": \"DisableCombat = true;\\r\\nwhile(Me.Distance2DTo(Me.Focus.Position) > 10)\\r\\n{\\r\\n\\tMoveTo(Me.Focus.Position);\\r\\n\\tyield return 100;\\r\\n}\\r\\n\\r\\nExecuteLua(\\\"DraenorZoneAbilityFrame:Show(); DraenorZoneAbilityFrame.SpellButton:Click()\\\");\\r\\nyield return 1000;\\r\\n\\r\\nDisableCombat = false;\\r\\n\"\r\n                      }\r\n                    ],\r\n                    \"IsSpecialElement\": true,\r\n                    \"SpecialElementName\": \"Then\",\r\n                    \"GroupName\": \"\"\r\n                  },\r\n                  \"Conditions\": [\r\n                    {\r\n                      \"Condition\": {\r\n                        \"$type\": \"CSharpCondition\",\r\n                        \"CSharpCode\": \"Me.Focus != null && !Me.Focus.IsDead\"\r\n                      },\r\n                      \"IsNot\": false\r\n                    },\r\n                    {\r\n                      \"Condition\": null,\r\n                      \"IsNot\": false\r\n                    },\r\n                    {\r\n                      \"Condition\": null,\r\n                      \"IsNot\": false\r\n                    },\r\n                    {\r\n                      \"Condition\": null,\r\n                      \"IsNot\": false\r\n                    }\r\n                  ],\r\n                  \"IsNot\": false\r\n                },\r\n                {\r\n                  \"$type\": \"CSharpAction\",\r\n                  \"CSharpCode\": \"DisableCombat = false;\\r\\n\"\r\n                },\r\n                {\r\n                  \"$type\": \"KillMobsTemplateScriptAction\",\r\n                  \"Template\": {\r\n                    \"$type\": \"KillMobsTemplate\",\r\n                    \"TargetObjects\": [\r\n                      {\r\n                        \"Hotspot\": {\r\n                          \"Position\": \"5670.192 4524.427 120.8653\",\r\n                          \"GroundPosition\": \"0 0 0\",\r\n                          \"IsGroundPosition\": false,\r\n                          \"ContinentId\": 1330\r\n                        },\r\n                        \"Name\": \"Aggar Thunder-Reaver\",\r\n                        \"EntryId\": 79609\r\n                      }\r\n                    ],\r\n                    \"HotspotsX\": [\r\n                      {\r\n                        \"Position\": \"5668.396 4522.363 120.6517\",\r\n                        \"GroundPosition\": \"0 0 0\",\r\n                        \"IsGroundPosition\": false,\r\n                        \"ContinentId\": 1330\r\n                      }\r\n                    ],\r\n                    \"Blackspots\": [],\r\n                    \"ForceLoot\": false,\r\n                    \"ForcePullMobs\": false,\r\n                    \"GameObjectiveIndex\": 1,\r\n                    \"RunTime\": 5.0\r\n                  },\r\n                  \"TimeLimit\": 10\r\n                },\r\n                {\r\n                  \"$type\": \"Wait\",\r\n                  \"Delay\": 1.0,\r\n                  \"DelayMax\": 1.0\r\n                }\r\n              ],\r\n              \"IsSpecialElement\": true,\r\n              \"SpecialElementName\": \"Do\",\r\n              \"GroupName\": \"\"\r\n            },\r\n            \"Conditions\": [\r\n              {\r\n                \"Condition\": {\r\n                  \"$type\": \"CSharpCondition\",\r\n                  \"CSharpCode\": \"int progress = 6;\\r\\nint stage = ExecuteLua<int>(\\\"local _, currentStage = C_Scenario.GetInfo(); return currentStage;\\\");\\r\\nbool result = false;\\r\\nif (stage == progress)\\r\\n{\\r\\n\\tresult = true;\\r\\n}\\r\\nreturn result;\"\r\n                },\r\n                \"IsNot\": false\r\n              },\r\n              {\r\n                \"Condition\": null,\r\n                \"IsNot\": false\r\n              },\r\n              {\r\n                \"Condition\": null,\r\n                \"IsNot\": false\r\n              },\r\n              {\r\n                \"Condition\": null,\r\n                \"IsNot\": false\r\n              }\r\n            ],\r\n            \"IsNot\": false,\r\n            \"CheckFrequently\": true\r\n          }\r\n        ],\r\n        \"IsSpecialElement\": true,\r\n        \"SpecialElementName\": \"Do\",\r\n        \"GroupName\": \"\"\r\n      },\r\n      \"Conditions\": [\r\n        {\r\n          \"Condition\": {\r\n            \"$type\": \"CSharpCondition\",\r\n            \"CSharpCode\": \"!IsQuestInLogAndComplete(37291) && HasQuest(37291)\"\r\n          },\r\n          \"IsNot\": false\r\n        },\r\n        {\r\n          \"Condition\": null,\r\n          \"IsNot\": false\r\n        },\r\n        {\r\n          \"Condition\": null,\r\n          \"IsNot\": false\r\n        },\r\n        {\r\n          \"Condition\": null,\r\n          \"IsNot\": false\r\n        }\r\n      ],\r\n      \"IsNot\": false\r\n    }\r\n  ],\r\n  \"GroupName\": \"\"\r\n}",
  "ActionOrder": 1,
  "Actions": []
}