{
  "QuestID": 37669,
  "Version": 7,
  "FactionGroup": 1,
  "CreatedOn": "2015-01-24T08:12:40.055181Z",
  "UpdatedOn": "2016-02-15T07:43:18.7518409Z",
  "Comment": "",
  "CreatedBy": null,
  "AllowUpdates": false,
  "RecommendedLevel": 90,
  "Frequency": 1,
  "QuestStart": {
    "ObjectName": "Gazlowe",
    "EntryId": 78466,
    "AdditionalEntryIds": null,
    "ContinentId": 1116,
    "ZoneId": 7004,
    "Position": "5554.179 4589.436 141.1606",
    "TurnInType": 0,
    "IsIndoors": true,
    "MyFaction": 1
  },
  "ActionOrder": 1,
  "Actions": []
}