{
  "QuestID": 33582,
  "Version": 5,
  "FactionGroup": 1,
  "CreatedOn": "2014-11-22T00:16:41.9597405Z",
  "UpdatedOn": "2015-08-07T10:59:30.1444803Z",
  "Comment": "",
  "CreatedBy": null,
  "AllowUpdates": false,
  "RecommendedLevel": 95,
  "Frequency": 1,
  "QuestStart": {
    "ObjectName": "Kura the Blind",
    "EntryId": 75324,
    "AdditionalEntryIds": null,
    "ContinentId": 1116,
    "ZoneId": 6662,
    "Position": "2172.118 1613.33 132.08",
    "TurnInType": 0,
    "IsIndoors": true,
    "MyFaction": 0
  },
  "ActionOrder": 1,
  "Actions": [
    {
      "$type": "KillMobsTemplate",
      "TargetObjects": [
        {
          "Hotspot": {
            "Position": "1885.524 1055.708 127.3243",
            "GroundPosition": "0 0 0",
            "IsGroundPosition": false,
            "IsIndoors": true,
            "ContinentId": 1116
          },
          "Name": "Wing-Guard Kuuan",
          "EntryId": 75353
        }
      ],
      "HotspotsX": [
        {
          "Position": "1903.945 1042.348 126.0569",
          "GroundPosition": "0 0 0",
          "IsCaveEntry": true,
          "IsGroundPosition": false,
          "IsIndoors": true,
          "ContinentId": 1116
        }
      ],
      "Blackspots": [],
      "ForceLoot": false,
      "ForcePullMobs": false,
      "GameObjectiveIndex": 1,
      "RunTime": 5.0
    }
  ]
}