{
  "QuestID": 33581,
  "Version": 24,
  "FactionGroup": 1,
  "CreatedOn": "2014-11-22T00:13:30.7614929Z",
  "UpdatedOn": "2015-08-07T10:59:22.2605177Z",
  "Comment": "",
  "CreatedBy": null,
  "AllowUpdates": false,
  "RecommendedLevel": 95,
  "Frequency": 1,
  "QuestStart": {
    "ObjectName": "Darkscryer Raastok",
    "EntryId": 75323,
    "AdditionalEntryIds": null,
    "ContinentId": 1116,
    "ZoneId": 6662,
    "Position": "2149.842 1629.007 131.5271",
    "TurnInType": 0,
    "MyFaction": 1
  },
  "QuestEnd": {
    "ObjectName": "Darkscryer Raastok",
    "EntryId": 75323,
    "AdditionalEntryIds": null,
    "ContinentId": 1116,
    "ZoneId": 6662,
    "Position": "2149.842 1629.007 131.527",
    "TurnInType": 0,
    "MyFaction": 1
  },
  "UseScript": true,
  "ScriptText": "{\r\n  \"Children\": [\r\n    {\r\n      \"$type\": \"While\",\r\n      \"LoopActions\": {\r\n        \"Children\": [\r\n          {\r\n            \"$type\": \"CollectObjectsTemplateScriptAction\",\r\n            \"Template\": {\r\n              \"$type\": \"CollectObjectsTemplate\",\r\n              \"TargetObjects\": [\r\n                {\r\n                  \"Hotspot\": {\r\n                    \"Position\": \"2014.339 1316.832 119.1416\",\r\n                    \"GroundPosition\": \"0 0 0\",\r\n                    \"IsGroundPosition\": false,\r\n                    \"ContinentId\": 1116\r\n                  },\r\n                  \"Name\": \"Curses: A Practical Guide\",\r\n                  \"EntryId\": 225505\r\n                },\r\n                {\r\n                  \"Hotspot\": {\r\n                    \"Position\": \"1934.745 1377.627 126.3678\",\r\n                    \"GroundPosition\": \"0 0 0\",\r\n                    \"IsGroundPosition\": false,\r\n                    \"ContinentId\": 1116\r\n                  },\r\n                  \"Name\": \"Act Like a Crone, Think Like a Sage\",\r\n                  \"EntryId\": 225511\r\n                },\r\n                {\r\n                  \"Hotspot\": {\r\n                    \"Position\": \"1909.955 1342.655 129.2864\",\r\n                    \"GroundPosition\": \"0 0 0\",\r\n                    \"IsGroundPosition\": false,\r\n                    \"ContinentId\": 1116\r\n                  },\r\n                  \"Name\": \"The 7 Habits of Highly Effective Hexxers\",\r\n                  \"EntryId\": 225507\r\n                },\r\n                {\r\n                  \"Hotspot\": {\r\n                    \"Position\": \"2014.339 1316.832 119.1416\",\r\n                    \"GroundPosition\": \"0 0 0\",\r\n                    \"IsGroundPosition\": false,\r\n                    \"ContinentId\": 1116\r\n                  },\r\n                  \"Name\": \"How To Jinx Your Enemies Without Really Trying\",\r\n                  \"EntryId\": 225506\r\n                },\r\n                {\r\n                  \"Hotspot\": {\r\n                    \"Position\": \"2037.01 1152.431 113.0514\",\r\n                    \"GroundPosition\": \"0 0 0\",\r\n                    \"IsGroundPosition\": false,\r\n                    \"ContinentId\": 1116\r\n                  },\r\n                  \"Name\": \"Basketweaving the Sinister Way\",\r\n                  \"EntryId\": 225508\r\n                },\r\n                {\r\n                  \"Hotspot\": {\r\n                    \"Position\": \"2004.531 1112.53 118.9468\",\r\n                    \"GroundPosition\": \"0 0 0\",\r\n                    \"IsGroundPosition\": false,\r\n                    \"ContinentId\": 1116\r\n                  },\r\n                  \"Name\": \"Augury Without Bounds\",\r\n                  \"EntryId\": 225514\r\n                },\r\n                {\r\n                  \"Hotspot\": {\r\n                    \"Position\": \"2037.01 1152.431 113.0514\",\r\n                    \"GroundPosition\": \"0 0 0\",\r\n                    \"IsGroundPosition\": false,\r\n                    \"ContinentId\": 1116\r\n                  },\r\n                  \"Name\": \"Fifty Layers of Shadow\",\r\n                  \"EntryId\": 225515\r\n                },\r\n                {\r\n                  \"Hotspot\": {\r\n                    \"Position\": \"2021.288 1218.986 111.6425\",\r\n                    \"GroundPosition\": \"0 0 0\",\r\n                    \"IsGroundPosition\": false,\r\n                    \"ContinentId\": 1116\r\n                  },\r\n                  \"Name\": \"What Exactly Is Scrying Anyway?\",\r\n                  \"EntryId\": 224836\r\n                },\r\n                {\r\n                  \"Hotspot\": {\r\n                    \"Position\": \"1909.955 1342.655 129.2864\",\r\n                    \"GroundPosition\": \"0 0 0\",\r\n                    \"IsGroundPosition\": false,\r\n                    \"ContinentId\": 1116\r\n                  },\r\n                  \"Name\": \"The Art of Darkness\",\r\n                  \"EntryId\": 225509\r\n                }\r\n              ],\r\n              \"HotspotsX\": [\r\n                {\r\n                  \"Position\": \"1899.133 1417.588 118.9961\",\r\n                  \"GroundPosition\": \"0 0 0\",\r\n                  \"IsGroundPosition\": false,\r\n                  \"ContinentId\": 1116\r\n                },\r\n                {\r\n                  \"Position\": \"1931.875 1377.552 125.2857\",\r\n                  \"GroundPosition\": \"0 0 0\",\r\n                  \"IsGroundPosition\": false,\r\n                  \"ContinentId\": 1116\r\n                },\r\n                {\r\n                  \"Position\": \"1909.483 1344.756 129.1571\",\r\n                  \"GroundPosition\": \"0 0 0\",\r\n                  \"IsGroundPosition\": false,\r\n                  \"ContinentId\": 1116\r\n                },\r\n                {\r\n                  \"Position\": \"2015.715 1313.909 119.0819\",\r\n                  \"GroundPosition\": \"0 0 0\",\r\n                  \"IsGroundPosition\": false,\r\n                  \"ContinentId\": 1116\r\n                },\r\n                {\r\n                  \"Position\": \"2020.914 1217.028 110.6111\",\r\n                  \"GroundPosition\": \"0 0 0\",\r\n                  \"IsGroundPosition\": false,\r\n                  \"ContinentId\": 1116\r\n                },\r\n                {\r\n                  \"Position\": \"2033.61 1152.23 112.9309\",\r\n                  \"GroundPosition\": \"0 0 0\",\r\n                  \"IsGroundPosition\": false,\r\n                  \"ContinentId\": 1116\r\n                },\r\n                {\r\n                  \"Position\": \"2006.948 1110.578 117.6661\",\r\n                  \"GroundPosition\": \"0 0 0\",\r\n                  \"IsGroundPosition\": false,\r\n                  \"ContinentId\": 1116\r\n                }\r\n              ],\r\n              \"Blackspots\": [],\r\n              \"IsLoot\": true,\r\n              \"OpeningCast\": false,\r\n              \"NoMovement\": false,\r\n              \"GameObjectiveIndex\": 1,\r\n              \"RunTime\": 5.0\r\n            },\r\n            \"TimeLimit\": 0\r\n          },\r\n          {\r\n            \"$type\": \"Wait\",\r\n            \"Delay\": 1.0,\r\n            \"DelayMax\": 0.0\r\n          },\r\n          {\r\n            \"$type\": \"If\",\r\n            \"ActionsFalse\": {\r\n              \"Children\": [],\r\n              \"IsSpecialElement\": true,\r\n              \"SpecialElementName\": \"Else\",\r\n              \"GroupName\": \"\"\r\n            },\r\n            \"ActionsTrue\": {\r\n              \"Children\": [\r\n                {\r\n                  \"$type\": \"ActionSequence\",\r\n                  \"Children\": [\r\n                    {\r\n                      \"$type\": \"If\",\r\n                      \"ActionsFalse\": {\r\n                        \"Children\": [],\r\n                        \"IsSpecialElement\": true,\r\n                        \"SpecialElementName\": \"Else\",\r\n                        \"GroupName\": \"\"\r\n                      },\r\n                      \"ActionsTrue\": {\r\n                        \"Children\": [\r\n                          {\r\n                            \"$type\": \"CSharpAction\",\r\n                            \"CSharpCode\": \"var killTarget = Me.GUID;\\r\\nint ID = 75336;\\r\\nint ID2 = 75337;\\r\\nfloat closestUnit = 5000f; // Insanely large distance, so first found distance will always be lower.\\r\\n\\r\\n// Identifying Closest Desired Unit\\r\\nforeach (var unit in Units)\\r\\n{\\r\\n\\tif ((unit.EntryID == ID || unit.EntryID == ID2) && !unit.IsDead)\\r\\n        {\\r\\n        \\tif (unit.Distance < closestUnit)\\r\\n                {\\r\\n                \\t// This stores the distance of the new unit, so when it re-iterates through,\\r\\n                    \\t// ultimately the unit with the lowest distance, or the one closest to you is stored\\r\\n                    closestUnit = unit.Distance;\\r\\n                    // This stores the GUID, which is necessary as ALL units share the same UnitID, but the GUID is a unique identifier.\\r\\n                    killTarget = unit.GUID;\\r\\n                }\\r\\n        }\\r\\n}\\r\\nif (closestUnit == 5000)\\r\\n{\\r\\n\\tPrint(\\\"No Units Found Within Targetable Range.\\\");\\r\\n}\\r\\nelse\\r\\n{\\r\\n\\tInt32 closest = (Int32)closestUnit; // Easier on the eyes to Print.\\r\\n        Print(\\\"Closest target is \\\" + closest + \\\" yards away.\\\");\\r\\n        // Setting Focus to closest Unit\\r\\n        foreach (var unit in Units)\\r\\n        {\\r\\n                if (unit.GUID == killTarget)\\r\\n                {\\r\\n                \\tMe.SetFocus(unit);\\r\\n                    \\tMe.SetTarget(unit);\\r\\n                   \\tbreak;\\r\\n                }\\r\\n        }\\r\\n}\\r\\n\"\r\n                          },\r\n                          {\r\n                            \"$type\": \"Wait\",\r\n                            \"Delay\": 1.0,\r\n                            \"DelayMax\": 0.0\r\n                          }\r\n                        ],\r\n                        \"IsSpecialElement\": true,\r\n                        \"SpecialElementName\": \"Then\",\r\n                        \"GroupName\": \"\"\r\n                      },\r\n                      \"Conditions\": [\r\n                        {\r\n                          \"Condition\": {\r\n                            \"$type\": \"CSharpCondition\",\r\n                            \"CSharpCode\": \"Me.Focus == null\"\r\n                          },\r\n                          \"IsNot\": false\r\n                        },\r\n                        {\r\n                          \"Condition\": null,\r\n                          \"IsNot\": false\r\n                        },\r\n                        {\r\n                          \"Condition\": null,\r\n                          \"IsNot\": false\r\n                        },\r\n                        {\r\n                          \"Condition\": null,\r\n                          \"IsNot\": false\r\n                        }\r\n                      ],\r\n                      \"IsNot\": false\r\n                    },\r\n                    {\r\n                      \"$type\": \"While\",\r\n                      \"LoopActions\": {\r\n                        \"Children\": [\r\n                          {\r\n                            \"$type\": \"CSharpAction\",\r\n                            \"CSharpCode\": \"MoveTo(Me.Focus.Position);\\r\\nyield return 100;\\r\\n\"\r\n                          }\r\n                        ],\r\n                        \"IsSpecialElement\": true,\r\n                        \"SpecialElementName\": \"Do\",\r\n                        \"GroupName\": \"\"\r\n                      },\r\n                      \"Conditions\": [\r\n                        {\r\n                          \"Condition\": {\r\n                            \"$type\": \"CSharpCondition\",\r\n                            \"CSharpCode\": \"Me.Focus != null && Me.Focus.Distance > 5\"\r\n                          },\r\n                          \"IsNot\": false\r\n                        },\r\n                        {\r\n                          \"Condition\": null,\r\n                          \"IsNot\": false\r\n                        },\r\n                        {\r\n                          \"Condition\": null,\r\n                          \"IsNot\": false\r\n                        },\r\n                        {\r\n                          \"Condition\": null,\r\n                          \"IsNot\": false\r\n                        }\r\n                      ],\r\n                      \"IsNot\": false\r\n                    },\r\n                    {\r\n                      \"$type\": \"If\",\r\n                      \"ActionsFalse\": {\r\n                        \"Children\": [\r\n                          {\r\n                            \"$type\": \"If\",\r\n                            \"ActionsFalse\": {\r\n                              \"Children\": [],\r\n                              \"IsSpecialElement\": true,\r\n                              \"SpecialElementName\": \"Else\",\r\n                              \"GroupName\": \"\"\r\n                            },\r\n                            \"ActionsTrue\": {\r\n                              \"Children\": [\r\n                                {\r\n                                  \"$type\": \"Comment\",\r\n                                  \"Text\": \"Outcast is in Combat! Let's Help out!\",\r\n                                  \"Color\": \"64, 128, 128\"\r\n                                },\r\n                                {\r\n                                  \"$type\": \"CSharpAction\",\r\n                                  \"CSharpCode\": \"Me.SetFocus(Me.Focus.Target);\\r\\nyield return 500;\\r\\nStartCombat(Me.Focus, \\\"Will be Able to Free Once NPC is Dead\\\");\\r\\n\"\r\n                                },\r\n                                {\r\n                                  \"$type\": \"Wait\",\r\n                                  \"Delay\": 2.0,\r\n                                  \"DelayMax\": 3.0\r\n                                },\r\n                                {\r\n                                  \"$type\": \"JumpToBlock\",\r\n                                  \"Target\": \"Locking On\"\r\n                                }\r\n                              ],\r\n                              \"IsSpecialElement\": true,\r\n                              \"SpecialElementName\": \"Then\",\r\n                              \"GroupName\": \"\"\r\n                            },\r\n                            \"Conditions\": [\r\n                              {\r\n                                \"Condition\": {\r\n                                  \"$type\": \"CSharpCondition\",\r\n                                  \"CSharpCode\": \"Me.Focus != null && Me.Focus.Target != null\\r\\n\"\r\n                                },\r\n                                \"IsNot\": false\r\n                              },\r\n                              {\r\n                                \"Condition\": null,\r\n                                \"IsNot\": false\r\n                              },\r\n                              {\r\n                                \"Condition\": null,\r\n                                \"IsNot\": false\r\n                              },\r\n                              {\r\n                                \"Condition\": null,\r\n                                \"IsNot\": false\r\n                              }\r\n                            ],\r\n                            \"IsNot\": false\r\n                          }\r\n                        ],\r\n                        \"IsSpecialElement\": true,\r\n                        \"SpecialElementName\": \"Else\",\r\n                        \"GroupName\": \"\"\r\n                      },\r\n                      \"ActionsTrue\": {\r\n                        \"Children\": [\r\n                          {\r\n                            \"$type\": \"CSharpAction\",\r\n                            \"CSharpCode\": \"Me.Focus.Interact()\\r\\n\"\r\n                          },\r\n                          {\r\n                            \"$type\": \"Wait\",\r\n                            \"Delay\": 5.0,\r\n                            \"DelayMax\": 6.0\r\n                          },\r\n                          {\r\n                            \"$type\": \"CSharpAction\",\r\n                            \"CSharpCode\": \"Me.ClearFocus();\\r\\n\"\r\n                          }\r\n                        ],\r\n                        \"IsSpecialElement\": true,\r\n                        \"SpecialElementName\": \"Then\",\r\n                        \"GroupName\": \"\"\r\n                      },\r\n                      \"Conditions\": [\r\n                        {\r\n                          \"Condition\": {\r\n                            \"$type\": \"CSharpCondition\",\r\n                            \"CSharpCode\": \"Me.Focus != null && Me.Focus.Target == null\"\r\n                          },\r\n                          \"IsNot\": false\r\n                        },\r\n                        {\r\n                          \"Condition\": null,\r\n                          \"IsNot\": false\r\n                        },\r\n                        {\r\n                          \"Condition\": null,\r\n                          \"IsNot\": false\r\n                        },\r\n                        {\r\n                          \"Condition\": null,\r\n                          \"IsNot\": false\r\n                        }\r\n                      ],\r\n                      \"IsNot\": false\r\n                    }\r\n                  ],\r\n                  \"GroupName\": \"Locking On\"\r\n                }\r\n              ],\r\n              \"IsSpecialElement\": true,\r\n              \"SpecialElementName\": \"Then\",\r\n              \"GroupName\": \"\"\r\n            },\r\n            \"Conditions\": [\r\n              {\r\n                \"Condition\": {\r\n                  \"$type\": \"CSharpCondition\",\r\n                  \"CSharpCode\": \"!IsQuestObjectiveComplete(33580,1) && HasQuest(33580)\"\r\n                },\r\n                \"IsNot\": false\r\n              },\r\n              {\r\n                \"Condition\": null,\r\n                \"IsNot\": false\r\n              },\r\n              {\r\n                \"Condition\": null,\r\n                \"IsNot\": false\r\n              },\r\n              {\r\n                \"Condition\": null,\r\n                \"IsNot\": false\r\n              }\r\n            ],\r\n            \"IsNot\": false\r\n          }\r\n        ],\r\n        \"IsSpecialElement\": true,\r\n        \"SpecialElementName\": \"Do\",\r\n        \"GroupName\": \"\"\r\n      },\r\n      \"Conditions\": [\r\n        {\r\n          \"Condition\": {\r\n            \"$type\": \"CSharpCondition\",\r\n            \"CSharpCode\": \"!IsQuestInLogAndComplete(33581)\"\r\n          },\r\n          \"IsNot\": false\r\n        },\r\n        {\r\n          \"Condition\": null,\r\n          \"IsNot\": false\r\n        },\r\n        {\r\n          \"Condition\": null,\r\n          \"IsNot\": false\r\n        },\r\n        {\r\n          \"Condition\": null,\r\n          \"IsNot\": false\r\n        }\r\n      ],\r\n      \"IsNot\": false\r\n    }\r\n  ],\r\n  \"GroupName\": \"\"\r\n}",
  "ActionOrder": 1,
  "Actions": []
}