{
  "QuestID": 33722,
  "Version": 5,
  "FactionGroup": 1,
  "CreatedOn": "2014-11-19T23:13:39.9062182Z",
  "UpdatedOn": "2015-08-07T10:52:11.9362308Z",
  "Comment": "",
  "CreatedBy": null,
  "AllowUpdates": false,
  "RecommendedLevel": 95,
  "Frequency": 1,
  "QuestStart": {
    "ObjectName": "Durotan",
    "EntryId": 75806,
    "AdditionalEntryIds": null,
    "ContinentId": 1116,
    "ZoneId": 6662,
    "Position": "3993.798 2165.915 117.8814",
    "TurnInType": 0,
    "IsIndoors": true,
    "MyFaction": 0
  },
  "QuestEnd": {
    "ObjectName": "Durotan",
    "EntryId": 75958,
    "AdditionalEntryIds": null,
    "ContinentId": 1116,
    "ZoneId": 6662,
    "Position": "3626.267 2320.623 67.09427",
    "TurnInType": 0,
    "IsIndoors": true,
    "MyFaction": 1
  },
  "ActionOrder": 1,
  "Actions": [
    {
      "$type": "KillMobsTemplate",
      "TargetObjects": [
        {
          "Hotspot": {
            "Position": "3854.832 2410.098 11.56693",
            "GroundPosition": "0 0 0",
            "IsGroundPosition": false,
            "ContinentId": 1116
          },
          "Name": "Grom'kar Vanguard",
          "EntryId": 77024
        },
        {
          "Hotspot": {
            "Position": "3839.573 2398.388 11.1768",
            "GroundPosition": "0 0 0",
            "IsGroundPosition": false,
            "ContinentId": 1116
          },
          "Name": "Warsong Overseer",
          "EntryId": 75745
        },
        {
          "Hotspot": {
            "Position": "3837.017 2372.958 13.99339",
            "GroundPosition": "0 0 0",
            "IsGroundPosition": false,
            "ContinentId": 1116
          },
          "Name": "Grom'kar Deadeye",
          "EntryId": 75749
        },
        {
          "Hotspot": {
            "Position": "3837.799 2458.219 10.92571",
            "GroundPosition": "0 0 0",
            "IsGroundPosition": false,
            "ContinentId": 1116
          },
          "Name": "Iron Shredder",
          "EntryId": 75815
        },
        {
          "Hotspot": {
            "Position": "4031.382 2468.866 12.9527",
            "GroundPosition": "0 0 0",
            "IsGroundPosition": false,
            "ContinentId": 1116
          },
          "Name": "Grom'kar Shadowblade",
          "EntryId": 75753
        },
        {
          "Hotspot": {
            "Position": "4046.491 2474.004 10.63486",
            "GroundPosition": "0 0 0",
            "IsGroundPosition": false,
            "ContinentId": 1116
          },
          "Name": "Grom'kar Grimshot",
          "EntryId": 75752
        },
        {
          "Hotspot": {
            "Position": "4127.406 2512.979 18.66344",
            "GroundPosition": "0 0 0",
            "IsGroundPosition": false,
            "ContinentId": 1116
          },
          "Name": "Grom'kar Peon",
          "EntryId": 80303
        }
      ],
      "HotspotsX": [
        {
          "Position": "3857.182 2407.314 12.09101",
          "GroundPosition": "0 0 0",
          "IsGroundPosition": false,
          "ContinentId": 1116
        },
        {
          "Position": "3987.325 2481.072 3.981474",
          "GroundPosition": "0 0 0",
          "IsGroundPosition": false,
          "ContinentId": 1116
        }
      ],
      "Blackspots": [],
      "ForceLoot": false,
      "ForcePullMobs": false,
      "GameObjectiveIndex": 1,
      "RunTime": 5.0
    }
  ]
}