{
  "QuestID": 33729,
  "Version": 29,
  "FactionGroup": 1,
  "CreatedOn": "2014-11-21T16:08:57.3282321Z",
  "UpdatedOn": "2015-10-02T07:44:53.822732Z",
  "Comment": "",
  "CreatedBy": null,
  "AllowUpdates": false,
  "RecommendedLevel": 95,
  "Frequency": 1,
  "QuestStart": {
    "ObjectName": "Gazlowe",
    "EntryId": 75941,
    "AdditionalEntryIds": null,
    "ContinentId": 1116,
    "ZoneId": 6662,
    "Position": "2793.064 2513.275 121.1406",
    "TurnInType": 0,
    "IsIndoors": true,
    "MyFaction": 0
  },
  "QuestEnd": {
    "ObjectName": "Iron Shredder Prototype",
    "EntryId": 75968,
    "AdditionalEntryIds": null,
    "ContinentId": 1116,
    "ZoneId": 6662,
    "Position": "2923.02 2383.514 114.9759",
    "TurnInType": 0,
    "MyFaction": 1
  },
  "UseScript": true,
  "ScriptText": "{\r\n  \"Children\": [\r\n    {\r\n      \"$type\": \"While\",\r\n      \"LoopActions\": {\r\n        \"Children\": [\r\n          {\r\n            \"$type\": \"CSharpAction\",\r\n            \"CSharpCode\": \"DisableCombat = true;\\r\\n\"\r\n          },\r\n          {\r\n            \"$type\": \"While\",\r\n            \"LoopActions\": {\r\n              \"Children\": [\r\n                {\r\n                  \"$type\": \"MoveTo\",\r\n                  \"Hotspot\": {\r\n                    \"Position\": \"2798.939 2527.842 121.1394\",\r\n                    \"GroundPosition\": \"0 0 0\",\r\n                    \"IsGroundPosition\": false,\r\n                    \"ContinentId\": 1116\r\n                  },\r\n                  \"Method\": \"Navi\"\r\n                },\r\n                {\r\n                  \"$type\": \"Interact\",\r\n                  \"Target\": {\r\n                    \"Name\": \"Iron Shredder Prototype\",\r\n                    \"EntryId\": 75721\r\n                  },\r\n                  \"NumOfTimes\": 0\r\n                },\r\n                {\r\n                  \"$type\": \"Wait\",\r\n                  \"Delay\": 2.0,\r\n                  \"DelayMax\": 3.0\r\n                }\r\n              ],\r\n              \"IsSpecialElement\": true,\r\n              \"SpecialElementName\": \"Do\",\r\n              \"GroupName\": \"\"\r\n            },\r\n            \"Conditions\": [\r\n              {\r\n                \"Condition\": {\r\n                  \"$type\": \"IsQuestObjectiveComplete\",\r\n                  \"QuestId\": 33729,\r\n                  \"ObjectiveIndex\": 1\r\n                },\r\n                \"IsNot\": false\r\n              },\r\n              {\r\n                \"Condition\": null,\r\n                \"IsNot\": false\r\n              },\r\n              {\r\n                \"Condition\": null,\r\n                \"IsNot\": false\r\n              },\r\n              {\r\n                \"Condition\": null,\r\n                \"IsNot\": false\r\n              }\r\n            ],\r\n            \"IsNot\": true,\r\n            \"CheckFrequently\": true\r\n          },\r\n          {\r\n            \"$type\": \"While\",\r\n            \"LoopActions\": {\r\n              \"Children\": [\r\n                {\r\n                  \"$type\": \"If\",\r\n                  \"ActionsFalse\": {\r\n                    \"Children\": [],\r\n                    \"IsSpecialElement\": true,\r\n                    \"SpecialElementName\": \"Else\",\r\n                    \"GroupName\": \"\"\r\n                  },\r\n                  \"ActionsTrue\": {\r\n                    \"Children\": [\r\n                      {\r\n                        \"$type\": \"Comment\",\r\n                        \"Text\": \"Woah! You Lost Your Transport! Let's Get a New One!\",\r\n                        \"Color\": \"64, 128, 128\"\r\n                      },\r\n                      {\r\n                        \"$type\": \"MoveTo\",\r\n                        \"Hotspot\": {\r\n                          \"Position\": \"2798.939 2527.842 121.1394\",\r\n                          \"GroundPosition\": \"0 0 0\",\r\n                          \"IsGroundPosition\": false,\r\n                          \"ContinentId\": 1116\r\n                        },\r\n                        \"Method\": \"Navi\"\r\n                      },\r\n                      {\r\n                        \"$type\": \"Interact\",\r\n                        \"Target\": {\r\n                          \"Name\": \"Iron Shredder Prototype\",\r\n                          \"EntryId\": 75721\r\n                        },\r\n                        \"NumOfTimes\": 0\r\n                      },\r\n                      {\r\n                        \"$type\": \"Wait\",\r\n                        \"Delay\": 2.0,\r\n                        \"DelayMax\": 3.0\r\n                      }\r\n                    ],\r\n                    \"IsSpecialElement\": true,\r\n                    \"SpecialElementName\": \"Then\",\r\n                    \"GroupName\": \"\"\r\n                  },\r\n                  \"Conditions\": [\r\n                    {\r\n                      \"Condition\": {\r\n                        \"$type\": \"CSharpCondition\",\r\n                        \"CSharpCode\": \"Me.IsOnTransport != true\"\r\n                      },\r\n                      \"IsNot\": false\r\n                    },\r\n                    {\r\n                      \"Condition\": null,\r\n                      \"IsNot\": false\r\n                    },\r\n                    {\r\n                      \"Condition\": null,\r\n                      \"IsNot\": false\r\n                    },\r\n                    {\r\n                      \"Condition\": null,\r\n                      \"IsNot\": false\r\n                    }\r\n                  ],\r\n                  \"IsNot\": false\r\n                },\r\n                {\r\n                  \"$type\": \"If\",\r\n                  \"ActionsFalse\": {\r\n                    \"Children\": [],\r\n                    \"IsSpecialElement\": true,\r\n                    \"SpecialElementName\": \"Else\",\r\n                    \"GroupName\": \"\"\r\n                  },\r\n                  \"ActionsTrue\": {\r\n                    \"Children\": [\r\n                      {\r\n                        \"$type\": \"Comment\",\r\n                        \"Text\": \"Heading to Tuurem... \",\r\n                        \"Color\": \"64, 128, 128\"\r\n                      },\r\n                      {\r\n                        \"$type\": \"CSharpAction\",\r\n                        \"CSharpCode\": \"Vector3 travel = new Vector3(2891.2f, 2443.1f, 116.9f);\\r\\n\\r\\nwhile (Me.Distance2DTo(travel) > 10)\\r\\n{\\r\\n\\tCTM(travel);\\r\\n\\tyield return 100;\\r\\n}\"\r\n                      },\r\n                      {\r\n                        \"$type\": \"CSharpAction\",\r\n                        \"CSharpCode\": \"Vector3 travel = new Vector3(2936.4f, 2440f, 114.1f);\\r\\n\\r\\nwhile (Me.Distance2DTo(travel) > 10)\\r\\n{\\r\\n\\tCTM(travel);\\r\\n\\tyield return 100;\\r\\n}\"\r\n                      },\r\n                      {\r\n                        \"$type\": \"CSharpAction\",\r\n                        \"CSharpCode\": \"Vector3 travel = new Vector3(2917.1f, 2340.1f, 115.3f);\\r\\n\\r\\nwhile (Me.Distance2DTo(travel) > 10)\\r\\n{\\r\\n\\tCTM(travel);\\r\\n\\tyield return 100;\\r\\n}\"\r\n                      }\r\n                    ],\r\n                    \"IsSpecialElement\": true,\r\n                    \"SpecialElementName\": \"Then\",\r\n                    \"GroupName\": \"\"\r\n                  },\r\n                  \"Conditions\": [\r\n                    {\r\n                      \"Condition\": {\r\n                        \"$type\": \"CSharpCondition\",\r\n                        \"CSharpCode\": \"Vector3 location = new Vector3(2833.9f, 2491.1f, 115.0f);\\r\\nif (Me.Distance2DTo(location) < 150) {\\r\\n    return true;\\r\\n}\\r\\nreturn false;\"\r\n                      },\r\n                      \"IsNot\": false\r\n                    },\r\n                    {\r\n                      \"Condition\": null,\r\n                      \"IsNot\": false\r\n                    },\r\n                    {\r\n                      \"Condition\": null,\r\n                      \"IsNot\": false\r\n                    },\r\n                    {\r\n                      \"Condition\": null,\r\n                      \"IsNot\": false\r\n                    }\r\n                  ],\r\n                  \"IsNot\": false\r\n                },\r\n                {\r\n                  \"$type\": \"While\",\r\n                  \"LoopActions\": {\r\n                    \"Children\": [\r\n                      {\r\n                        \"$type\": \"CSharpAction\",\r\n                        \"CSharpCode\": \"var killTarget = Me.GUID;\\r\\nfloat closestUnit = 5000f;\\r\\n// Blacklisted Areas\\r\\nVector3 location1 = new Vector3(2959.9f, 2302.9f, 114.4f);\\r\\nVector3 location2 = new Vector3(2975.1f, 2287.8f, 114.4f);\\r\\nVector3 location3 = new Vector3(2924.1f, 2102.7f, 113.4f);\\r\\nVector3 location4 = new Vector3(2944.5f, 2094.5f, 114.4f);\\r\\nVector3 location5 = new Vector3(2943.1f, 2093.1f, 119.4f);\\r\\nVector3 location6 = new Vector3(3003.4f, 2121.2f, 119.2f);\\r\\nVector3 location7 = new Vector3(2967.1f, 2107.4f, 113f);\\r\\n\\r\\nforeach (UnitObject unit in Units)\\r\\n{\\r\\n\\tif (((unit.EntryID == 75944) || (unit.EntryID == 75943) || (unit.EntryID == 77066) || (unit.EntryID == 75946) || (unit.EntryID == 75948)) && !unit.IsDead && unit.Distance2DTo(location1) > 10 && unit.Distance2DTo(location2) > 10 && unit.Distance2DTo(location3) > 15 && unit.Distance2DTo(location4) > 10 && unit.Distance2DTo(location5) > 10 && unit.Distance2DTo(location6) > 30 && unit.Distance2DTo(location7) > 10)\\r\\n        {\\r\\n        \\tif (unit.Distance < closestUnit)\\r\\n                {\\r\\n                    closestUnit = unit.Distance;\\r\\n                    killTarget = unit.GUID;\\r\\n                }\\r\\n        }\\r\\n}\\r\\nif (closestUnit == 5000)\\r\\n{\\r\\n\\tPrint(\\\"No Units Found Within Targetable Range.\\\");\\r\\n}\\r\\nelse\\r\\n{\\r\\n\\tInt32 closest = (Int32)closestUnit;\\r\\n\\tPrint(\\\"Next target is \\\" + closest + \\\" yards away.\\\");\\r\\n        foreach (UnitObject unit in Units)\\r\\n        {\\r\\n        \\tif (unit.GUID == killTarget)\\r\\n                {\\r\\n                    Me.SetFocus(unit);\\r\\n                    Me.SetTarget(unit);\\r\\n                    break;\\r\\n                }\\r\\n        }\\r\\n}\\r\\n\"\r\n                      }\r\n                    ],\r\n                    \"IsSpecialElement\": true,\r\n                    \"SpecialElementName\": \"Do\",\r\n                    \"GroupName\": \"\"\r\n                  },\r\n                  \"Conditions\": [\r\n                    {\r\n                      \"Condition\": {\r\n                        \"$type\": \"CSharpCondition\",\r\n                        \"CSharpCode\": \"Me.Focus == null\"\r\n                      },\r\n                      \"IsNot\": false\r\n                    },\r\n                    {\r\n                      \"Condition\": null,\r\n                      \"IsNot\": false\r\n                    },\r\n                    {\r\n                      \"Condition\": null,\r\n                      \"IsNot\": false\r\n                    },\r\n                    {\r\n                      \"Condition\": null,\r\n                      \"IsNot\": false\r\n                    }\r\n                  ],\r\n                  \"IsNot\": false\r\n                },\r\n                {\r\n                  \"$type\": \"While\",\r\n                  \"LoopActions\": {\r\n                    \"Children\": [\r\n                      {\r\n                        \"$type\": \"While\",\r\n                        \"LoopActions\": {\r\n                          \"Children\": [\r\n                            {\r\n                              \"$type\": \"CSharpAction\",\r\n                              \"CSharpCode\": \"MoveTo(Me.Focus.Position + (Me.Focus.Direction * 20));\\r\\n\"\r\n                            }\r\n                          ],\r\n                          \"IsSpecialElement\": true,\r\n                          \"SpecialElementName\": \"Do\",\r\n                          \"GroupName\": \"\"\r\n                        },\r\n                        \"Conditions\": [\r\n                          {\r\n                            \"Condition\": {\r\n                              \"$type\": \"CSharpCondition\",\r\n                              \"CSharpCode\": \"Me.Focus != null && !Me.Focus.IsDead && Me.Focus.Distance > 25\"\r\n                            },\r\n                            \"IsNot\": false\r\n                          },\r\n                          {\r\n                            \"Condition\": null,\r\n                            \"IsNot\": false\r\n                          },\r\n                          {\r\n                            \"Condition\": null,\r\n                            \"IsNot\": false\r\n                          },\r\n                          {\r\n                            \"Condition\": null,\r\n                            \"IsNot\": false\r\n                          }\r\n                        ],\r\n                        \"IsNot\": false,\r\n                        \"CheckFrequently\": true\r\n                      },\r\n                      {\r\n                        \"$type\": \"If\",\r\n                        \"ActionsFalse\": {\r\n                          \"Children\": [],\r\n                          \"IsSpecialElement\": true,\r\n                          \"SpecialElementName\": \"Else\",\r\n                          \"GroupName\": \"\"\r\n                        },\r\n                        \"ActionsTrue\": {\r\n                          \"Children\": [\r\n                            {\r\n                              \"$type\": \"If\",\r\n                              \"ActionsFalse\": {\r\n                                \"Children\": [],\r\n                                \"IsSpecialElement\": true,\r\n                                \"SpecialElementName\": \"Else\",\r\n                                \"GroupName\": \"\"\r\n                              },\r\n                              \"ActionsTrue\": {\r\n                                \"Children\": [\r\n                                  {\r\n                                    \"$type\": \"Comment\",\r\n                                    \"Text\": \"Death from Above!!!\",\r\n                                    \"Color\": \"64, 128, 128\"\r\n                                  },\r\n                                  {\r\n                                    \"$type\": \"CSharpAction\",\r\n                                    \"CSharpCode\": \"ExecuteLua(\\\"OverrideActionBarButton2:Click()\\\");\\r\\nyield return 300;\\r\\nif (Me.Focus != null)\\r\\n{\\r\\n\\tClickOnTerrain(Me.Focus.Position);\\r\\n}\\r\\nyield return 1000;\\r\\n\"\r\n                                  }\r\n                                ],\r\n                                \"IsSpecialElement\": true,\r\n                                \"SpecialElementName\": \"Then\",\r\n                                \"GroupName\": \"\"\r\n                              },\r\n                              \"Conditions\": [\r\n                                {\r\n                                  \"Condition\": {\r\n                                    \"$type\": \"CSharpCondition\",\r\n                                    \"CSharpCode\": \"Me.Focus != null && !Me.Focus.IsDead && Me.Focus.Distance > 10\"\r\n                                  },\r\n                                  \"IsNot\": false\r\n                                },\r\n                                {\r\n                                  \"Condition\": null,\r\n                                  \"IsNot\": false\r\n                                },\r\n                                {\r\n                                  \"Condition\": null,\r\n                                  \"IsNot\": false\r\n                                },\r\n                                {\r\n                                  \"Condition\": null,\r\n                                  \"IsNot\": false\r\n                                }\r\n                              ],\r\n                              \"IsNot\": false\r\n                            }\r\n                          ],\r\n                          \"IsSpecialElement\": true,\r\n                          \"SpecialElementName\": \"Then\",\r\n                          \"GroupName\": \"\"\r\n                        },\r\n                        \"Conditions\": [\r\n                          {\r\n                            \"Condition\": {\r\n                              \"$type\": \"LuaCondition\",\r\n                              \"LuaCode\": \"local start,_,_ = GetSpellCooldown(173021);\\r\\nif start == 0 then\\r\\n\\treturn true;\\r\\nelse\\r\\n\\treturn false;\\r\\nend\"\r\n                            },\r\n                            \"IsNot\": false\r\n                          },\r\n                          {\r\n                            \"Condition\": null,\r\n                            \"IsNot\": false\r\n                          },\r\n                          {\r\n                            \"Condition\": null,\r\n                            \"IsNot\": false\r\n                          },\r\n                          {\r\n                            \"Condition\": null,\r\n                            \"IsNot\": false\r\n                          }\r\n                        ],\r\n                        \"IsNot\": false\r\n                      },\r\n                      {\r\n                        \"$type\": \"If\",\r\n                        \"ActionsFalse\": {\r\n                          \"Children\": [],\r\n                          \"IsSpecialElement\": true,\r\n                          \"SpecialElementName\": \"Else\",\r\n                          \"GroupName\": \"\"\r\n                        },\r\n                        \"ActionsTrue\": {\r\n                          \"Children\": [\r\n                            {\r\n                              \"$type\": \"If\",\r\n                              \"ActionsFalse\": {\r\n                                \"Children\": [],\r\n                                \"IsSpecialElement\": true,\r\n                                \"SpecialElementName\": \"Else\",\r\n                                \"GroupName\": \"\"\r\n                              },\r\n                              \"ActionsTrue\": {\r\n                                \"Children\": [\r\n                                  {\r\n                                    \"$type\": \"CSharpAction\",\r\n                                    \"CSharpCode\": \"CTM(Me.Focus.Position);\\r\\n\"\r\n                                  }\r\n                                ],\r\n                                \"IsSpecialElement\": true,\r\n                                \"SpecialElementName\": \"Then\",\r\n                                \"GroupName\": \"\"\r\n                              },\r\n                              \"Conditions\": [\r\n                                {\r\n                                  \"Condition\": {\r\n                                    \"$type\": \"CSharpCondition\",\r\n                                    \"CSharpCode\": \"Me.Focus != null\"\r\n                                  },\r\n                                  \"IsNot\": false\r\n                                },\r\n                                {\r\n                                  \"Condition\": null,\r\n                                  \"IsNot\": false\r\n                                },\r\n                                {\r\n                                  \"Condition\": null,\r\n                                  \"IsNot\": false\r\n                                },\r\n                                {\r\n                                  \"Condition\": null,\r\n                                  \"IsNot\": false\r\n                                }\r\n                              ],\r\n                              \"IsNot\": false\r\n                            },\r\n                            {\r\n                              \"$type\": \"Comment\",\r\n                              \"Text\": \"Shocking them... to death! \",\r\n                              \"Color\": \"64, 128, 128\"\r\n                            },\r\n                            {\r\n                              \"$type\": \"ExecuteLua\",\r\n                              \"LuaCode\": \"OverrideActionBarButton1:Click()\"\r\n                            }\r\n                          ],\r\n                          \"IsSpecialElement\": true,\r\n                          \"SpecialElementName\": \"Then\",\r\n                          \"GroupName\": \"\"\r\n                        },\r\n                        \"Conditions\": [\r\n                          {\r\n                            \"Condition\": {\r\n                              \"$type\": \"LuaCondition\",\r\n                              \"LuaCode\": \"local start,_,_ = GetSpellCooldown(173000);\\r\\nif start == 0 then\\r\\n\\treturn true;\\r\\nelse\\r\\n\\treturn false;\\r\\nend\"\r\n                            },\r\n                            \"IsNot\": false\r\n                          },\r\n                          {\r\n                            \"Condition\": null,\r\n                            \"IsNot\": false\r\n                          },\r\n                          {\r\n                            \"Condition\": null,\r\n                            \"IsNot\": false\r\n                          },\r\n                          {\r\n                            \"Condition\": null,\r\n                            \"IsNot\": false\r\n                          }\r\n                        ],\r\n                        \"IsNot\": false\r\n                      }\r\n                    ],\r\n                    \"IsSpecialElement\": true,\r\n                    \"SpecialElementName\": \"Do\",\r\n                    \"GroupName\": \"\"\r\n                  },\r\n                  \"Conditions\": [\r\n                    {\r\n                      \"Condition\": {\r\n                        \"$type\": \"CSharpCondition\",\r\n                        \"CSharpCode\": \"Me.Focus != null && !Me.Focus.IsDead && Me.Focus.Distance < 60\"\r\n                      },\r\n                      \"IsNot\": false\r\n                    },\r\n                    {\r\n                      \"Condition\": null,\r\n                      \"IsNot\": false\r\n                    },\r\n                    {\r\n                      \"Condition\": null,\r\n                      \"IsNot\": false\r\n                    },\r\n                    {\r\n                      \"Condition\": null,\r\n                      \"IsNot\": false\r\n                    }\r\n                  ],\r\n                  \"IsNot\": false,\r\n                  \"CheckFrequently\": true\r\n                },\r\n                {\r\n                  \"$type\": \"While\",\r\n                  \"LoopActions\": {\r\n                    \"Children\": [\r\n                      {\r\n                        \"$type\": \"CSharpAction\",\r\n                        \"CSharpCode\": \"while(Me.Focus != null && Me.Focus.Distance2D > 60.0)\\r\\n{\\r\\n\\tMoveTo(Me.Focus.Position);\\r\\n\\tyield return 100;\\r\\n}\\r\\n\"\r\n                      }\r\n                    ],\r\n                    \"IsSpecialElement\": true,\r\n                    \"SpecialElementName\": \"Do\",\r\n                    \"GroupName\": \"\"\r\n                  },\r\n                  \"Conditions\": [\r\n                    {\r\n                      \"Condition\": {\r\n                        \"$type\": \"CSharpCondition\",\r\n                        \"CSharpCode\": \"Me.Focus != null && !Me.Focus.IsDead && Me.Focus.Distance >= 60\"\r\n                      },\r\n                      \"IsNot\": false\r\n                    },\r\n                    {\r\n                      \"Condition\": null,\r\n                      \"IsNot\": false\r\n                    },\r\n                    {\r\n                      \"Condition\": null,\r\n                      \"IsNot\": false\r\n                    },\r\n                    {\r\n                      \"Condition\": null,\r\n                      \"IsNot\": false\r\n                    }\r\n                  ],\r\n                  \"IsNot\": false\r\n                },\r\n                {\r\n                  \"$type\": \"If\",\r\n                  \"ActionsFalse\": {\r\n                    \"Children\": [],\r\n                    \"IsSpecialElement\": true,\r\n                    \"SpecialElementName\": \"Else\",\r\n                    \"GroupName\": \"\"\r\n                  },\r\n                  \"ActionsTrue\": {\r\n                    \"Children\": [\r\n                      {\r\n                        \"$type\": \"CSharpAction\",\r\n                        \"CSharpCode\": \"Me.ClearFocus();\\r\\n\"\r\n                      }\r\n                    ],\r\n                    \"IsSpecialElement\": true,\r\n                    \"SpecialElementName\": \"Then\",\r\n                    \"GroupName\": \"\"\r\n                  },\r\n                  \"Conditions\": [\r\n                    {\r\n                      \"Condition\": {\r\n                        \"$type\": \"CSharpCondition\",\r\n                        \"CSharpCode\": \"Me.Focus != null && Me.Focus.IsDead\"\r\n                      },\r\n                      \"IsNot\": false\r\n                    },\r\n                    {\r\n                      \"Condition\": null,\r\n                      \"IsNot\": false\r\n                    },\r\n                    {\r\n                      \"Condition\": null,\r\n                      \"IsNot\": false\r\n                    },\r\n                    {\r\n                      \"Condition\": null,\r\n                      \"IsNot\": false\r\n                    }\r\n                  ],\r\n                  \"IsNot\": false\r\n                }\r\n              ],\r\n              \"IsSpecialElement\": true,\r\n              \"SpecialElementName\": \"Do\",\r\n              \"GroupName\": \"\"\r\n            },\r\n            \"Conditions\": [\r\n              {\r\n                \"Condition\": {\r\n                  \"$type\": \"IsQuestObjectiveComplete\",\r\n                  \"QuestId\": 33729,\r\n                  \"ObjectiveIndex\": 2\r\n                },\r\n                \"IsNot\": false\r\n              },\r\n              {\r\n                \"Condition\": null,\r\n                \"IsNot\": false\r\n              },\r\n              {\r\n                \"Condition\": null,\r\n                \"IsNot\": false\r\n              },\r\n              {\r\n                \"Condition\": null,\r\n                \"IsNot\": false\r\n              }\r\n            ],\r\n            \"IsNot\": true,\r\n            \"CheckFrequently\": true\r\n          },\r\n          {\r\n            \"$type\": \"CSharpAction\",\r\n            \"CSharpCode\": \"DisableCombat = false;\\r\\n\"\r\n          }\r\n        ],\r\n        \"IsSpecialElement\": true,\r\n        \"SpecialElementName\": \"Do\",\r\n        \"GroupName\": \"\"\r\n      },\r\n      \"Conditions\": [\r\n        {\r\n          \"Condition\": {\r\n            \"$type\": \"CSharpCondition\",\r\n            \"CSharpCode\": \"!IsQuestInLogAndComplete(33729)\"\r\n          },\r\n          \"IsNot\": false\r\n        },\r\n        {\r\n          \"Condition\": null,\r\n          \"IsNot\": false\r\n        },\r\n        {\r\n          \"Condition\": null,\r\n          \"IsNot\": false\r\n        },\r\n        {\r\n          \"Condition\": null,\r\n          \"IsNot\": false\r\n        }\r\n      ],\r\n      \"IsNot\": false\r\n    }\r\n  ],\r\n  \"GroupName\": \"\"\r\n}",
  "ActionOrder": 1,
  "Actions": [
    {
      "$type": "CollectObjectsTemplate",
      "TargetObjects": [
        {
          "Hotspot": {
            "Position": "2793.999 2530.484 121.1406",
            "GroundPosition": "0 0 0",
            "IsGroundPosition": false,
            "ContinentId": 1116
          },
          "Name": "Iron Shredder Prototype",
          "EntryId": 75721
        }
      ],
      "HotspotsX": [
        {
          "Position": "2795.817 2527.328 121.1403",
          "GroundPosition": "0 0 0",
          "IsGroundPosition": false,
          "ContinentId": 1116
        }
      ],
      "Blackspots": [],
      "IsLoot": false,
      "OpeningCast": false,
      "NoMovement": false,
      "GameObjectiveIndex": 1,
      "RunTime": 5.0
    },
    {
      "$type": "KillMobsTemplate",
      "TargetObjects": [
        {
          "Hotspot": {
            "Position": "2895.812 2327.804 111.8011",
            "GroundPosition": "0 0 0",
            "IsGroundPosition": false,
            "IsOnTransport": true,
            "ContinentId": 1116
          },
          "Name": "Grom'kar Shadowblade",
          "EntryId": 75946
        },
        {
          "Hotspot": {
            "Position": "2889.847 2312.807 110.364",
            "GroundPosition": "0 0 0",
            "IsGroundPosition": false,
            "IsOnTransport": true,
            "ContinentId": 1116
          },
          "Name": "Iron Brute",
          "EntryId": 75944
        },
        {
          "Hotspot": {
            "Position": "2918.458 2324.533 110.338",
            "GroundPosition": "0 0 0",
            "IsGroundPosition": false,
            "IsOnTransport": true,
            "ContinentId": 1116
          },
          "Name": "Grom'kar Grimshot",
          "EntryId": 75947
        },
        {
          "Hotspot": {
            "Position": "2892.956 2285.568 110.364",
            "GroundPosition": "0 0 0",
            "IsGroundPosition": false,
            "IsOnTransport": true,
            "ContinentId": 1116
          },
          "Name": "Grom'kar Deadeye",
          "EntryId": 75943
        },
        {
          "Hotspot": {
            "Position": "2856.39 2236.168 110.3641",
            "GroundPosition": "0 0 0",
            "IsGroundPosition": false,
            "IsOnTransport": true,
            "ContinentId": 1116
          },
          "Name": "Fireblade Invoker",
          "EntryId": 77066
        },
        {
          "Hotspot": {
            "Position": "2935.821 2234.748 110.3643",
            "GroundPosition": "0 0 0",
            "IsGroundPosition": false,
            "IsOnTransport": true,
            "ContinentId": 1116
          },
          "Name": "Burning Blademaster",
          "EntryId": 75945
        }
      ],
      "HotspotsX": [
        {
          "Position": "2915.384 2349.879 116.3755",
          "GroundPosition": "0 0 0",
          "IsGroundPosition": false,
          "IsOnTransport": true,
          "ContinentId": 1116
        },
        {
          "Position": "2845.929 2242.534 115.3195",
          "GroundPosition": "0 0 0",
          "IsGroundPosition": false,
          "IsOnTransport": true,
          "ContinentId": 1116
        },
        {
          "Position": "2912.522 2329.889 115.3128",
          "GroundPosition": "0 0 0",
          "IsGroundPosition": false,
          "IsOnTransport": true,
          "ContinentId": 1116
        },
        {
          "Position": "2850.25 2238.523 115.3201",
          "GroundPosition": "0 0 0",
          "IsGroundPosition": false,
          "IsOnTransport": true,
          "ContinentId": 1116
        },
        {
          "Position": "2922.096 2191.539 115.7012",
          "GroundPosition": "0 0 0",
          "IsGroundPosition": false,
          "IsOnTransport": true,
          "ContinentId": 1116
        },
        {
          "Position": "2949.393 2279.607 117.9713",
          "GroundPosition": "0 0 0",
          "IsGroundPosition": false,
          "IsOnTransport": true,
          "ContinentId": 1116
        }
      ],
      "Blackspots": [],
      "ActionBar": {
        "ActionBarActions": [
          {
            "Priority": true,
            "Slot": 1,
            "GravitySqr": 10.0,
            "ProjectileVelocity": 10.0,
            "CondIsCastingSpellId": 173000,
            "Cooldown": 3.0,
            "MaxRange": 40
          },
          {
            "Priority": true,
            "Slot": 2,
            "ClickOnTerrain": true,
            "GravitySqr": 10.0,
            "ProjectileVelocity": 10.0,
            "CondIsCastingSpellId": 173021,
            "Cooldown": 6.0,
            "MaxRange": 40
          }
        ]
      },
      "ForceLoot": false,
      "ForcePullMobs": true,
      "GameObjectiveIndex": 2,
      "RunTime": 5.0
    }
  ]
}