{
  "QuestID": 33730,
  "Version": 7,
  "FactionGroup": 1,
  "CreatedOn": "2014-11-21T16:15:49.1704761Z",
  "UpdatedOn": "2016-02-22T16:46:49.6769538Z",
  "Comment": "",
  "CreatedBy": null,
  "AllowUpdates": false,
  "RecommendedLevel": 95,
  "Frequency": 1,
  "QuestStart": {
    "ObjectName": "Iron Shredder Prototype",
    "EntryId": 75968,
    "AdditionalEntryIds": null,
    "ContinentId": 1116,
    "ZoneId": 6662,
    "Position": "2908.187 2404.15 104.9587",
    "TurnInType": 0,
    "ScriptJson": "{\r\n  \"Children\": [\r\n    {\r\n      \"$type\": \"While\",\r\n      \"LoopActions\": {\r\n        \"Children\": [\r\n          {\r\n            \"$type\": \"CSharpAction\",\r\n            \"CSharpCode\": \"DisableCombat = true;\\r\\n\\r\\nforeach (var unit in Units)\\r\\n{\\r\\n\\tif (unit.EntryID == 75968 && unit.Distance < 10)\\r\\n\\t{\\r\\n\\t\\tMe.SetFocus(unit);\\r\\n\\t}\\r\\n}\\r\\n\\r\\nyield return 250;\\r\\n\\r\\nif (Me.Focus != null)\\r\\n{\\r\\n\\tMe.Focus.Interact();\\r\\n}\\r\\n\\r\\nyield return 500;\\r\\n\\r\\nExecuteLua(\\\"QuestFrameAcceptButton:Click()\\\");\\r\\n\\r\\nyield return 250;\\r\\n\\r\\nif (!HasQuest(33730))\\r\\n{\\r\\n\\tExecuteLua(\\\"SelectGossipOption(1)\\\");\\r\\n\\tyield return 100;\\r\\n\\tExecuteLua(\\\"QuestFrameAcceptButton:Click()\\\");\\r\\n}\\r\\n\\r\\nDisableCombat = false;\\r\\n\"\r\n          }\r\n        ],\r\n        \"IsSpecialElement\": true,\r\n        \"SpecialElementName\": \"Do\",\r\n        \"GroupName\": \"\"\r\n      },\r\n      \"Conditions\": [\r\n        {\r\n          \"Condition\": {\r\n            \"$type\": \"CSharpCondition\",\r\n            \"CSharpCode\": \"Me.IsOnTransport && !HasQuest(33730)\"\r\n          },\r\n          \"IsNot\": false\r\n        },\r\n        {\r\n          \"Condition\": null,\r\n          \"IsNot\": false\r\n        },\r\n        {\r\n          \"Condition\": null,\r\n          \"IsNot\": false\r\n        },\r\n        {\r\n          \"Condition\": null,\r\n          \"IsNot\": false\r\n        }\r\n      ],\r\n      \"IsNot\": false\r\n    },\r\n    {\r\n      \"$type\": \"Wait\",\r\n      \"Delay\": 1.0,\r\n      \"DelayMax\": 0.0\r\n    },\r\n    {\r\n      \"$type\": \"If\",\r\n      \"ActionsFalse\": {\r\n        \"Children\": [],\r\n        \"IsSpecialElement\": true,\r\n        \"SpecialElementName\": \"Else\",\r\n        \"GroupName\": \"\"\r\n      },\r\n      \"ActionsTrue\": {\r\n        \"Children\": [\r\n          {\r\n            \"$type\": \"MoveTo\",\r\n            \"Hotspot\": {\r\n              \"Position\": \"2800.315 2513.809 121.027\",\r\n              \"GroundPosition\": \"0 0 0\",\r\n              \"ContinentId\": 1116\r\n            },\r\n            \"Method\": \"Navi\"\r\n          },\r\n          {\r\n            \"$type\": \"AcceptQuestCommand\",\r\n            \"QuestIds\": [\r\n              33730\r\n            ],\r\n            \"ContinentId\": 1116,\r\n            \"Sphere\": \"2793 2513 121 6.6\"\r\n          }\r\n        ],\r\n        \"IsSpecialElement\": true,\r\n        \"SpecialElementName\": \"Then\",\r\n        \"GroupName\": \"\"\r\n      },\r\n      \"Conditions\": [\r\n        {\r\n          \"Condition\": {\r\n            \"$type\": \"CSharpCondition\",\r\n            \"CSharpCode\": \"!HasQuest(33730)\"\r\n          },\r\n          \"IsNot\": false\r\n        },\r\n        {\r\n          \"Condition\": null,\r\n          \"IsNot\": false\r\n        },\r\n        {\r\n          \"Condition\": null,\r\n          \"IsNot\": false\r\n        },\r\n        {\r\n          \"Condition\": null,\r\n          \"IsNot\": false\r\n        }\r\n      ],\r\n      \"IsNot\": false\r\n    }\r\n  ],\r\n  \"GroupName\": \"\"\r\n}",
    "MyFaction": 1
  },
  "QuestEnd": {
    "ObjectName": "Durotan",
    "EntryId": 75959,
    "AdditionalEntryIds": null,
    "ContinentId": 1116,
    "ZoneId": 6662,
    "Position": "2801.506 2518.724 121.047",
    "TurnInType": 0,
    "MyFaction": 1
  },
  "ActionOrder": 1,
  "Actions": [
    {
      "$type": "KillMobsTemplate",
      "TargetObjects": [
        {
          "Hotspot": {
            "Position": "2888.245 2192.481 110.3636",
            "GroundPosition": "0 0 0",
            "IsGroundPosition": false,
            "ContinentId": 1116
          },
          "Name": "Ketya Shrediron",
          "EntryId": 75986
        }
      ],
      "HotspotsX": [
        {
          "Position": "2897.96 2196.094 110.3643",
          "GroundPosition": "0 0 0",
          "IsGroundPosition": false,
          "ContinentId": 1116
        }
      ],
      "Blackspots": [],
      "ForceLoot": false,
      "ForcePullMobs": false,
      "GameObjectiveIndex": 1,
      "RunTime": 5.0
    }
  ]
}