{
  "QuestID": 33734,
  "Version": 15,
  "FactionGroup": 1,
  "CreatedOn": "2014-11-21T16:40:04.0704853Z",
  "UpdatedOn": "2015-08-07T10:57:04.589937Z",
  "Comment": "",
  "CreatedBy": null,
  "AllowUpdates": false,
  "RecommendedLevel": 95,
  "Frequency": 1,
  "QuestStart": {
    "ObjectName": "Crystal-Shaper Barum",
    "EntryId": 75896,
    "AdditionalEntryIds": null,
    "ContinentId": 1116,
    "ZoneId": 6662,
    "Position": "2889.734 1476.467 181.7534",
    "TurnInType": 0,
    "IsIndoors": true,
    "MyFaction": 0
  },
  "QuestEnd": {
    "ObjectName": "Crystal-Shaper Barum",
    "EntryId": 75913,
    "AdditionalEntryIds": null,
    "ContinentId": 1116,
    "ZoneId": 6662,
    "Position": "2233.384 1259.286 108.7134",
    "TurnInType": 0,
    "MyFaction": 1
  },
  "ActionOrder": 1,
  "Actions": [
    {
      "$type": "CollectObjectsTemplate",
      "TargetObjects": [
        {
          "Hotspot": {
            "Position": "2789.969 1210.063 189.3178",
            "GroundPosition": "0 0 0",
            "IsGroundPosition": false,
            "ContinentId": 1116
          },
          "Name": "Crystal-Shaper's Tools",
          "EntryId": 225745
        }
      ],
      "HotspotsX": [
        {
          "Position": "2787.17 1208.687 187.9961",
          "GroundPosition": "0 0 0",
          "IsGroundPosition": false,
          "ContinentId": 1116
        }
      ],
      "Blackspots": [],
      "IsLoot": true,
      "OpeningCast": true,
      "NoMovement": false,
      "GameObjectiveIndex": 1,
      "RunTime": 5.0
    },
    {
      "$type": "CollectObjectsTemplate",
      "TargetObjects": [
        {
          "Hotspot": {
            "Position": "2674.902 1335.076 194.1911",
            "GroundPosition": "0 0 0",
            "IsGroundPosition": false,
            "ContinentId": 1116
          },
          "Name": "Annals of Aruuna",
          "EntryId": 225748
        }
      ],
      "HotspotsX": [
        {
          "Position": "2675.883 1332.982 195.3742",
          "GroundPosition": "0 0 0",
          "IsGroundPosition": false,
          "ContinentId": 1116
        }
      ],
      "Blackspots": [],
      "IsLoot": true,
      "OpeningCast": true,
      "NoMovement": false,
      "GameObjectiveIndex": 3,
      "RunTime": 2.0
    },
    {
      "$type": "MoveToTemplate",
      "Hotspots": [
        {
          "Position": "2721.797 1265.497 188.0042",
          "GroundPosition": "0 0 0",
          "IsGroundPosition": false,
          "ContinentId": 1116
        }
      ],
      "PreventMounting": false,
      "GameObjectiveIndex": 2,
      "RunTime": 5.0
    },
    {
      "$type": "CollectObjectsTemplate",
      "TargetObjects": [
        {
          "Hotspot": {
            "Position": "2720.768 1187.715 198.0365",
            "GroundPosition": "0 0 0",
            "IsGroundPosition": false,
            "ContinentId": 1116
          },
          "Name": "Melani's Doll",
          "EntryId": 225746
        }
      ],
      "HotspotsX": [
        {
          "Position": "2718.858 1190.046 197.4375",
          "GroundPosition": "0 0 0",
          "IsGroundPosition": false,
          "ContinentId": 1116
        }
      ],
      "Blackspots": [],
      "IsLoot": true,
      "OpeningCast": true,
      "NoMovement": false,
      "GameObjectiveIndex": 2,
      "RunTime": 5.0
    }
  ]
}