{
  "QuestID": 33740,
  "Version": 5,
  "FactionGroup": 1,
  "CreatedOn": "2014-11-21T16:38:49.3052529Z",
  "UpdatedOn": "2015-08-07T10:56:29.6643112Z",
  "Comment": "",
  "CreatedBy": null,
  "AllowUpdates": false,
  "RecommendedLevel": 95,
  "Frequency": 1,
  "QuestStart": {
    "ObjectName": "Crystal-Shaper Barum",
    "EntryId": 75896,
    "AdditionalEntryIds": null,
    "ContinentId": 1116,
    "ZoneId": 6662,
    "Position": "2889.734 1476.467 181.7534",
    "TurnInType": 0,
    "IsIndoors": true,
    "MyFaction": 0
  },
  "QuestEnd": {
    "ObjectName": "Crystal-Shaper Barum",
    "EntryId": 75913,
    "AdditionalEntryIds": null,
    "ContinentId": 1116,
    "ZoneId": 6662,
    "Position": "2233.384 1259.286 108.7134",
    "TurnInType": 0,
    "MyFaction": 1
  },
  "ActionOrder": 1,
  "Actions": [
    {
      "$type": "KillMobsTemplate",
      "TargetObjects": [
        {
          "Hotspot": {
            "Position": "2824.902 1384.059 187.2429",
            "GroundPosition": "0 0 0",
            "IsGroundPosition": false,
            "ContinentId": 1116
          },
          "Name": "Adherent Sun-Caller",
          "EntryId": 85434
        },
        {
          "Hotspot": {
            "Position": "2891.256 1352.731 184.8669",
            "GroundPosition": "0 0 0",
            "IsGroundPosition": false,
            "ContinentId": 1116
          },
          "Name": "Adherent Squallbringer",
          "EntryId": 75290
        },
        {
          "Hotspot": {
            "Position": "2976.069 1317.031 179.5854",
            "GroundPosition": "0 0 0",
            "IsGroundPosition": false,
            "ContinentId": 1116
          },
          "Name": "Adherent Wing-Guard",
          "EntryId": 75283
        }
      ],
      "HotspotsX": [
        {
          "Position": "2859.271 1391.198 185.1938",
          "GroundPosition": "0 0 0",
          "IsGroundPosition": false,
          "ContinentId": 1116
        },
        {
          "Position": "2768.526 1287.557 188.7652",
          "GroundPosition": "0 0 0",
          "IsGroundPosition": false,
          "ContinentId": 1116
        }
      ],
      "Blackspots": [],
      "ForceLoot": false,
      "ForcePullMobs": false,
      "GameObjectiveIndex": 1,
      "RunTime": 5.0
    }
  ]
}