{
  "QuestID": 33754,
  "Version": 3,
  "FactionGroup": 1,
  "CreatedOn": "2014-11-19T23:10:48.2277713Z",
  "UpdatedOn": "2015-08-07T10:51:49.6842183Z",
  "Comment": "",
  "CreatedBy": null,
  "AllowUpdates": false,
  "RecommendedLevel": 95,
  "Frequency": 1,
  "QuestStart": {
    "ObjectName": "Durotan",
    "EntryId": 75806,
    "AdditionalEntryIds": null,
    "ContinentId": 1116,
    "ZoneId": 6662,
    "Position": "3993.798 2165.915 117.8814",
    "TurnInType": 0,
    "IsIndoors": true,
    "MyFaction": 0
  },
  "ActionOrder": 1,
  "Actions": [
    {
      "$type": "CollectObjectsTemplate",
      "TargetObjects": [
        {
          "Hotspot": {
            "Position": "3989.542 2163.66 117.8272",
            "GroundPosition": "0 0 0",
            "IsGroundPosition": false,
            "ContinentId": 1116
          },
          "Name": "Gazlowe's Eye 'n' Ear",
          "EntryId": 225769
        }
      ],
      "HotspotsX": [
        {
          "Position": "3991.271 2162.134 117.5344",
          "GroundPosition": "0 0 0",
          "IsGroundPosition": false,
          "ContinentId": 1116
        }
      ],
      "Blackspots": [],
      "IsLoot": true,
      "OpeningCast": true,
      "NoMovement": false,
      "GameObjectiveIndex": 1,
      "RunTime": 5.0
    }
  ]
}