{
  "QuestID": 33884,
  "Version": 7,
  "FactionGroup": 2,
  "CreatedOn": "2014-12-04T22:45:37.5176539Z",
  "UpdatedOn": "2016-04-04T16:54:06.3596876Z",
  "Comment": "",
  "CreatedBy": null,
  "AllowUpdates": false,
  "RecommendedLevel": 95,
  "Frequency": 1,
  "QuestStart": {
    "ObjectName": "Caleb",
    "EntryId": 76826,
    "AdditionalEntryIds": null,
    "ContinentId": 1116,
    "ZoneId": 6662,
    "Position": "1843.387 3674.977 137.6062",
    "TurnInType": 0,
    "IsIndoors": true,
    "MyFaction": 0
  },
  "UseScript": true,
  "ScriptText": "{\r\n  \"Children\": [\r\n    {\r\n      \"$type\": \"LoadCSharpScript\",\r\n      \"FileName\": \"QH.cs\"\r\n    },\r\n    {\r\n      \"$type\": \"CSharpAction\",\r\n      \"CSharpCode\": \"QH.API = this;\"\r\n    },\r\n    {\r\n      \"$type\": \"While\",\r\n      \"LoopActions\": {\r\n        \"Children\": [\r\n          {\r\n            \"$type\": \"While\",\r\n            \"LoopActions\": {\r\n              \"Children\": [\r\n                {\r\n                  \"$type\": \"MoveTo\",\r\n                  \"Hotspot\": {\r\n                    \"Position\": \"1620 3955.658 240.5919\",\r\n                    \"GroundPosition\": \"0 0 0\",\r\n                    \"IsGroundPosition\": false,\r\n                    \"IsIndoors\": true,\r\n                    \"ContinentId\": 1116\r\n                  },\r\n                  \"Method\": \"Navi\"\r\n                },\r\n                {\r\n                  \"$type\": \"CSharpAction\",\r\n                  \"CSharpCode\": \"Me.ClearFocus();\\r\\n\"\r\n                },\r\n                {\r\n                  \"$type\": \"If\",\r\n                  \"ActionsFalse\": {\r\n                    \"Children\": [],\r\n                    \"IsSpecialElement\": true,\r\n                    \"SpecialElementName\": \"Else\",\r\n                    \"GroupName\": \"\"\r\n                  },\r\n                  \"ActionsTrue\": {\r\n                    \"Children\": [\r\n                      {\r\n                        \"$type\": \"Comment\",\r\n                        \"Text\": \"Searching for Sher'khaan\",\r\n                        \"Color\": \"64, 128, 128\"\r\n                      },\r\n                      {\r\n                        \"$type\": \"CSharpAction\",\r\n                        \"CSharpCode\": \"QH.SetFocusUnit(76687)\"\r\n                      },\r\n                      {\r\n                        \"$type\": \"Wait\",\r\n                        \"Delay\": 1.0,\r\n                        \"DelayMax\": 0.0\r\n                      }\r\n                    ],\r\n                    \"IsSpecialElement\": true,\r\n                    \"SpecialElementName\": \"Then\",\r\n                    \"GroupName\": \"\"\r\n                  },\r\n                  \"Conditions\": [\r\n                    {\r\n                      \"Condition\": {\r\n                        \"$type\": \"CSharpCondition\",\r\n                        \"CSharpCode\": \"Me.Focus == null\"\r\n                      },\r\n                      \"IsNot\": false\r\n                    },\r\n                    {\r\n                      \"Condition\": null,\r\n                      \"IsNot\": false\r\n                    },\r\n                    {\r\n                      \"Condition\": null,\r\n                      \"IsNot\": false\r\n                    },\r\n                    {\r\n                      \"Condition\": null,\r\n                      \"IsNot\": false\r\n                    }\r\n                  ],\r\n                  \"IsNot\": false\r\n                },\r\n                {\r\n                  \"$type\": \"If\",\r\n                  \"ActionsFalse\": {\r\n                    \"Children\": [],\r\n                    \"IsSpecialElement\": true,\r\n                    \"SpecialElementName\": \"Else\",\r\n                    \"GroupName\": \"\"\r\n                  },\r\n                  \"ActionsTrue\": {\r\n                    \"Children\": [\r\n                      {\r\n                        \"$type\": \"Comment\",\r\n                        \"Text\": \"Sher'khaan Found!\",\r\n                        \"Color\": \"64, 128, 128\"\r\n                      },\r\n                      {\r\n                        \"$type\": \"CSharpAction\",\r\n                        \"CSharpCode\": \"DisableCombat = true;\\r\\nwhile (!MoveTo(Me.Focus.Position))\\r\\n{\\r\\n\\tyield return 100;\\r\\n}\\r\\nyield return 1500;\\r\\n\"\r\n                      },\r\n                      {\r\n                        \"$type\": \"CSharpAction\",\r\n                        \"CSharpCode\": \"QH.Fib = new Fiber<int>(QH.ArsenalGarrisonAbility(1));\\r\\nwhile (QH.Fib.Run())\\r\\n{\\r\\n\\tyield return 100;\\r\\n}\\r\\n\"\r\n                      },\r\n                      {\r\n                        \"$type\": \"ExecuteLua\",\r\n                        \"LuaCode\": \"DisableCombat = false;\"\r\n                      }\r\n                    ],\r\n                    \"IsSpecialElement\": true,\r\n                    \"SpecialElementName\": \"Then\",\r\n                    \"GroupName\": \"\"\r\n                  },\r\n                  \"Conditions\": [\r\n                    {\r\n                      \"Condition\": {\r\n                        \"$type\": \"CSharpCondition\",\r\n                        \"CSharpCode\": \"Me.Focus != null\"\r\n                      },\r\n                      \"IsNot\": false\r\n                    },\r\n                    {\r\n                      \"Condition\": null,\r\n                      \"IsNot\": false\r\n                    },\r\n                    {\r\n                      \"Condition\": null,\r\n                      \"IsNot\": false\r\n                    },\r\n                    {\r\n                      \"Condition\": null,\r\n                      \"IsNot\": false\r\n                    }\r\n                  ],\r\n                  \"IsNot\": false\r\n                },\r\n                {\r\n                  \"$type\": \"KillMobsTemplateScriptAction\",\r\n                  \"Template\": {\r\n                    \"$type\": \"KillMobsTemplate\",\r\n                    \"TargetObjects\": [\r\n                      {\r\n                        \"Hotspot\": {\r\n                          \"Position\": \"1599.736 3985.073 241.2804\",\r\n                          \"GroundPosition\": \"0 0 0\",\r\n                          \"IsGroundPosition\": false,\r\n                          \"IsIndoors\": true,\r\n                          \"ContinentId\": 1116\r\n                        },\r\n                        \"Name\": \"Sher'khaan\",\r\n                        \"EntryId\": 76687\r\n                      }\r\n                    ],\r\n                    \"HotspotsX\": [\r\n                      {\r\n                        \"Position\": \"1620 3955.658 240.5919\",\r\n                        \"GroundPosition\": \"0 0 0\",\r\n                        \"IsGroundPosition\": false,\r\n                        \"IsIndoors\": true,\r\n                        \"ContinentId\": 1116\r\n                      }\r\n                    ],\r\n                    \"Blackspots\": [],\r\n                    \"ForceLoot\": false,\r\n                    \"ForcePullMobs\": false,\r\n                    \"GameObjectiveIndex\": 1,\r\n                    \"RunTime\": 5.0\r\n                  },\r\n                  \"TimeLimit\": 5\r\n                }\r\n              ],\r\n              \"IsSpecialElement\": true,\r\n              \"SpecialElementName\": \"Do\",\r\n              \"GroupName\": \"\"\r\n            },\r\n            \"Conditions\": [\r\n              {\r\n                \"Condition\": {\r\n                  \"$type\": \"CSharpCondition\",\r\n                  \"CSharpCode\": \"HasQuest(33884) && !IsQuestObjectiveComplete(33884,2)\"\r\n                },\r\n                \"IsNot\": false\r\n              },\r\n              {\r\n                \"Condition\": null,\r\n                \"IsNot\": false\r\n              },\r\n              {\r\n                \"Condition\": null,\r\n                \"IsNot\": false\r\n              },\r\n              {\r\n                \"Condition\": null,\r\n                \"IsNot\": false\r\n              }\r\n            ],\r\n            \"IsNot\": false\r\n          },\r\n          {\r\n            \"$type\": \"While\",\r\n            \"LoopActions\": {\r\n              \"Children\": [\r\n                {\r\n                  \"$type\": \"KillMobsTemplateScriptAction\",\r\n                  \"Template\": {\r\n                    \"$type\": \"KillMobsTemplate\",\r\n                    \"TargetObjects\": [\r\n                      {\r\n                        \"Hotspot\": {\r\n                          \"Position\": \"1856.874 3999.566 177.6582\",\r\n                          \"GroundPosition\": \"0 0 0\",\r\n                          \"IsGroundPosition\": false,\r\n                          \"ContinentId\": 1116\r\n                        },\r\n                        \"Name\": \"Sharpfang Stalker\",\r\n                        \"EntryId\": 76685\r\n                      }\r\n                    ],\r\n                    \"HotspotsX\": [\r\n                      {\r\n                        \"Position\": \"1794.964 3899.789 177.6418\",\r\n                        \"GroundPosition\": \"0 0 0\",\r\n                        \"IsGroundPosition\": false,\r\n                        \"ContinentId\": 1116\r\n                      },\r\n                      {\r\n                        \"Position\": \"1867.123 3872.188 153.8988\",\r\n                        \"GroundPosition\": \"0 0 0\",\r\n                        \"IsGroundPosition\": false,\r\n                        \"ContinentId\": 1116\r\n                      },\r\n                      {\r\n                        \"Position\": \"1937.376 3865.693 145.0133\",\r\n                        \"GroundPosition\": \"0 0 0\",\r\n                        \"IsGroundPosition\": false,\r\n                        \"ContinentId\": 1116\r\n                      },\r\n                      {\r\n                        \"Position\": \"1956.617 3962.99 165.4272\",\r\n                        \"GroundPosition\": \"0 0 0\",\r\n                        \"IsGroundPosition\": false,\r\n                        \"ContinentId\": 1116\r\n                      },\r\n                      {\r\n                        \"Position\": \"1867.187 3986.537 172.5978\",\r\n                        \"GroundPosition\": \"0 0 0\",\r\n                        \"IsGroundPosition\": false,\r\n                        \"ContinentId\": 1116\r\n                      }\r\n                    ],\r\n                    \"Blackspots\": [],\r\n                    \"ForceLoot\": false,\r\n                    \"ForcePullMobs\": false,\r\n                    \"GameObjectiveIndex\": 1,\r\n                    \"RunTime\": 5.0\r\n                  },\r\n                  \"TimeLimit\": 0\r\n                }\r\n              ],\r\n              \"IsSpecialElement\": true,\r\n              \"SpecialElementName\": \"Do\",\r\n              \"GroupName\": \"\"\r\n            },\r\n            \"Conditions\": [\r\n              {\r\n                \"Condition\": {\r\n                  \"$type\": \"CSharpCondition\",\r\n                  \"CSharpCode\": \"HasQuest(33884) && !IsQuestObjectiveComplete(33884,1)\"\r\n                },\r\n                \"IsNot\": false\r\n              },\r\n              {\r\n                \"Condition\": null,\r\n                \"IsNot\": false\r\n              },\r\n              {\r\n                \"Condition\": null,\r\n                \"IsNot\": false\r\n              },\r\n              {\r\n                \"Condition\": null,\r\n                \"IsNot\": false\r\n              }\r\n            ],\r\n            \"IsNot\": false\r\n          }\r\n        ],\r\n        \"IsSpecialElement\": true,\r\n        \"SpecialElementName\": \"Do\",\r\n        \"GroupName\": \"\"\r\n      },\r\n      \"Conditions\": [\r\n        {\r\n          \"Condition\": {\r\n            \"$type\": \"CSharpCondition\",\r\n            \"CSharpCode\": \"HasQuest(33884) && !IsQuestInLogAndComplete(33884)\"\r\n          },\r\n          \"IsNot\": false\r\n        },\r\n        {\r\n          \"Condition\": null,\r\n          \"IsNot\": false\r\n        },\r\n        {\r\n          \"Condition\": null,\r\n          \"IsNot\": false\r\n        },\r\n        {\r\n          \"Condition\": null,\r\n          \"IsNot\": false\r\n        }\r\n      ],\r\n      \"IsNot\": false\r\n    }\r\n  ],\r\n  \"GroupName\": \"\"\r\n}",
  "ActionOrder": 1,
  "Actions": []
}