{
  "QuestID": 33971,
  "Version": 5,
  "FactionGroup": 1,
  "CreatedOn": "2014-11-24T23:02:31.0090095Z",
  "UpdatedOn": "2015-08-07T11:07:18.3744632Z",
  "Comment": "",
  "CreatedBy": null,
  "AllowUpdates": false,
  "RecommendedLevel": 96,
  "Frequency": 1,
  "QuestStart": {
    "ObjectName": "Soulbinder Tuulani",
    "EntryId": 78028,
    "AdditionalEntryIds": null,
    "ContinentId": 1116,
    "ZoneId": 6662,
    "Position": "1545.84 2201.95 139.3562",
    "TurnInType": 0,
    "IsIndoors": true,
    "MyFaction": 0
  },
  "QuestEnd": {
    "ObjectName": "Soulbinder Tuulani",
    "EntryId": 78028,
    "AdditionalEntryIds": null,
    "ContinentId": 1116,
    "ZoneId": 6662,
    "Position": "1545.84 2201.95 139.3567",
    "TurnInType": 0,
    "MyFaction": 1
  },
  "ActionOrder": 1,
  "Actions": [
    {
      "$type": "KillMobsTemplate",
      "TargetObjects": [
        {
          "Hotspot": {
            "Position": "1246.15 2290.434 131.6838",
            "GroundPosition": "0 0 0",
            "IsGroundPosition": false,
            "ContinentId": 1116
          },
          "Name": "Deathweb Egg Tender",
          "EntryId": 76947
        },
        {
          "Hotspot": {
            "Position": "1137.064 2244.925 142.2222",
            "GroundPosition": "0 0 0",
            "IsGroundPosition": false,
            "ContinentId": 1116
          },
          "Name": "Deathweb Crawler",
          "EntryId": 75273
        }
      ],
      "HotspotsX": [
        {
          "Position": "1245.389 2267.146 140.1004",
          "GroundPosition": "0 0 0",
          "IsGroundPosition": false,
          "ContinentId": 1116
        },
        {
          "Position": "1137.412 2245.363 142.3449",
          "GroundPosition": "0 0 0",
          "IsGroundPosition": false,
          "ContinentId": 1116
        },
        {
          "Position": "1082.86 2356.872 148.058",
          "GroundPosition": "0 0 0",
          "IsGroundPosition": false,
          "ContinentId": 1116
        }
      ],
      "Blackspots": [],
      "ForceLoot": false,
      "ForcePullMobs": false,
      "GameObjectiveIndex": 1,
      "RunTime": 5.0
    }
  ]
}