{
  "QuestID": 33970,
  "Version": 6,
  "FactionGroup": 1,
  "CreatedOn": "2014-11-24T22:50:48.5329679Z",
  "UpdatedOn": "2015-08-07T11:07:11.2505772Z",
  "Comment": "",
  "CreatedBy": null,
  "AllowUpdates": false,
  "RecommendedLevel": 96,
  "Frequency": 1,
  "QuestStart": {
    "ObjectName": "Soulbinder Nyami",
    "EntryId": 75256,
    "AdditionalEntryIds": null,
    "ContinentId": 1116,
    "ZoneId": 6662,
    "Position": "1549.17 2200.847 139.1025",
    "TurnInType": 0,
    "IsIndoors": true,
    "MyFaction": 0
  },
  "QuestEnd": {
    "ObjectName": "Soulbinder Nyami",
    "EntryId": 75256,
    "AdditionalEntryIds": null,
    "ContinentId": 1116,
    "ZoneId": 6662,
    "Position": "1549.17 2200.847 139.1025",
    "TurnInType": 0,
    "MyFaction": 1
  },
  "ActionOrder": 1,
  "Actions": [
    {
      "$type": "KillMobsTemplate",
      "TargetObjects": [
        {
          "Hotspot": {
            "Position": "973.7309 1932.097 116.6207",
            "GroundPosition": "0 0 0",
            "IsGroundPosition": false,
            "IsIndoors": true,
            "ContinentId": 1116
          },
          "Name": "Xanatos the Defiler",
          "EntryId": 75294
        }
      ],
      "HotspotsX": [
        {
          "Position": "978.758 1942.927 116.7369",
          "GroundPosition": "0 0 0",
          "IsGroundPosition": false,
          "IsIndoors": true,
          "ContinentId": 1116
        }
      ],
      "Blackspots": [],
      "ForceLoot": false,
      "ForcePullMobs": false,
      "GameObjectiveIndex": 1,
      "RunTime": 5.0
    },
    {
      "$type": "CollectObjectsTemplate",
      "TargetObjects": [
        {
          "Hotspot": {
            "Position": "975.8507 1911.536 121.0303",
            "GroundPosition": "0 0 0",
            "IsGroundPosition": false,
            "IsIndoors": true,
            "ContinentId": 1116
          },
          "Name": "Sha'tari",
          "EntryId": 229596
        }
      ],
      "HotspotsX": [
        {
          "Position": "979.88 1918.14 117.2743",
          "GroundPosition": "0 0 0",
          "IsGroundPosition": false,
          "IsIndoors": true,
          "ContinentId": 1116
        }
      ],
      "Blackspots": [],
      "IsLoot": true,
      "OpeningCast": false,
      "NoMovement": false,
      "GameObjectiveIndex": 2,
      "RunTime": 5.0
    }
  ]
}