{
  "QuestID": 34157,
  "Version": 5,
  "FactionGroup": 1,
  "CreatedOn": "2014-11-25T16:43:27.1692628Z",
  "UpdatedOn": "2015-08-07T11:10:27.7806771Z",
  "Comment": "",
  "CreatedBy": null,
  "AllowUpdates": false,
  "RecommendedLevel": 96,
  "Frequency": 1,
  "QuestStart": {
    "ObjectName": "Exarch Maladaar",
    "EntryId": 75392,
    "AdditionalEntryIds": null,
    "ContinentId": 1116,
    "ZoneId": 6662,
    "Position": "1403.755 3274.398 133.5583",
    "TurnInType": 0,
    "MyFaction": 1
  },
  "QuestEnd": {
    "ObjectName": "Soulbinder Nyami",
    "EntryId": 77582,
    "AdditionalEntryIds": null,
    "ContinentId": 1116,
    "ZoneId": 6662,
    "Position": "1503.441 3972.175 227.2954",
    "TurnInType": 0,
    "IsIndoors": true,
    "MyFaction": 1
  },
  "ActionOrder": 1,
  "Actions": []
}