{
  "QuestID": 34242,
  "Version": 2,
  "FactionGroup": 1,
  "CreatedOn": "2015-06-29T12:40:15.3317744Z",
  "UpdatedOn": "2015-08-07T11:08:01.854453Z",
  "Comment": "",
  "CreatedBy": null,
  "AllowUpdates": false,
  "QuestStart": {
    "ObjectName": "Lady Liadrin",
    "EntryId": 75246,
    "AdditionalEntryIds": null,
    "ContinentId": 1116,
    "ZoneId": 6662,
    "Position": "1545.854 2195.955 139.4419",
    "TurnInType": 0,
    "IsIndoors": true,
    "MyFaction": 0
  },
  "QuestEnd": {
    "ObjectName": "Soulbinder Tuulani",
    "EntryId": 77869,
    "AdditionalEntryIds": null,
    "ContinentId": 1116,
    "ZoneId": 6662,
    "Position": "950.5972 2826.848 137.0335",
    "TurnInType": 0,
    "MyFaction": 1
  },
  "ActionOrder": 1,
  "Actions": []
}