{
  "QuestID": 34399,
  "Version": 3,
  "FactionGroup": 1,
  "CreatedOn": "2014-11-25T17:09:38.1332924Z",
  "UpdatedOn": "2015-08-07T11:12:49.0550499Z",
  "Comment": "",
  "CreatedBy": null,
  "AllowUpdates": false,
  "RecommendedLevel": 96,
  "Frequency": 1,
  "QuestStart": {
    "ObjectName": "Ageilaa",
    "EntryId": 78534,
    "AdditionalEntryIds": null,
    "ContinentId": 1116,
    "ZoneId": 6662,
    "Position": "2196.828 2858.67 134.0391",
    "TurnInType": 0,
    "IsIndoors": true,
    "MyFaction": 0
  },
  "QuestEnd": {
    "ObjectName": "Vindicator Doruu",
    "EntryId": 78538,
    "AdditionalEntryIds": null,
    "ContinentId": 1116,
    "ZoneId": 6662,
    "Position": "2423.043 2755.477 115.0285",
    "TurnInType": 0,
    "IsIndoors": true,
    "MyFaction": 1
  },
  "ActionOrder": 1,
  "Actions": []
}