{
  "QuestID": 34400,
  "Version": 60,
  "FactionGroup": 1,
  "CreatedOn": "2014-11-25T17:01:43.9814158Z",
  "UpdatedOn": "2015-08-18T06:15:10.175883Z",
  "Comment": "",
  "CreatedBy": null,
  "AllowUpdates": false,
  "RecommendedLevel": 96,
  "Frequency": 1,
  "QuestStart": {
    "ObjectName": "Ageilaa",
    "EntryId": 78534,
    "AdditionalEntryIds": null,
    "ContinentId": 1116,
    "ZoneId": 6662,
    "Position": "2196.828 2858.67 134.0391",
    "TurnInType": 0,
    "IsIndoors": true,
    "MyFaction": 0
  },
  "UseScript": true,
  "ScriptText": "{\r\n  \"Children\": [\r\n    {\r\n      \"$type\": \"While\",\r\n      \"LoopActions\": {\r\n        \"Children\": [\r\n          {\r\n            \"$type\": \"InCombatBlock\",\r\n            \"Children\": [\r\n              {\r\n                \"$type\": \"While\",\r\n                \"LoopActions\": {\r\n                  \"Children\": [\r\n                    {\r\n                      \"$type\": \"Comment\",\r\n                      \"Text\": \"Acquiring New Target\",\r\n                      \"Color\": \"64, 128, 128\"\r\n                    },\r\n                    {\r\n                      \"$type\": \"CSharpAction\",\r\n                      \"CSharpCode\": \"DisableCombat = true;\"\r\n                    },\r\n                    {\r\n                      \"$type\": \"CSharpAction\",\r\n                      \"CSharpCode\": \"var killTarget = Me.GUID;\\r\\nfloat closestUnit = 5000.0f;\\r\\n// Blacklisted locations due to mesh issues\\r\\nVector3 place = new Vector3(2260.9f, 2789.5f, 157f);\\r\\nVector3 place2 = new Vector3(2341.4f, 2858.6f, 144.1f);\\r\\nVector3 place3 = new Vector3(2380f, 2806.5f, 128.2f);\\r\\nVector3 place4 = new Vector3(2364.4f, 2843.6f, 133.5f);\\r\\nVector3 place5 = new Vector3(2202.4f, 2804.6f, 135.7f);\\r\\nVector3 place6 = new Vector3(2281.4f, 2805.3f, 136.6f);\\r\\nVector3 place7 = new Vector3(2278.1f, 2757.3f, 163.3f);\\r\\nVector3 place8 = new Vector3(2363.7f, 2896.1f, 153.1f);\\r\\nVector3 place9 = new Vector3(2373.9f, 2917.9f, 150f);\\r\\nVector3 place10 = new Vector3(2339.8f, 2886.5f, 144.5f);\\r\\n\\r\\n// Identifying Closest Desired Unit\\r\\nforeach (UnitObject unit in Units)\\r\\n{\\r\\n\\tif (unit.EntryID == 78390 && !unit.IsDead && !unit.IsFriendly && unit.Distance2DTo(place) > 22 && unit.Distance2DTo(place2) > 10 && unit.Distance2DTo(place3) > 12 && unit.Distance2DTo(place4) > 5 && unit.Distance2DTo(place5) > 19 && unit.Distance2DTo(place6) > 12 && unit.Distance2DTo(place7) > 12 && unit.Distance2DTo(place8) > 5 && unit.Distance2DTo(place9) > 5 && unit.Distance2DTo(place10) > 5)\\r\\n\\t{\\r\\n\\t\\tif (unit.Distance < closestUnit)\\r\\n\\t\\t{\\r\\n\\t\\t\\tclosestUnit = (int)unit.Distance;\\r\\n\\t\\t\\tkillTarget = unit.GUID;\\r\\n\\t\\t}\\r\\n\\t}\\r\\n}\\r\\n\\r\\n// Setting Focus to closest Unit\\r\\nforeach (UnitObject unit in Units)\\r\\n{\\r\\n\\tif (unit.GUID == killTarget)\\r\\n\\t{\\r\\n\\t\\tPrint(\\\"Closest target is \\\" + closestUnit + \\\" yards away.\\\");\\r\\n\\t\\tMe.SetFocus(unit);\\r\\n\\t\\tMe.SetTarget(unit);\\r\\n\\t\\tyield break;\\r\\n\\t}\\r\\n}\\r\\nyield return 1000;\\r\\nif (Me.Focus == null)\\r\\n{\\r\\n\\tPrint(\\\"No Targets Appear to Be In Range, or Others have Mesh issues to get to, moving to center...\\\");\\r\\n\\twhile(!MoveTo(2275.3f, 2849.1f, 133.6f))\\r\\n\\t{\\r\\n\\t\\tyield return 100;\\r\\n\\t}\\r\\n}\\r\\n\"\r\n                    },\r\n                    {\r\n                      \"$type\": \"Wait\",\r\n                      \"Delay\": 4.0,\r\n                      \"DelayMax\": 2.8\r\n                    }\r\n                  ],\r\n                  \"IsSpecialElement\": true,\r\n                  \"SpecialElementName\": \"Do\",\r\n                  \"GroupName\": \"\"\r\n                },\r\n                \"Conditions\": [\r\n                  {\r\n                    \"Condition\": {\r\n                      \"$type\": \"CSharpCondition\",\r\n                      \"CSharpCode\": \"Me.Focus == null\"\r\n                    },\r\n                    \"IsNot\": false\r\n                  },\r\n                  {\r\n                    \"Condition\": null,\r\n                    \"IsNot\": false\r\n                  },\r\n                  {\r\n                    \"Condition\": null,\r\n                    \"IsNot\": false\r\n                  },\r\n                  {\r\n                    \"Condition\": null,\r\n                    \"IsNot\": false\r\n                  }\r\n                ],\r\n                \"IsNot\": false\r\n              },\r\n              {\r\n                \"$type\": \"While\",\r\n                \"LoopActions\": {\r\n                  \"Children\": [\r\n                    {\r\n                      \"$type\": \"While\",\r\n                      \"LoopActions\": {\r\n                        \"Children\": [\r\n                          {\r\n                            \"$type\": \"CSharpAction\",\r\n                            \"CSharpCode\": \"DisableCombat = true;\"\r\n                          },\r\n                          {\r\n                            \"$type\": \"CSharpAction\",\r\n                            \"CSharpCode\": \"\\r\\nMoveTo(Me.Focus.Position + Me.Focus.Direction * 15);\\r\\n\"\r\n                          },\r\n                          {\r\n                            \"$type\": \"Wait\",\r\n                            \"Delay\": 0.1,\r\n                            \"DelayMax\": 0.0\r\n                          }\r\n                        ],\r\n                        \"IsSpecialElement\": true,\r\n                        \"SpecialElementName\": \"Do\",\r\n                        \"GroupName\": \"\"\r\n                      },\r\n                      \"Conditions\": [\r\n                        {\r\n                          \"Condition\": {\r\n                            \"$type\": \"CSharpCondition\",\r\n                            \"CSharpCode\": \"Me.Focus.Distance > 15\"\r\n                          },\r\n                          \"IsNot\": false\r\n                        },\r\n                        {\r\n                          \"Condition\": null,\r\n                          \"IsNot\": false\r\n                        },\r\n                        {\r\n                          \"Condition\": null,\r\n                          \"IsNot\": false\r\n                        },\r\n                        {\r\n                          \"Condition\": null,\r\n                          \"IsNot\": false\r\n                        }\r\n                      ],\r\n                      \"IsNot\": false,\r\n                      \"CheckFrequently\": true\r\n                    },\r\n                    {\r\n                      \"$type\": \"CSharpAction\",\r\n                      \"CSharpCode\": \"DisableCombat = false;\\r\\n\"\r\n                    },\r\n                    {\r\n                      \"$type\": \"UseItemTemplateScriptAction\",\r\n                      \"Template\": {\r\n                        \"$type\": \"UseItemTemplate\",\r\n                        \"UseMethod\": 6,\r\n                        \"OverrideCooldown\": 0.0,\r\n                        \"OverrideCastTime\": 0.0,\r\n                        \"StayMounted\": false,\r\n                        \"MinCastRange\": 4.7,\r\n                        \"DontFilterDeadUnits\": false,\r\n                        \"UseCount\": 50,\r\n                        \"TargetUnits\": [\r\n                          {\r\n                            \"Hotspot\": {\r\n                              \"Position\": \"2348.126 2922.091 149.505\",\r\n                              \"GroundPosition\": \"0 0 0\",\r\n                              \"IsGroundPosition\": false,\r\n                              \"ContinentId\": 1116\r\n                            },\r\n                            \"Name\": \"Frenzied Manafeeder\",\r\n                            \"EntryId\": 78390\r\n                          }\r\n                        ],\r\n                        \"HotspotsX\": [\r\n                          {\r\n                            \"Position\": \"2296.683 2875.935 138.3183\",\r\n                            \"GroundPosition\": \"0 0 0\",\r\n                            \"IsGroundPosition\": false,\r\n                            \"ContinentId\": 1116\r\n                          }\r\n                        ],\r\n                        \"Blackspots\": [],\r\n                        \"Item\": [\r\n                          {\r\n                            \"Name\": \"Dissipation Crystal\",\r\n                            \"EntryId\": 110468\r\n                          }\r\n                        ],\r\n                        \"BanTime\": 0.0,\r\n                        \"BanMobCombatAfterUse\": false,\r\n                        \"GameObjectiveIndex\": 1,\r\n                        \"RunTime\": 5.0\r\n                      },\r\n                      \"TimeLimit\": 0\r\n                    },\r\n                    {\r\n                      \"$type\": \"Wait\",\r\n                      \"Delay\": 1.0,\r\n                      \"DelayMax\": 0.0\r\n                    }\r\n                  ],\r\n                  \"IsSpecialElement\": true,\r\n                  \"SpecialElementName\": \"Do\",\r\n                  \"GroupName\": \"\"\r\n                },\r\n                \"Conditions\": [\r\n                  {\r\n                    \"Condition\": {\r\n                      \"$type\": \"CSharpCondition\",\r\n                      \"CSharpCode\": \"Me.Focus != null && !Me.Focus.IsDead\"\r\n                    },\r\n                    \"IsNot\": false\r\n                  },\r\n                  {\r\n                    \"Condition\": null,\r\n                    \"IsNot\": false\r\n                  },\r\n                  {\r\n                    \"Condition\": null,\r\n                    \"IsNot\": false\r\n                  },\r\n                  {\r\n                    \"Condition\": null,\r\n                    \"IsNot\": false\r\n                  }\r\n                ],\r\n                \"IsNot\": false,\r\n                \"CheckFrequently\": true\r\n              },\r\n              {\r\n                \"$type\": \"If\",\r\n                \"ActionsFalse\": {\r\n                  \"Children\": [],\r\n                  \"IsSpecialElement\": true,\r\n                  \"SpecialElementName\": \"Else\",\r\n                  \"GroupName\": \"\"\r\n                },\r\n                \"ActionsTrue\": {\r\n                  \"Children\": [\r\n                    {\r\n                      \"$type\": \"CSharpAction\",\r\n                      \"CSharpCode\": \"Me.ClearFocus();\\r\\n\"\r\n                    }\r\n                  ],\r\n                  \"IsSpecialElement\": true,\r\n                  \"SpecialElementName\": \"Then\",\r\n                  \"GroupName\": \"\"\r\n                },\r\n                \"Conditions\": [\r\n                  {\r\n                    \"Condition\": {\r\n                      \"$type\": \"CSharpCondition\",\r\n                      \"CSharpCode\": \"Me.Focus != null && Me.Focus.IsDead;\"\r\n                    },\r\n                    \"IsNot\": false\r\n                  },\r\n                  {\r\n                    \"Condition\": null,\r\n                    \"IsNot\": false\r\n                  },\r\n                  {\r\n                    \"Condition\": null,\r\n                    \"IsNot\": false\r\n                  },\r\n                  {\r\n                    \"Condition\": null,\r\n                    \"IsNot\": false\r\n                  }\r\n                ],\r\n                \"IsNot\": false\r\n              },\r\n              {\r\n                \"$type\": \"Wait\",\r\n                \"Delay\": 1.0,\r\n                \"DelayMax\": 2.0\r\n              }\r\n            ],\r\n            \"GroupName\": \"\"\r\n          }\r\n        ],\r\n        \"IsSpecialElement\": true,\r\n        \"SpecialElementName\": \"Do\",\r\n        \"GroupName\": \"\"\r\n      },\r\n      \"Conditions\": [\r\n        {\r\n          \"Condition\": {\r\n            \"$type\": \"CSharpCondition\",\r\n            \"CSharpCode\": \"!IsQuestInLogAndComplete(34400) && HasQuest(34400)\"\r\n          },\r\n          \"IsNot\": false\r\n        },\r\n        {\r\n          \"Condition\": null,\r\n          \"IsNot\": false\r\n        },\r\n        {\r\n          \"Condition\": null,\r\n          \"IsNot\": false\r\n        },\r\n        {\r\n          \"Condition\": null,\r\n          \"IsNot\": false\r\n        }\r\n      ],\r\n      \"IsNot\": false,\r\n      \"CheckFrequently\": true\r\n    }\r\n  ],\r\n  \"GroupName\": \"\"\r\n}",
  "ActionOrder": 1,
  "Actions": []
}