{
  "QuestID": 34418,
  "Version": 4,
  "FactionGroup": 1,
  "CreatedOn": "2014-11-24T22:34:55.0159973Z",
  "UpdatedOn": "2015-08-07T11:05:48.6546113Z",
  "Comment": "",
  "CreatedBy": null,
  "AllowUpdates": false,
  "RecommendedLevel": 96,
  "Frequency": 1,
  "QuestStart": {
    "ObjectName": "Lady Liadrin",
    "EntryId": 75121,
    "AdditionalEntryIds": null,
    "ContinentId": 1116,
    "ZoneId": 6662,
    "Position": "1739.441 2524.964 133.6589",
    "TurnInType": 0,
    "IsIndoors": true,
    "MyFaction": 0
  },
  "QuestEnd": {
    "ObjectName": "Lady Liadrin",
    "EntryId": 75121,
    "AdditionalEntryIds": null,
    "ContinentId": 1116,
    "ZoneId": 6662,
    "Position": "1739.441 2524.964 133.6589",
    "TurnInType": 0,
    "MyFaction": 1
  },
  "ActionOrder": 1,
  "Actions": [
    {
      "$type": "KillMobsTemplate",
      "TargetObjects": [
        {
          "Hotspot": {
            "Position": "1831.963 2449.575 128.6028",
            "GroundPosition": "0 0 0",
            "IsGroundPosition": false,
            "ContinentId": 1116
          },
          "Name": "Legion Assailant",
          "EntryId": 78455
        },
        {
          "Hotspot": {
            "Position": "1816.034 2461.289 129.6432",
            "GroundPosition": "0 0 0",
            "IsGroundPosition": false,
            "ContinentId": 1116
          },
          "Name": "Abyssal Invader",
          "EntryId": 78458
        },
        {
          "Hotspot": {
            "Position": "1846.069 2472.641 127.1271",
            "GroundPosition": "0 0 0",
            "IsGroundPosition": false,
            "ContinentId": 1116
          },
          "Name": "Burning Hunter",
          "EntryId": 78457
        }
      ],
      "HotspotsX": [
        {
          "Position": "1904.424 2421.308 128.3843",
          "GroundPosition": "0 0 0",
          "IsGroundPosition": false,
          "ContinentId": 1116
        }
      ],
      "Blackspots": [],
      "ForceLoot": false,
      "ForcePullMobs": false,
      "GameObjectiveIndex": 1,
      "RunTime": 5.0
    }
  ]
}