{
  "QuestID": 34451,
  "Version": 3,
  "FactionGroup": 1,
  "CreatedOn": "2014-11-24T22:43:19.5887077Z",
  "UpdatedOn": "2015-08-07T11:07:01.3349426Z",
  "Comment": "",
  "CreatedBy": null,
  "AllowUpdates": false,
  "RecommendedLevel": 96,
  "Frequency": 1,
  "QuestStart": {
    "ObjectName": "Lady Liadrin",
    "EntryId": 75121,
    "AdditionalEntryIds": null,
    "ContinentId": 1116,
    "ZoneId": 6662,
    "Position": "1739.441 2524.964 133.6589",
    "TurnInType": 0,
    "IsIndoors": true,
    "MyFaction": 0
  },
  "QuestEnd": {
    "ObjectName": "Lady Liadrin",
    "EntryId": 75246,
    "AdditionalEntryIds": null,
    "ContinentId": 1116,
    "ZoneId": 6662,
    "Position": "1545.854 2195.955 139.4415",
    "TurnInType": 0,
    "MyFaction": 1
  },
  "ActionOrder": 1,
  "Actions": []
}