{
  "QuestID": 34508,
  "Version": 3,
  "FactionGroup": 1,
  "CreatedOn": "2014-11-25T16:07:43.7130186Z",
  "UpdatedOn": "2015-08-07T11:08:23.3220476Z",
  "Comment": "",
  "CreatedBy": null,
  "AllowUpdates": false,
  "RecommendedLevel": 96,
  "Frequency": 1,
  "QuestStart": {
    "ObjectName": "Soulbinder Tuulani",
    "EntryId": 77869,
    "AdditionalEntryIds": null,
    "ContinentId": 1116,
    "ZoneId": 6662,
    "Position": "950.5972 2826.848 137.0335",
    "TurnInType": 0,
    "IsIndoors": true,
    "MyFaction": 0
  },
  "QuestEnd": {
    "ObjectName": "Restalaan",
    "EntryId": 77082,
    "AdditionalEntryIds": null,
    "ContinentId": 1116,
    "ZoneId": 6662,
    "Position": "832.283 3159.517 163.8524",
    "TurnInType": 0,
    "IsIndoors": true,
    "MyFaction": 1
  },
  "ActionOrder": 1,
  "Actions": []
}