{
  "QuestID": 34566,
  "Version": 4,
  "FactionGroup": 1,
  "CreatedOn": "2015-03-08T08:14:36.0468064Z",
  "UpdatedOn": "2015-08-07T10:48:25.2115876Z",
  "Comment": "",
  "CreatedBy": null,
  "AllowUpdates": false,
  "RecommendedLevel": 94,
  "Frequency": 1,
  "QuestStart": {
    "ObjectName": "Foreman Grobash",
    "EntryId": 79176,
    "AdditionalEntryIds": null,
    "ContinentId": 1116,
    "ZoneId": 6662,
    "Position": "3246.724 1596.576 162.5324",
    "TurnInType": 0,
    "IsIndoors": true,
    "MyFaction": 0
  },
  "ActionOrder": 1,
  "Actions": [
    {
      "$type": "CollectObjectsTemplate",
      "TargetObjects": [
        {
          "Hotspot": {
            "Position": "3234.706 1594.054 164.5004",
            "GroundPosition": "0 0 0",
            "IsGroundPosition": false,
            "ContinentId": 1116
          },
          "Name": "Drafting Table",
          "EntryId": 231231
        }
      ],
      "HotspotsX": [
        {
          "Position": "3237.756 1592.542 164.0916",
          "GroundPosition": "0 0 0",
          "IsGroundPosition": false,
          "ContinentId": 1116
        }
      ],
      "Blackspots": [],
      "IsLoot": false,
      "OpeningCast": false,
      "NoMovement": false,
      "GameObjectiveIndex": 0,
      "RunTime": 5.0
    },
    {
      "$type": "LuaTemplate",
      "RunAsMacro": true,
      "Text": "/run QuestChoiceFrameOption1.OptionButton:Click();",
      "GameObjectiveIndex": 2,
      "RunTime": 5.0
    }
  ]
}