{
  "QuestID": 34579,
  "Version": 15,
  "FactionGroup": 1,
  "CreatedOn": "2014-11-19T22:18:52.0868991Z",
  "UpdatedOn": "2015-08-07T10:49:18.6580635Z",
  "Comment": "",
  "CreatedBy": null,
  "AllowUpdates": false,
  "RecommendedLevel": 94,
  "Frequency": 1,
  "IsStory": true,
  "QuestStart": {
    "ObjectName": "Morketh Bladehowl",
    "EntryId": 79356,
    "AdditionalEntryIds": null,
    "ContinentId": 1116,
    "ZoneId": 6662,
    "Position": "3217.057 1606.389 166.068",
    "TurnInType": 0,
    "IsIndoors": true,
    "MyFaction": 1
  },
  "ActionOrder": 1,
  "Actions": [
    {
      "$type": "UseItemTemplate",
      "UseMethod": 2,
      "OverrideCooldown": 0.0,
      "OverrideCastTime": 0.0,
      "StayMounted": false,
      "MinCastRange": 4.5,
      "DontFilterDeadUnits": false,
      "UseCount": 1,
      "TargetUnits": [
        {
          "Hotspot": {
            "Position": "3501.032 1376.673 115.0239",
            "GroundPosition": "0 0 0",
            "IsGroundPosition": false,
            "ContinentId": 1116
          },
          "Name": "Glowgullet Shardshedder",
          "EntryId": 80013
        },
        {
          "Hotspot": {
            "Position": "3552.597 1432.628 121.3228",
            "GroundPosition": "0 0 0",
            "IsGroundPosition": false,
            "ContinentId": 1116
          },
          "Name": "Glowgullet Devourer",
          "EntryId": 79190
        }
      ],
      "HotspotsX": [
        {
          "Position": "3447.634 1346.275 126.2522",
          "GroundPosition": "0 0 0",
          "IsGroundPosition": false,
          "ContinentId": 1116
        },
        {
          "Position": "3449.653 1339.837 126.8155",
          "GroundPosition": "0 0 0",
          "IsGroundPosition": false,
          "ContinentId": 1116
        },
        {
          "Position": "3619.63 1319.013 108.7111",
          "GroundPosition": "0 0 0",
          "IsGroundPosition": false,
          "IsIndoors": true,
          "ContinentId": 1116
        },
        {
          "Position": "3682.467 1236.6 86.24553",
          "GroundPosition": "0 0 0",
          "IsGroundPosition": false,
          "IsIndoors": true,
          "ContinentId": 1116
        }
      ],
      "Blackspots": [
        "3545 1395 122 9.6"
      ],
      "Item": [
        {
          "Name": "Goren Gas Extractor",
          "EntryId": 111910
        }
      ],
      "BanTime": 120.0,
      "BanMobCombatAfterUse": false,
      "GameObjectiveIndex": 1,
      "RunTime": 5.0
    }
  ]
}