{
  "QuestID": 34577,
  "Version": 9,
  "FactionGroup": 1,
  "CreatedOn": "2014-11-19T22:33:30.7809103Z",
  "UpdatedOn": "2015-08-07T10:48:57.007441Z",
  "Comment": "",
  "CreatedBy": null,
  "AllowUpdates": false,
  "RecommendedLevel": 94,
  "Frequency": 1,
  "IsStory": true,
  "QuestStart": {
    "ObjectName": "Morketh Bladehowl",
    "EntryId": 79356,
    "AdditionalEntryIds": null,
    "ContinentId": 1116,
    "ZoneId": 6662,
    "Position": "3217.057 1606.389 166.068",
    "TurnInType": 0,
    "IsIndoors": true,
    "MyFaction": 1
  },
  "UseScript": true,
  "ScriptText": "{\r\n  \"Children\": [\r\n    {\r\n      \"$type\": \"While\",\r\n      \"LoopActions\": {\r\n        \"Children\": [\r\n          {\r\n            \"$type\": \"CollectObjectsTemplateScriptAction\",\r\n            \"Template\": {\r\n              \"$type\": \"CollectObjectsTemplate\",\r\n              \"TargetObjects\": [\r\n                {\r\n                  \"Name\": \"Jovite Ore\",\r\n                  \"EntryId\": 230268,\r\n                  \"CSharpCode\": \"\"\r\n                }\r\n              ],\r\n              \"HotspotsX\": [\r\n                {\r\n                  \"Position\": \"3635.428 1307.441 108.1637\",\r\n                  \"GroundPosition\": \"0 0 0\",\r\n                  \"IsGroundPosition\": false,\r\n                  \"IsIndoors\": true,\r\n                  \"ContinentId\": 1116\r\n                },\r\n                {\r\n                  \"Position\": \"3682.556 1232.773 85.60452\",\r\n                  \"GroundPosition\": \"0 0 0\",\r\n                  \"IsGroundPosition\": false,\r\n                  \"IsIndoors\": true,\r\n                  \"ContinentId\": 1116\r\n                },\r\n                {\r\n                  \"Position\": \"3670.378 1125.433 107.7342\",\r\n                  \"GroundPosition\": \"0 0 0\",\r\n                  \"IsGroundPosition\": false,\r\n                  \"IsIndoors\": true,\r\n                  \"ContinentId\": 1116\r\n                },\r\n                {\r\n                  \"Position\": \"3727.433 1075.376 107.6846\",\r\n                  \"GroundPosition\": \"0 0 0\",\r\n                  \"IsGroundPosition\": false,\r\n                  \"IsIndoors\": true,\r\n                  \"ContinentId\": 1116\r\n                },\r\n                {\r\n                  \"Position\": \"3737.89 1183.814 83.80948\",\r\n                  \"GroundPosition\": \"0 0 0\",\r\n                  \"IsGroundPosition\": false,\r\n                  \"IsIndoors\": true,\r\n                  \"ContinentId\": 1116\r\n                }\r\n              ],\r\n              \"Blackspots\": [],\r\n              \"IsLoot\": true,\r\n              \"OpeningCast\": true,\r\n              \"NoMovement\": false,\r\n              \"GameObjectiveIndex\": 1,\r\n              \"RunTime\": 5.0\r\n            },\r\n            \"TimeLimit\": 0\r\n          },\r\n          {\r\n            \"$type\": \"If\",\r\n            \"ActionsFalse\": {\r\n              \"Children\": [],\r\n              \"IsSpecialElement\": true,\r\n              \"SpecialElementName\": \"Else\",\r\n              \"GroupName\": \"\"\r\n            },\r\n            \"ActionsTrue\": {\r\n              \"Children\": [\r\n                {\r\n                  \"$type\": \"KillMobsTemplateScriptAction\",\r\n                  \"Template\": {\r\n                    \"$type\": \"KillMobsTemplate\",\r\n                    \"TargetObjects\": [\r\n                      {\r\n                        \"Name\": \"Iridium Geode\",\r\n                        \"EntryId\": 80072,\r\n                        \"CSharpCode\": \"\"\r\n                      }\r\n                    ],\r\n                    \"HotspotsX\": [\r\n                      {\r\n                        \"Position\": \"3653.81 1286.681 105.5337\",\r\n                        \"GroundPosition\": \"0 0 0\",\r\n                        \"IsGroundPosition\": false,\r\n                        \"IsIndoors\": true,\r\n                        \"ContinentId\": 1116\r\n                      },\r\n                      {\r\n                        \"Position\": \"3687.941 1167.967 103.1526\",\r\n                        \"GroundPosition\": \"0 0 0\",\r\n                        \"IsGroundPosition\": false,\r\n                        \"IsIndoors\": true,\r\n                        \"ContinentId\": 1116\r\n                      },\r\n                      {\r\n                        \"Position\": \"3685.288 1106.524 107.3645\",\r\n                        \"GroundPosition\": \"0 0 0\",\r\n                        \"IsGroundPosition\": false,\r\n                        \"IsIndoors\": true,\r\n                        \"ContinentId\": 1116\r\n                      },\r\n                      {\r\n                        \"Position\": \"3738.655 1080.715 108.1563\",\r\n                        \"GroundPosition\": \"0 0 0\",\r\n                        \"IsGroundPosition\": false,\r\n                        \"IsIndoors\": true,\r\n                        \"ContinentId\": 1116\r\n                      },\r\n                      {\r\n                        \"Position\": \"3737.89 1183.814 83.80948\",\r\n                        \"GroundPosition\": \"0 0 0\",\r\n                        \"IsGroundPosition\": false,\r\n                        \"IsIndoors\": true,\r\n                        \"ContinentId\": 1116\r\n                      }\r\n                    ],\r\n                    \"Blackspots\": [],\r\n                    \"ForceLoot\": true,\r\n                    \"ForcePullMobs\": false,\r\n                    \"GameObjectiveIndex\": 1,\r\n                    \"RunTime\": 5.0\r\n                  },\r\n                  \"TimeLimit\": 20\r\n                }\r\n              ],\r\n              \"IsSpecialElement\": true,\r\n              \"SpecialElementName\": \"Then\",\r\n              \"GroupName\": \"\"\r\n            },\r\n            \"Condition\": {\r\n              \"$type\": \"CSharpCondition\",\r\n              \"CSharpCode\": \"HasQuest(34576) && !IsQuestInLogAndComplete(34576)\"\r\n            },\r\n            \"IsNot\": false\r\n          }\r\n        ],\r\n        \"IsSpecialElement\": true,\r\n        \"SpecialElementName\": \"Do\",\r\n        \"GroupName\": \"\"\r\n      },\r\n      \"Condition\": {\r\n        \"$type\": \"CSharpCondition\",\r\n        \"CSharpCode\": \"!IsQuestInLogAndComplete(34577) && HasQuest(34577)\"\r\n      },\r\n      \"IsNot\": false,\r\n      \"CheckFrequently\": true\r\n    }\r\n  ],\r\n  \"GroupName\": \"\"\r\n}",
  "ActionOrder": 1,
  "Actions": [
    {
      "$type": "CollectObjectsTemplate",
      "TargetObjects": [
        {
          "Hotspot": {
            "Position": "3779.175 1105.54 88.0564",
            "GroundPosition": "0 0 0",
            "IsGroundPosition": false,
            "IsIndoors": true,
            "ContinentId": 1116
          },
          "Name": "Jovite Ore",
          "EntryId": 230268
        }
      ],
      "HotspotsX": [
        {
          "Position": "3780.775 1106.156 85.32282",
          "GroundPosition": "0 0 0",
          "IsGroundPosition": false,
          "IsIndoors": true,
          "ContinentId": 1116
        }
      ],
      "Blackspots": [],
      "IsLoot": true,
      "OpeningCast": true,
      "NoMovement": false,
      "GameObjectiveIndex": 1,
      "RunTime": 5.0
    }
  ]
}