{
  "QuestID": 34696,
  "Version": 2,
  "FactionGroup": 1,
  "CreatedOn": "2015-06-29T12:40:15.516785Z",
  "UpdatedOn": "2015-08-07T11:05:18.7241766Z",
  "Comment": "",
  "CreatedBy": null,
  "AllowUpdates": false,
  "QuestStart": {
    "ObjectName": "Knight-Lord Dranarus",
    "EntryId": 79612,
    "AdditionalEntryIds": null,
    "ContinentId": 1116,
    "ZoneId": 6662,
    "Position": "3246.586 1550.139 163.045",
    "TurnInType": 0,
    "IsIndoors": true,
    "MyFaction": 0
  },
  "QuestEnd": {
    "ObjectName": "Lady Liadrin",
    "EntryId": 75121,
    "AdditionalEntryIds": null,
    "ContinentId": 1116,
    "ZoneId": 6662,
    "Position": "1739.441 2524.964 133.6589",
    "TurnInType": 0,
    "MyFaction": 1
  },
  "ActionOrder": 1,
  "Actions": []
}