{
  "QuestID": 34706,
  "Version": 3,
  "FactionGroup": 1,
  "CreatedOn": "2014-11-25T17:29:45.6860562Z",
  "UpdatedOn": "2015-08-07T11:11:26.3730928Z",
  "Comment": "",
  "CreatedBy": null,
  "AllowUpdates": false,
  "RecommendedLevel": 96,
  "Frequency": 1,
  "QuestStart": {
    "ObjectName": "Lady Liadrin",
    "EntryId": 77580,
    "AdditionalEntryIds": null,
    "ContinentId": 1116,
    "ZoneId": 6662,
    "Position": "1469.575 3108.475 93.5532",
    "TurnInType": 0,
    "IsIndoors": true,
    "MyFaction": 0
  },
  "QuestEnd": {
    "ObjectName": "Knight-Lord Dranarus",
    "EntryId": 79612,
    "AdditionalEntryIds": null,
    "ContinentId": 1116,
    "ZoneId": 6662,
    "Position": "3246.586 1550.139 163.0451",
    "TurnInType": 0,
    "MyFaction": 1
  },
  "ActionOrder": 1,
  "Actions": []
}