{
  "QuestID": 34710,
  "Version": 3,
  "FactionGroup": 1,
  "CreatedOn": "2014-11-25T16:53:27.7934369Z",
  "UpdatedOn": "2015-08-07T11:05:27.6149738Z",
  "Comment": "",
  "CreatedBy": null,
  "AllowUpdates": false,
  "RecommendedLevel": 96,
  "Frequency": 1,
  "QuestStart": {
    "ObjectName": "Ranger Belonis",
    "EntryId": 79696,
    "AdditionalEntryIds": null,
    "ContinentId": 1116,
    "ZoneId": 6662,
    "Position": "1774.679 2531.117 133.6592",
    "TurnInType": 0,
    "IsIndoors": true,
    "MyFaction": 0
  },
  "QuestEnd": {
    "ObjectName": "Ageilaa",
    "EntryId": 78534,
    "AdditionalEntryIds": null,
    "ContinentId": 1116,
    "ZoneId": 6662,
    "Position": "2196.828 2858.67 134.0391",
    "TurnInType": 0,
    "MyFaction": 1
  },
  "ActionOrder": 1,
  "Actions": []
}