{
  "QuestID": 34801,
  "Version": 7,
  "FactionGroup": 1,
  "CreatedOn": "2015-03-21T06:15:17.9515156Z",
  "UpdatedOn": "2015-08-07T11:02:44.0861719Z",
  "Comment": "",
  "CreatedBy": null,
  "AllowUpdates": false,
  "RecommendedLevel": 95,
  "Frequency": 1,
  "QuestStart": {
    "ObjectName": "Nadur",
    "EntryId": 80028,
    "AdditionalEntryIds": null,
    "ContinentId": 1116,
    "ZoneId": 6662,
    "Position": "2266.623 2175.467 117.6448",
    "TurnInType": 0,
    "MyFaction": 1
  },
  "ActionOrder": 1,
  "Actions": [
    {
      "$type": "KillMobsTemplate",
      "TargetObjects": [
        {
          "Hotspot": {
            "Position": "2272.901 2117.561 108.3973",
            "GroundPosition": "0 0 0",
            "IsGroundPosition": false,
            "ContinentId": 1116
          },
          "Name": "Noxious Riverhopper",
          "EntryId": 78673
        },
        {
          "Hotspot": {
            "Position": "2302.923 2134.296 108.0368",
            "GroundPosition": "0 0 0",
            "IsGroundPosition": false,
            "ContinentId": 1116
          },
          "Name": "Palebelly Croaker",
          "EntryId": 78671
        }
      ],
      "HotspotsX": [
        {
          "Position": "2293.643 2128.771 109.0106",
          "GroundPosition": "0 0 0",
          "IsGroundPosition": false,
          "ContinentId": 1116
        }
      ],
      "Blackspots": [],
      "ForceLoot": true,
      "ForcePullMobs": false,
      "GameObjectiveIndex": 3,
      "RunTime": 5.0
    },
    {
      "$type": "MoveToTemplate",
      "Hotspots": [
        {
          "Position": "2259.512 2208.954 120.429",
          "GroundPosition": "0 0 0",
          "IsGroundPosition": false,
          "ContinentId": 1116
        }
      ],
      "PreventMounting": false,
      "GameObjectiveIndex": 0,
      "RunTime": 5.0
    },
    {
      "$type": "CollectObjectsTemplate",
      "TargetObjects": [
        {
          "Hotspot": {
            "Position": "2238.896 2217.238 117.4882",
            "GroundPosition": "0 0 0",
            "IsGroundPosition": false,
            "ContinentId": 1116
          },
          "Name": "Snapdragon",
          "EntryId": 230820
        },
        {
          "Hotspot": {
            "Position": "2245.443 2289.677 120.4831",
            "GroundPosition": "0 0 0",
            "IsGroundPosition": false,
            "ContinentId": 1116
          },
          "Name": "Snapdragon",
          "EntryId": 230821
        }
      ],
      "HotspotsX": [
        {
          "Position": "2252.709 2261.113 119.5282",
          "GroundPosition": "0 0 0",
          "IsGroundPosition": false,
          "ContinentId": 1116
        },
        {
          "Position": "2213.761 2192.843 117.5696",
          "GroundPosition": "0 0 0",
          "IsGroundPosition": false,
          "ContinentId": 1116
        }
      ],
      "Blackspots": [],
      "IsLoot": true,
      "OpeningCast": false,
      "NoMovement": false,
      "GameObjectiveIndex": 2,
      "RunTime": 5.0
    },
    {
      "$type": "KillMobsTemplate",
      "TargetObjects": [
        {
          "Hotspot": {
            "Position": "2342.57 2167.763 117.2504",
            "GroundPosition": "0 0 0",
            "IsGroundPosition": false,
            "ContinentId": 1116
          },
          "Name": "Ridge Prowler",
          "EntryId": 79703
        },
        {
          "Hotspot": {
            "Position": "2277.075 2248.163 120.3687",
            "GroundPosition": "0 0 0",
            "IsGroundPosition": false,
            "ContinentId": 1116
          },
          "Name": "Young Ridge Prowler",
          "EntryId": 79705
        }
      ],
      "HotspotsX": [
        {
          "Position": "2270.27 2269.614 120.4351",
          "GroundPosition": "0 0 0",
          "IsGroundPosition": false,
          "ContinentId": 1116
        },
        {
          "Position": "2233.012 2215.261 117.0655",
          "GroundPosition": "0 0 0",
          "IsGroundPosition": false,
          "ContinentId": 1116
        }
      ],
      "Blackspots": [],
      "ForceLoot": true,
      "ForcePullMobs": false,
      "GameObjectiveIndex": 1,
      "RunTime": 5.0
    }
  ]
}