{
  "QuestID": 34837,
  "Version": 3,
  "FactionGroup": 1,
  "CreatedOn": "2015-03-21T06:56:54.8950465Z",
  "UpdatedOn": "2015-08-07T10:49:38.0942218Z",
  "Comment": "",
  "CreatedBy": null,
  "AllowUpdates": false,
  "RecommendedLevel": 94,
  "Frequency": 1,
  "QuestStart": {
    "ObjectName": "Morketh Bladehowl",
    "EntryId": 79356,
    "AdditionalEntryIds": null,
    "ContinentId": 1116,
    "ZoneId": 6662,
    "Position": "3217.057 1606.389 166.068",
    "TurnInType": 0,
    "IsIndoors": true,
    "MyFaction": 1
  },
  "QuestEnd": {
    "ObjectName": "Morketh Bladehowl",
    "EntryId": 80229,
    "AdditionalEntryIds": null,
    "ContinentId": 1116,
    "ZoneId": 6662,
    "Position": "1677.486 2128.863 143.8432",
    "TurnInType": 0,
    "MyFaction": 1
  },
  "ActionOrder": 1,
  "Actions": []
}