{
  "QuestID": 34858,
  "Version": 5,
  "FactionGroup": 1,
  "CreatedOn": "2014-11-24T21:51:29.8880973Z",
  "UpdatedOn": "2015-08-07T11:03:49.7062128Z",
  "Comment": "",
  "CreatedBy": null,
  "AllowUpdates": false,
  "RecommendedLevel": 94,
  "Frequency": 1,
  "QuestStart": {
    "ObjectName": "Morketh Bladehowl",
    "EntryId": 80339,
    "AdditionalEntryIds": null,
    "ContinentId": 1116,
    "ZoneId": 6662,
    "Position": "1625.816 1733.194 307.0858",
    "TurnInType": 0,
    "MyFaction": 1
  },
  "QuestEnd": {
    "ObjectName": "Morketh Bladehowl",
    "EntryId": 80229,
    "AdditionalEntryIds": null,
    "ContinentId": 1116,
    "ZoneId": 6662,
    "Position": "1188.294 1949.62 351.8284",
    "TurnInType": 0,
    "MyFaction": 1
  },
  "ActionOrder": 1,
  "Actions": [
    {
      "$type": "KillMobsTemplate",
      "TargetObjects": [
        {
          "Hotspot": {
            "Position": "1594.866 1688.575 301.9271",
            "GroundPosition": "0 0 0",
            "IsGroundPosition": false,
            "ContinentId": 1116
          },
          "Name": "Gordunni Cleaver",
          "EntryId": 79234
        },
        {
          "Hotspot": {
            "Position": "1596.793 1637.259 301.1624",
            "GroundPosition": "0 0 0",
            "IsGroundPosition": false,
            "ContinentId": 1116
          },
          "Name": "Gordunni Basher",
          "EntryId": 79231
        },
        {
          "Hotspot": {
            "Position": "1624.666 1699.844 298.4502",
            "GroundPosition": "0 0 0",
            "IsGroundPosition": false,
            "ContinentId": 1116
          },
          "Name": "Gordunni Warcrier",
          "EntryId": 81764
        }
      ],
      "HotspotsX": [
        {
          "Position": "1396.729 1718.115 311.3235",
          "GroundPosition": "0 0 0",
          "IsGroundPosition": false,
          "ContinentId": 1116
        }
      ],
      "Blackspots": [],
      "ForceLoot": false,
      "ForcePullMobs": false,
      "GameObjectiveIndex": 1,
      "RunTime": 5.0
    }
  ]
}