{
  "QuestID": 34962,
  "Version": 3,
  "FactionGroup": 1,
  "CreatedOn": "2014-11-21T16:18:08.1084353Z",
  "UpdatedOn": "2015-08-07T10:55:02.9982268Z",
  "Comment": "",
  "CreatedBy": null,
  "AllowUpdates": false,
  "RecommendedLevel": 95,
  "Frequency": 1,
  "QuestStart": {
    "ObjectName": "Durotan",
    "EntryId": 75959,
    "AdditionalEntryIds": null,
    "ContinentId": 1116,
    "ZoneId": 6662,
    "Position": "2801.506 2518.724 121.047",
    "TurnInType": 0,
    "IsIndoors": true,
    "MyFaction": 0
  },
  "QuestEnd": {
    "ObjectName": "Archmage Khadgar",
    "EntryId": 75805,
    "AdditionalEntryIds": null,
    "ContinentId": 1116,
    "ZoneId": 6662,
    "Position": "2981.135 2602.592 81.42538",
    "TurnInType": 0,
    "MyFaction": 1
  },
  "ActionOrder": 1,
  "Actions": []
}