{
  "QuestID": 35102,
  "Version": 3,
  "FactionGroup": 1,
  "CreatedOn": "2015-03-08T08:58:06.1973857Z",
  "UpdatedOn": "2015-08-07T10:48:43.607763Z",
  "Comment": "",
  "CreatedBy": null,
  "AllowUpdates": false,
  "QuestStart": {
    "ObjectName": "Morketh Bladehowl",
    "EntryId": 79210,
    "AdditionalEntryIds": null,
    "ContinentId": 1116,
    "ZoneId": 6662,
    "Position": "3260.163 1546.627 162.8622",
    "TurnInType": 0,
    "IsIndoors": true,
    "MyFaction": 0
  },
  "QuestEnd": {
    "ObjectName": "Morketh Bladehowl",
    "EntryId": 79356,
    "AdditionalEntryIds": null,
    "ContinentId": 1116,
    "ZoneId": 6662,
    "Position": "3217.057 1606.389 166.068",
    "TurnInType": 0,
    "IsIndoors": true,
    "MyFaction": 1
  },
  "ActionOrder": 1,
  "Actions": [
    {
      "$type": "FollowTemplate",
      "FollowObject": {
        "Hotspot": {
          "Position": "3246.023 1585.015 162.1841",
          "GroundPosition": "0 0 0",
          "IsGroundPosition": false,
          "ContinentId": 1116
        },
        "Name": "Morketh Bladehowl",
        "EntryId": 79968
      },
      "CustomStopWhenIDAppears": "",
      "GameObjectiveIndex": 1,
      "RunTime": 120.0
    }
  ]
}