{
  "QuestID": 35249,
  "Version": 3,
  "FactionGroup": 1,
  "CreatedOn": "2014-11-24T22:18:04.0541237Z",
  "UpdatedOn": "2015-08-07T11:05:38.1926966Z",
  "Comment": "",
  "CreatedBy": null,
  "AllowUpdates": false,
  "RecommendedLevel": 96,
  "Frequency": 1,
  "QuestStart": {
    "ObjectName": "Mehlar Dawnblade",
    "EntryId": 78577,
    "AdditionalEntryIds": null,
    "ContinentId": 1116,
    "ZoneId": 6662,
    "Position": "1768.101 2522.97 133.6588",
    "TurnInType": 0,
    "IsIndoors": true,
    "MyFaction": 0
  },
  "QuestEnd": {
    "ObjectName": "Soulbinder Tuulani",
    "EntryId": 77737,
    "AdditionalEntryIds": null,
    "ContinentId": 1116,
    "ZoneId": 6662,
    "Position": "1897.236 2128.445 76.93946",
    "TurnInType": 0,
    "IsIndoors": true,
    "MyFaction": 1
  },
  "ActionOrder": 1,
  "Actions": []
}