{
  "QuestID": 35537,
  "Version": 6,
  "FactionGroup": 1,
  "CreatedOn": "2014-11-25T18:37:31.1535512Z",
  "UpdatedOn": "2015-08-07T11:13:43.9309029Z",
  "Comment": "",
  "CreatedBy": null,
  "AllowUpdates": false,
  "RecommendedLevel": 96,
  "Frequency": 1,
  "QuestStart": {
    "ObjectName": "Shadow Hunter Kajassa",
    "EntryId": 79627,
    "AdditionalEntryIds": null,
    "ContinentId": 1116,
    "ZoneId": 6662,
    "Position": "3238.862 1585.594 163.2242",
    "TurnInType": 0,
    "IsIndoors": true,
    "MyFaction": 0
  },
  "QuestEnd": {
    "ObjectName": "Rokhan",
    "EntryId": 78487,
    "AdditionalEntryIds": null,
    "ContinentId": 1330,
    "ZoneId": 7004,
    "Position": "5614.007 4563.16 135.1946",
    "TurnInType": 0,
    "MyFaction": 1
  },
  "ActionOrder": 1,
  "Actions": []
}