{
  "QuestID": 35988,
  "Version": 1,
  "FactionGroup": 1,
  "UpdatedOn": "2014-12-02T02:11:25.5107885Z",
  "Comment": "",
  "CreatedBy": null,
  "RecommendedLevel": 100,
  "Frequency": 1,
  "QuestStart": {
    "ObjectName": "Khadgar's Servant",
    "EntryId": 83858,
    "AdditionalEntryIds": null,
    "ContinentId": 1330,
    "ZoneId": 7004,
    "Position": "5591.037 4573.555 136.4993",
    "TurnInType": 0,
    "MyFaction": 1
  },
  "QuestEnd": {
    "ObjectName": "Archmage Khadgar",
    "EntryId": 83823,
    "AdditionalEntryIds": null,
    "ContinentId": 1116,
    "ZoneId": 6662,
    "Position": "3168.495 754.4531 81.27045",
    "TurnInType": 0,
    "IsIndoors": true,
    "MyFaction": 1
  },
  "ActionOrder": 1,
  "Actions": [
    {
      "$type": "CollectObjectsTemplate",
      "TargetObjects": [
        {
          "Hotspot": {
            "Position": "3390.911 1025.759 179.1573",
            "GroundPosition": "0 0 0",
            "ContinentId": 1116
          },
          "Name": "Khadgar's Portal",
          "EntryId": 230872
        }
      ],
      "HotspotsX": [
        {
          "Position": "3391.933 1029.251 178.8524",
          "GroundPosition": "0 0 0",
          "ContinentId": 1116
        }
      ],
      "Blackspots": [],
      "IsLoot": true,
      "OpeningCast": false,
      "NoMovement": false,
      "GameObjectiveIndex": 1,
      "RunTime": 5.0
    }
  ]
}