{
  "QuestID": 36518,
  "Version": 2,
  "FactionGroup": 1,
  "CreatedOn": "2015-08-07T11:03:06.8433032Z",
  "UpdatedOn": "2015-08-07T11:03:09.0328183Z",
  "Comment": "",
  "CreatedBy": null,
  "AllowUpdates": false,
  "QuestStart": {
    "ObjectName": "Aeda Brightdawn",
    "EntryId": 79978,
    "AdditionalEntryIds": null,
    "ContinentId": 1116,
    "ZoneId": 6662,
    "Position": "2319.825 2369.618 126.5608",
    "TurnInType": 0,
    "IsIndoors": true,
    "MyFaction": 0
  },
  "ActionOrder": 1,
  "Actions": []
}