{
  "QuestID": 36953,
  "Version": 11,
  "FactionGroup": 1,
  "CreatedOn": "2015-03-08T06:45:22.3497717Z",
  "UpdatedOn": "2015-08-07T10:37:41.0393289Z",
  "Comment": "",
  "CreatedBy": null,
  "AllowUpdates": false,
  "QuestStart": {
    "ObjectName": "Command Board",
    "EntryId": 232416,
    "AdditionalEntryIds": null,
    "ContinentId": 1116,
    "ZoneId": 7004,
    "Position": "5621.293 4545.355 119.2705",
    "TurnInType": 1,
    "IsIndoors": true,
    "ScriptJson": "{\r\n  \"Children\": [\r\n    {\r\n      \"$type\": \"ActionSequence\",\r\n      \"Children\": [\r\n        {\r\n          \"$type\": \"ExecuteLua\",\r\n          \"LuaCode\": \"EJMicroButton:Click()\"\r\n        },\r\n        {\r\n          \"$type\": \"Wait\",\r\n          \"Delay\": 1.0,\r\n          \"DelayMax\": 0.0\r\n        },\r\n        {\r\n          \"$type\": \"ExecuteLua\",\r\n          \"LuaCode\": \"EncounterJournalSuggestFrame.Suggestion1.button:Click()\"\r\n        },\r\n        {\r\n          \"$type\": \"Wait\",\r\n          \"Delay\": 1.0,\r\n          \"DelayMax\": 0.0\r\n        },\r\n        {\r\n          \"$type\": \"ExecuteLua\",\r\n          \"LuaCode\": \"QuestFrameAcceptButton:Click()\"\r\n        }\r\n      ],\r\n      \"GroupName\": \"Quest Pickup\"\r\n    }\r\n  ],\r\n  \"GroupName\": \"\"\r\n}",
    "MyFaction": 1
  },
  "QuestEnd": {
    "ObjectName": "Foreman Grobash",
    "EntryId": 79176,
    "AdditionalEntryIds": null,
    "ContinentId": 1116,
    "ZoneId": 6662,
    "Position": "3246.724 1596.576 162.5323",
    "TurnInType": 0,
    "MyFaction": 1
  },
  "UseScript": true,
  "ScriptText": "{\r\n  \"Children\": [\r\n    {\r\n      \"$type\": \"If\",\r\n      \"ActionsFalse\": {\r\n        \"Children\": [],\r\n        \"IsSpecialElement\": true,\r\n        \"SpecialElementName\": \"Else\",\r\n        \"GroupName\": \"\"\r\n      },\r\n      \"ActionsTrue\": {\r\n        \"Children\": [\r\n          {\r\n            \"$type\": \"If\",\r\n            \"ActionsFalse\": {\r\n              \"Children\": [],\r\n              \"IsSpecialElement\": true,\r\n              \"SpecialElementName\": \"Else\",\r\n              \"GroupName\": \"\"\r\n            },\r\n            \"ActionsTrue\": {\r\n              \"Children\": [\r\n                {\r\n                  \"$type\": \"If\",\r\n                  \"ActionsFalse\": {\r\n                    \"Children\": [],\r\n                    \"IsSpecialElement\": true,\r\n                    \"SpecialElementName\": \"Else\",\r\n                    \"GroupName\": \"\"\r\n                  },\r\n                  \"ActionsTrue\": {\r\n                    \"Children\": [\r\n                      {\r\n                        \"$type\": \"UseHearthstone\",\r\n                        \"WantedZoneId\": 0,\r\n                        \"UseGarrisonHS\": true\r\n                      },\r\n                      {\r\n                        \"$type\": \"While\",\r\n                        \"LoopActions\": {\r\n                          \"Children\": [\r\n                            {\r\n                              \"$type\": \"Wait\",\r\n                              \"Delay\": 1.0,\r\n                              \"DelayMax\": 0.0\r\n                            }\r\n                          ],\r\n                          \"IsSpecialElement\": true,\r\n                          \"SpecialElementName\": \"Do\",\r\n                          \"GroupName\": \"\"\r\n                        },\r\n                        \"Condition\": {\r\n                          \"$type\": \"PlayerCondition\",\r\n                          \"Property\": \"IsInGarrison\"\r\n                        },\r\n                        \"IsNot\": true\r\n                      }\r\n                    ],\r\n                    \"IsSpecialElement\": true,\r\n                    \"SpecialElementName\": \"Then\",\r\n                    \"GroupName\": \"\"\r\n                  },\r\n                  \"Condition\": {\r\n                    \"$type\": \"CSharpCondition\",\r\n                    \"CSharpCode\": \"ItemCooldown(110560) == 0\"\r\n                  },\r\n                  \"IsNot\": false\r\n                }\r\n              ],\r\n              \"IsSpecialElement\": true,\r\n              \"SpecialElementName\": \"Then\",\r\n              \"GroupName\": \"\"\r\n            },\r\n            \"Condition\": {\r\n              \"$type\": \"PlayerCondition\",\r\n              \"Property\": \"IsInGarrison\"\r\n            },\r\n            \"IsNot\": true\r\n          },\r\n          {\r\n            \"$type\": \"Interact\",\r\n            \"Target\": {\r\n              \"Name\": \"Bron Skyhorn\",\r\n              \"EntryId\": 79407\r\n            },\r\n            \"NumOfTimes\": 0\r\n          },\r\n          {\r\n            \"$type\": \"Wait\",\r\n            \"Delay\": 2.0,\r\n            \"DelayMax\": 3.0\r\n          },\r\n          {\r\n            \"$type\": \"Comment\",\r\n            \"Text\": \"Taking Escorted Flight to Talador!\",\r\n            \"Color\": \"64, 128, 128\"\r\n          },\r\n          {\r\n            \"$type\": \"CSharpAction\",\r\n            \"CSharpCode\": \"string choice = \\\"Take me to my base in Talador.\\\";\\r\\nstring title = \\\"title0\\\";\\r\\nstring luaCall = (\\\"local title0,_ = GetGossipOptions(); if title0 ~= nil then return title0 else return \\\\\\\"nil\\\\\\\" end\\\");\\r\\nstring result = ExecuteLua<String>(luaCall);\\r\\n// Now Ready to Iterate through All Gossip Options!\\r\\nint i = 1;\\r\\nstring num = \\\"\\\";\\r\\nwhile(result != null)\\r\\n{\\r\\n\\tif(result.Equals(choice))\\r\\n\\t{\\r\\n\\t\\tPrint(\\\"Flightmaster Selection Found at Gossip Option \\\" + i + \\\".\\\");\\r\\n\\t\\tExecuteLua(\\\"SelectGossipOption(\\\" + i + \\\");\\\");\\r\\n\\t\\tbreak;\\r\\n\\t}\\r\\n\\telse\\r\\n        {\\r\\n            num = i.ToString();\\r\\n            title = (title.Substring(0,title.Length-1) + num);\\r\\n            luaCall = (\\\"local \\\" + title + \\\",_,\\\" + luaCall.Substring(6,luaCall.Length-6));\\r\\n            result = ExecuteLua<string>(luaCall);\\r\\n            i++;\\r\\n\\t    \\r\\n        }\\r\\n}\\r\\nif (result == null)\\r\\n{\\r\\nPrint(\\\"Unable to Identify Correct Gossip Option. Please Transverse Manually\\\");\\r\\n}\\r\\n\\r\\n\"\r\n          },\r\n          {\r\n            \"$type\": \"Wait\",\r\n            \"Delay\": 1.0,\r\n            \"DelayMax\": 0.0\r\n          }\r\n        ],\r\n        \"IsSpecialElement\": true,\r\n        \"SpecialElementName\": \"Then\",\r\n        \"GroupName\": \"\"\r\n      },\r\n      \"Condition\": {\r\n        \"$type\": \"CSharpCondition\",\r\n        \"CSharpCode\": \"Me.ZoneId != 6662;\"\r\n      },\r\n      \"IsNot\": false\r\n    }\r\n  ],\r\n  \"GroupName\": \"\"\r\n}",
  "ActionOrder": 1,
  "Actions": []
}