{
  "QuestID": 33544,
  "Version": 4,
  "FactionGroup": 1,
  "CreatedOn": "2014-11-17T04:01:11.5969006Z",
  "UpdatedOn": "2015-08-07T09:19:55.2478119Z",
  "Comment": "",
  "CreatedBy": null,
  "AllowUpdates": false,
  "RecommendedLevel": 93,
  "Frequency": 1,
  "IsStory": true,
  "QuestStart": {
    "ObjectName": "Ripfist",
    "EntryId": 84176,
    "AdditionalEntryIds": null,
    "ContinentId": 1116,
    "ZoneId": 6721,
    "Position": "5577.584 1896.168 131.0744",
    "TurnInType": 0,
    "MyFaction": 1
  },
  "QuestEnd": {
    "ObjectName": "WatchFramePopup",
    "EntryId": 0,
    "AdditionalEntryIds": [],
    "ContinentId": 1116,
    "ZoneId": 6721,
    "Position": "0 0 0",
    "TurnInType": 4,
    "MyFaction": 1
  },
  "ActionOrder": 1,
  "Actions": [
    {
      "$type": "KillMobsTemplate",
      "TargetObjects": [
        {
          "Hotspot": {
            "Position": "5623.499 1854.051 118.4415",
            "GroundPosition": "0 0 0",
            "IsGroundPosition": false,
            "ContinentId": 1116
          },
          "Name": "Acidtooth Devourer",
          "EntryId": 79416
        }
      ],
      "HotspotsX": [
        {
          "Position": "5623.638 1863.359 117.4182",
          "GroundPosition": "0 0 0",
          "IsGroundPosition": false,
          "ContinentId": 1116
        }
      ],
      "Blackspots": [],
      "ForceLoot": false,
      "ForcePullMobs": false,
      "GameObjectiveIndex": 1,
      "RunTime": 5.0
    }
  ]
}