{
  "QuestID": 33694,
  "Version": 3,
  "FactionGroup": 1,
  "CreatedOn": "2015-02-19T23:02:55.8175682Z",
  "UpdatedOn": "2015-08-07T09:34:47.6684218Z",
  "Comment": "",
  "CreatedBy": null,
  "AllowUpdates": false,
  "RecommendedLevel": 93,
  "Frequency": 1,
  "QuestStart": {
    "ObjectName": "Marrow",
    "EntryId": 82732,
    "AdditionalEntryIds": null,
    "ContinentId": 1116,
    "ZoneId": 6721,
    "Position": "5775.616 1281.615 107.7675",
    "TurnInType": 0,
    "MyFaction": 1
  },
  "QuestEnd": {
    "ObjectName": "Rakthoth",
    "EntryId": 81731,
    "AdditionalEntryIds": null,
    "ContinentId": 1116,
    "ZoneId": 6721,
    "Position": "6880.623 1029.911 68.90788",
    "TurnInType": 0,
    "MyFaction": 1
  },
  "ActionOrder": 1,
  "Actions": []
}