{
  "QuestID": 34072,
  "Version": 7,
  "FactionGroup": 1,
  "CreatedOn": "2014-11-19T01:59:53.7263228Z",
  "UpdatedOn": "2016-02-16T04:45:52.6884847Z",
  "Comment": "",
  "CreatedBy": null,
  "AllowUpdates": false,
  "RecommendedLevel": 92,
  "Frequency": 1,
  "QuestStart": {
    "ObjectName": "Scout Ruk'Gan",
    "EntryId": 77210,
    "AdditionalEntryIds": null,
    "ContinentId": 1116,
    "ZoneId": 6720,
    "Position": "5431.184 2454.799 171.1537",
    "TurnInType": 0,
    "IsIndoors": true,
    "MyFaction": 0
  },
  "ActionOrder": 1,
  "Actions": [
    {
      "$type": "KillMobsTemplate",
      "TargetObjects": [
        {
          "Hotspot": {
            "Position": "5475.666 2237.032 150.0278",
            "GroundPosition": "0 0 0",
            "IsGroundPosition": false,
            "ContinentId": 1116
          },
          "Name": "Black Tar",
          "EntryId": 77103
        }
      ],
      "HotspotsX": [
        {
          "Position": "5447.513 2265.841 152.5849",
          "GroundPosition": "0 0 0",
          "IsGroundPosition": false,
          "ContinentId": 1116
        },
        {
          "Position": "5403.547 2325.385 146.3607",
          "GroundPosition": "0 0 0",
          "ContinentId": 1116
        },
        {
          "Position": "5353.483 2252.414 140.3511",
          "GroundPosition": "0 0 0",
          "ContinentId": 1116
        }
      ],
      "Blackspots": [
        "5371 2287 157 12.7",
        "5351 2292 148 14.3",
        "5344 2268 145 16.1"
      ],
      "ForceLoot": false,
      "ForcePullMobs": false,
      "GameObjectiveIndex": 1,
      "RunTime": 5.0
    }
  ]
}