{
  "QuestID": 34216,
  "Version": 4,
  "FactionGroup": 1,
  "CreatedOn": "2015-03-06T03:09:25.9539254Z",
  "UpdatedOn": "2015-08-07T09:58:16.071351Z",
  "Comment": "",
  "CreatedBy": null,
  "AllowUpdates": false,
  "RecommendedLevel": 94,
  "Frequency": 1,
  "IsStory": true,
  "QuestStart": {
    "ObjectName": "Cordana Felsong",
    "EntryId": 72814,
    "AdditionalEntryIds": null,
    "ContinentId": 1116,
    "ZoneId": 6720,
    "Position": "7612.442 5582.679 121.9576",
    "TurnInType": 0,
    "MyFaction": 1
  },
  "QuestEnd": {
    "ObjectName": "Farseer Urquan",
    "EntryId": 72837,
    "AdditionalEntryIds": null,
    "ContinentId": 1116,
    "ZoneId": 6720,
    "Position": "7795.19 5565.038 111.4855",
    "TurnInType": 0,
    "MyFaction": 1
  },
  "ActionOrder": 1,
  "Actions": [
    {
      "$type": "GossipInteractionTemplate",
      "TargetObjects": [
        {
          "Hotspot": {
            "Position": "7612.442 5582.679 121.9576",
            "GroundPosition": "0 0 0",
            "IsGroundPosition": false,
            "ContinentId": 1116
          },
          "Name": "Cordana Felsong",
          "EntryId": 72814
        }
      ],
      "HotspotsX": [
        {
          "Position": "7612.606 5583.298 121.9831",
          "GroundPosition": "0 0 0",
          "IsGroundPosition": false,
          "ContinentId": 1116
        }
      ],
      "GossipIndex": 1,
      "Dismount": false,
      "GameObjectiveIndex": 1,
      "RunTime": 5.0
    },
    {
      "$type": "FollowTemplate",
      "FollowObject": {
        "Hotspot": {
          "Position": "7704.869 5525.523 133.2001",
          "GroundPosition": "0 0 0",
          "IsGroundPosition": false,
          "ContinentId": 1116
        },
        "Name": "Cordana Felsong",
        "EntryId": 73443
      },
      "CustomStopWhenIDAppears": "",
      "GameObjectiveIndex": 1,
      "RunTime": 120.0
    }
  ]
}