{
  "QuestID": 34279,
  "Version": 2,
  "FactionGroup": 2,
  "CreatedOn": "2015-09-02T07:47:47.2370691Z",
  "UpdatedOn": "2015-12-23T22:48:38.9725604Z",
  "Comment": "",
  "CreatedBy": null,
  "AllowUpdates": false,
  "QuestStart": {
    "ObjectName": "Blook",
    "EntryId": 78030,
    "AdditionalEntryIds": null,
    "ContinentId": 1116,
    "ZoneId": 6721,
    "Position": "4606.708 1686.758 235.8721",
    "TurnInType": 0,
    "MyFaction": 1
  },
  "ActionOrder": 1,
  "Actions": []
}