{
  "QuestID": 34278,
  "Version": 3,
  "FactionGroup": 1,
  "CreatedOn": "2015-03-06T06:40:33.637453Z",
  "UpdatedOn": "2015-08-07T09:59:19.6415118Z",
  "Comment": "",
  "CreatedBy": null,
  "AllowUpdates": false,
  "RecommendedLevel": 94,
  "Frequency": 1,
  "IsStory": true,
  "QuestStart": {
    "ObjectName": "Farseer Urquan",
    "EntryId": 72837,
    "AdditionalEntryIds": null,
    "ContinentId": 1116,
    "ZoneId": 6720,
    "Position": "7795.19 5565.038 111.4856",
    "TurnInType": 0,
    "MyFaction": 1
  },
  "ActionOrder": 1,
  "Actions": [
    {
      "$type": "KillMobsTemplate",
      "TargetObjects": [
        {
          "Hotspot": {
            "Position": "7785.698 6075.652 40.66109",
            "GroundPosition": "0 0 0",
            "IsGroundPosition": false,
            "ContinentId": 1116
          },
          "Name": "Eye of Ogzor",
          "EntryId": 73308
        },
        {
          "Hotspot": {
            "Position": "7841.718 6021.865 42.98735",
            "GroundPosition": "0 0 0",
            "IsGroundPosition": false,
            "ContinentId": 1116
          },
          "Name": "Fel Wolf",
          "EntryId": 73325
        },
        {
          "Hotspot": {
            "Position": "7795.859 6032.658 45.91851",
            "GroundPosition": "0 0 0",
            "IsGroundPosition": false,
            "ContinentId": 1116
          },
          "Name": "Necrophyte",
          "EntryId": 73320
        }
      ],
      "HotspotsX": [
        {
          "Position": "7906.408 5904.284 43.00301",
          "GroundPosition": "0 0 0",
          "IsGroundPosition": false,
          "ContinentId": 1116
        },
        {
          "Position": "7844.169 6057.708 42.79438",
          "GroundPosition": "0 0 0",
          "IsGroundPosition": false,
          "ContinentId": 1116
        }
      ],
      "Blackspots": [],
      "ForceLoot": false,
      "ForcePullMobs": false,
      "GameObjectiveIndex": 1,
      "RunTime": 5.0
    }
  ]
}