{
  "QuestID": 34295,
  "Version": 33,
  "FactionGroup": 1,
  "CreatedOn": "2015-03-06T09:38:53.0140929Z",
  "UpdatedOn": "2015-08-07T10:02:38.0696317Z",
  "Comment": "",
  "CreatedBy": null,
  "AllowUpdates": false,
  "RecommendedLevel": 94,
  "Frequency": 1,
  "IsStory": true,
  "QuestStart": {
    "ObjectName": "Image of Archmage Khadgar",
    "EntryId": 73480,
    "AdditionalEntryIds": null,
    "ContinentId": 1116,
    "ZoneId": 6720,
    "Position": "7678.794 6290.924 43.10595",
    "TurnInType": 0,
    "MyFaction": 1
  },
  "QuestEnd": {
    "ObjectName": "Archmage Khadgar",
    "EntryId": 72874,
    "AdditionalEntryIds": null,
    "ContinentId": 1116,
    "ZoneId": 6720,
    "Position": "7790.766 5566.143 111.3001",
    "TurnInType": 0,
    "MyFaction": 1
  },
  "UseScript": true,
  "ScriptText": "{\r\n  \"Children\": [\r\n    {\r\n      \"$type\": \"While\",\r\n      \"LoopActions\": {\r\n        \"Children\": [\r\n          {\r\n            \"$type\": \"CSharpAction\",\r\n            \"CSharpCode\": \"Me.ClearFocus();\\r\\n\"\r\n          },\r\n          {\r\n            \"$type\": \"Wait\",\r\n            \"Delay\": 1.0,\r\n            \"DelayMax\": 2.0\r\n          },\r\n          {\r\n            \"$type\": \"InCombatBlock\",\r\n            \"Children\": [\r\n              {\r\n                \"$type\": \"CSharpAction\",\r\n                \"CSharpCode\": \"DisableCombat = true;\"\r\n              },\r\n              {\r\n                \"$type\": \"While\",\r\n                \"LoopActions\": {\r\n                  \"Children\": [\r\n                    {\r\n                      \"$type\": \"While\",\r\n                      \"LoopActions\": {\r\n                        \"Children\": [\r\n                          {\r\n                            \"$type\": \"Comment\",\r\n                            \"Text\": \"Waiting For Gul'dan\",\r\n                            \"Color\": \"64, 128, 128\"\r\n                          },\r\n                          {\r\n                            \"$type\": \"CSharpAction\",\r\n                            \"CSharpCode\": \"foreach (UnitObject unit in Units)\\r\\n{\\r\\n\\tif (unit.EntryID == 74749)\\r\\n\\t{\\r\\n\\t\\tMe.SetFocus(unit);\\r\\n\\t\\tBanFromCombat(unit, 100.0);\\r\\n\\t\\treturn;\\r\\n\\t}\\r\\n}\\r\\n\"\r\n                          },\r\n                          {\r\n                            \"$type\": \"Wait\",\r\n                            \"Delay\": 4.0,\r\n                            \"DelayMax\": 5.0\r\n                          }\r\n                        ],\r\n                        \"IsSpecialElement\": true,\r\n                        \"SpecialElementName\": \"Do\",\r\n                        \"GroupName\": \"\"\r\n                      },\r\n                      \"Conditions\": [\r\n                        {\r\n                          \"Condition\": {\r\n                            \"$type\": \"CSharpCondition\",\r\n                            \"CSharpCode\": \"Me.Focus == null\"\r\n                          },\r\n                          \"IsNot\": false\r\n                        },\r\n                        {\r\n                          \"Condition\": null,\r\n                          \"IsNot\": false\r\n                        },\r\n                        {\r\n                          \"Condition\": null,\r\n                          \"IsNot\": false\r\n                        },\r\n                        {\r\n                          \"Condition\": null,\r\n                          \"IsNot\": false\r\n                        }\r\n                      ],\r\n                      \"IsNot\": false\r\n                    },\r\n                    {\r\n                      \"$type\": \"Comment\",\r\n                      \"Text\": \"Gul'dan Found!\",\r\n                      \"Color\": \"64, 128, 128\"\r\n                    },\r\n                    {\r\n                      \"$type\": \"While\",\r\n                      \"LoopActions\": {\r\n                        \"Children\": [\r\n                          {\r\n                            \"$type\": \"Interact\",\r\n                            \"Target\": {\r\n                              \"Name\": \"Gul'dan\",\r\n                              \"EntryId\": 74749\r\n                            },\r\n                            \"NumOfTimes\": 0\r\n                          },\r\n                          {\r\n                            \"$type\": \"Wait\",\r\n                            \"Delay\": 1.0,\r\n                            \"DelayMax\": 2.0\r\n                          }\r\n                        ],\r\n                        \"IsSpecialElement\": true,\r\n                        \"SpecialElementName\": \"Do\",\r\n                        \"GroupName\": \"\"\r\n                      },\r\n                      \"Conditions\": [\r\n                        {\r\n                          \"Condition\": {\r\n                            \"$type\": \"CSharpCondition\",\r\n                            \"CSharpCode\": \"Me.Focus != null && Me.Focus.HealthFraction == 1\"\r\n                          },\r\n                          \"IsNot\": false\r\n                        },\r\n                        {\r\n                          \"Condition\": null,\r\n                          \"IsNot\": false\r\n                        },\r\n                        {\r\n                          \"Condition\": null,\r\n                          \"IsNot\": false\r\n                        },\r\n                        {\r\n                          \"Condition\": null,\r\n                          \"IsNot\": false\r\n                        }\r\n                      ],\r\n                      \"IsNot\": false,\r\n                      \"CheckFrequently\": true\r\n                    },\r\n                    {\r\n                      \"$type\": \"If\",\r\n                      \"ActionsFalse\": {\r\n                        \"Children\": [],\r\n                        \"IsSpecialElement\": true,\r\n                        \"SpecialElementName\": \"Else\",\r\n                        \"GroupName\": \"\"\r\n                      },\r\n                      \"ActionsTrue\": {\r\n                        \"Children\": [\r\n                          {\r\n                            \"$type\": \"MoveTo\",\r\n                            \"Hotspot\": {\r\n                              \"Position\": \"7732.131 6342.262 10.29939\",\r\n                              \"GroundPosition\": \"7732.131 6342.262 10.84024\",\r\n                              \"IsGroundPosition\": false,\r\n                              \"IsIndoors\": true,\r\n                              \"ContinentId\": 1116\r\n                            },\r\n                            \"Method\": \"Navi\"\r\n                          },\r\n                          {\r\n                            \"$type\": \"Comment\",\r\n                            \"Text\": \"Waiting for Giselda to Transform...\",\r\n                            \"Color\": \"64, 128, 128\"\r\n                          },\r\n                          {\r\n                            \"$type\": \"Wait\",\r\n                            \"Delay\": 35.0,\r\n                            \"DelayMax\": 38.0\r\n                          }\r\n                        ],\r\n                        \"IsSpecialElement\": true,\r\n                        \"SpecialElementName\": \"Then\",\r\n                        \"GroupName\": \"\"\r\n                      },\r\n                      \"Conditions\": [\r\n                        {\r\n                          \"Condition\": {\r\n                            \"$type\": \"CSharpCondition\",\r\n                            \"CSharpCode\": \"Me.Focus != null && Me.Focus.HealthFraction < 1\"\r\n                          },\r\n                          \"IsNot\": false\r\n                        },\r\n                        {\r\n                          \"Condition\": null,\r\n                          \"IsNot\": false\r\n                        },\r\n                        {\r\n                          \"Condition\": null,\r\n                          \"IsNot\": false\r\n                        },\r\n                        {\r\n                          \"Condition\": null,\r\n                          \"IsNot\": false\r\n                        }\r\n                      ],\r\n                      \"IsNot\": false\r\n                    }\r\n                  ],\r\n                  \"IsSpecialElement\": true,\r\n                  \"SpecialElementName\": \"Do\",\r\n                  \"GroupName\": \"\"\r\n                },\r\n                \"Conditions\": [\r\n                  {\r\n                    \"Condition\": {\r\n                      \"$type\": \"IsQuestObjectiveComplete\",\r\n                      \"QuestId\": 34295,\r\n                      \"ObjectiveIndex\": 1\r\n                    },\r\n                    \"IsNot\": false\r\n                  },\r\n                  {\r\n                    \"Condition\": null,\r\n                    \"IsNot\": false\r\n                  },\r\n                  {\r\n                    \"Condition\": null,\r\n                    \"IsNot\": false\r\n                  },\r\n                  {\r\n                    \"Condition\": null,\r\n                    \"IsNot\": false\r\n                  }\r\n                ],\r\n                \"IsNot\": true\r\n              },\r\n              {\r\n                \"$type\": \"While\",\r\n                \"LoopActions\": {\r\n                  \"Children\": [\r\n                    {\r\n                      \"$type\": \"CSharpAction\",\r\n                      \"CSharpCode\": \"foreach (UnitObject unit in Units)\\r\\n{\\r\\n\\tif (unit.EntryID == 75933)\\r\\n\\t{\\r\\n\\t\\tMe.SetFocus(unit);\\r\\n\\t\\tMe.SetTarget(unit);\\r\\n\\t\\tbreak;\\r\\n\\t}\\r\\n}\\r\\n\"\r\n                    },\r\n                    {\r\n                      \"$type\": \"CSharpAction\",\r\n                      \"CSharpCode\": \"DisableCombat = false;\"\r\n                    },\r\n                    {\r\n                      \"$type\": \"Wait\",\r\n                      \"Delay\": 1.0,\r\n                      \"DelayMax\": 0.0\r\n                    },\r\n                    {\r\n                      \"$type\": \"KillMobsTemplateScriptAction\",\r\n                      \"Template\": {\r\n                        \"$type\": \"KillMobsTemplate\",\r\n                        \"TargetObjects\": [\r\n                          {\r\n                            \"Hotspot\": {\r\n                              \"Position\": \"7772.332 6364.922 10.29972\",\r\n                              \"GroundPosition\": \"0 0 0\",\r\n                              \"IsGroundPosition\": false,\r\n                              \"IsIndoors\": true,\r\n                              \"ContinentId\": 1116\r\n                            },\r\n                            \"Name\": \"Giselda the Beautiful\",\r\n                            \"EntryId\": 75933\r\n                          }\r\n                        ],\r\n                        \"HotspotsX\": [\r\n                          {\r\n                            \"Position\": \"7749.392 6343.429 9.715355\",\r\n                            \"GroundPosition\": \"0 0 0\",\r\n                            \"IsGroundPosition\": false,\r\n                            \"IsIndoors\": true,\r\n                            \"ContinentId\": 1116\r\n                          }\r\n                        ],\r\n                        \"Blackspots\": [],\r\n                        \"ForceLoot\": false,\r\n                        \"ForcePullMobs\": false,\r\n                        \"GameObjectiveIndex\": 1,\r\n                        \"RunTime\": 5.0\r\n                      },\r\n                      \"TimeLimit\": 0\r\n                    }\r\n                  ],\r\n                  \"IsSpecialElement\": true,\r\n                  \"SpecialElementName\": \"Do\",\r\n                  \"GroupName\": \"\"\r\n                },\r\n                \"Conditions\": [\r\n                  {\r\n                    \"Condition\": {\r\n                      \"$type\": \"IsQuestObjectiveComplete\",\r\n                      \"QuestId\": 34295,\r\n                      \"ObjectiveIndex\": 2\r\n                    },\r\n                    \"IsNot\": false\r\n                  },\r\n                  {\r\n                    \"Condition\": null,\r\n                    \"IsNot\": false\r\n                  },\r\n                  {\r\n                    \"Condition\": null,\r\n                    \"IsNot\": false\r\n                  },\r\n                  {\r\n                    \"Condition\": null,\r\n                    \"IsNot\": false\r\n                  }\r\n                ],\r\n                \"IsNot\": true,\r\n                \"CheckFrequently\": true\r\n              },\r\n              {\r\n                \"$type\": \"Wait\",\r\n                \"Delay\": 3.0,\r\n                \"DelayMax\": 4.0\r\n              }\r\n            ],\r\n            \"GroupName\": \"Guldan\"\r\n          },\r\n          {\r\n            \"$type\": \"CSharpAction\",\r\n            \"CSharpCode\": \"DisableCombat = false;\"\r\n          }\r\n        ],\r\n        \"IsSpecialElement\": true,\r\n        \"SpecialElementName\": \"Do\",\r\n        \"GroupName\": \"\"\r\n      },\r\n      \"Conditions\": [\r\n        {\r\n          \"Condition\": {\r\n            \"$type\": \"CSharpCondition\",\r\n            \"CSharpCode\": \"!IsQuestInLogAndComplete(34295) && HasQuest(34295)\"\r\n          },\r\n          \"IsNot\": false\r\n        },\r\n        {\r\n          \"Condition\": null,\r\n          \"IsNot\": false\r\n        },\r\n        {\r\n          \"Condition\": null,\r\n          \"IsNot\": false\r\n        },\r\n        {\r\n          \"Condition\": null,\r\n          \"IsNot\": false\r\n        }\r\n      ],\r\n      \"IsNot\": false\r\n    }\r\n  ],\r\n  \"GroupName\": \"\"\r\n}",
  "ActionOrder": 1,
  "Actions": []
}