{
  "QuestID": 34292,
  "Version": 3,
  "FactionGroup": 1,
  "CreatedOn": "2015-06-09T22:49:15.8922956Z",
  "UpdatedOn": "2015-08-07T10:01:58.8854278Z",
  "Comment": "",
  "CreatedBy": null,
  "AllowUpdates": false,
  "RecommendedLevel": 94,
  "Frequency": 1,
  "IsStory": true,
  "QuestStart": {
    "ObjectName": "Cordana Felsong",
    "EntryId": 72836,
    "AdditionalEntryIds": null,
    "ContinentId": 1116,
    "ZoneId": 6720,
    "Position": "7792.54 5560.483 111.4212",
    "TurnInType": 0,
    "MyFaction": 1
  },
  "ActionOrder": 1,
  "Actions": [
    {
      "$type": "KillMobsTemplate",
      "TargetObjects": [
        {
          "Hotspot": {
            "Position": "7772.314 6137.221 74.55875",
            "GroundPosition": "0 0 0",
            "IsGroundPosition": false,
            "ContinentId": 1116
          },
          "Name": "Shadow Disciple",
          "EntryId": 73834
        },
        {
          "Hotspot": {
            "Position": "7771.165 6139.992 74.5557",
            "GroundPosition": "0 0 0",
            "IsGroundPosition": false,
            "ContinentId": 1116
          },
          "Name": "Felhound Minion",
          "EntryId": 78637
        },
        {
          "Hotspot": {
            "Position": "7754.759 6177.585 65.8118",
            "GroundPosition": "0 0 0",
            "IsGroundPosition": false,
            "ContinentId": 1116
          },
          "Name": "Ata'gar Warrior",
          "EntryId": 73899
        }
      ],
      "HotspotsX": [
        {
          "Position": "7757.536 6151.333 71.00579",
          "GroundPosition": "0 0 0",
          "IsGroundPosition": false,
          "ContinentId": 1116
        },
        {
          "Position": "7586.816 6149.996 47.0101",
          "GroundPosition": "0 0 0",
          "IsGroundPosition": false,
          "ContinentId": 1116
        }
      ],
      "Blackspots": [
        "7587 6103 62 20"
      ],
      "ForceLoot": false,
      "ForcePullMobs": false,
      "GameObjectiveIndex": 1,
      "RunTime": 5.0
    }
  ]
}