{
  "QuestID": 35030,
  "Version": 4,
  "FactionGroup": 1,
  "CreatedOn": "2014-11-19T20:08:57.5446748Z",
  "UpdatedOn": "2015-08-07T09:48:09.4970248Z",
  "Comment": "",
  "CreatedBy": null,
  "AllowUpdates": false,
  "RecommendedLevel": 93,
  "Frequency": 1,
  "QuestStart": {
    "ObjectName": "Grulkor",
    "EntryId": 80757,
    "AdditionalEntryIds": null,
    "ContinentId": 1116,
    "ZoneId": 6721,
    "Position": "6213.181 389.1927 4.079235",
    "TurnInType": 0,
    "IsIndoors": true,
    "MyFaction": 0
  },
  "QuestEnd": {
    "ObjectName": "Grulkor",
    "EntryId": 81241,
    "AdditionalEntryIds": null,
    "ContinentId": 1116,
    "ZoneId": 6721,
    "Position": "6181.812 249.4045 0.2948131",
    "TurnInType": 0,
    "MyFaction": 1
  },
  "ActionOrder": 1,
  "Actions": [
    {
      "$type": "KillMobsTemplate",
      "TargetObjects": [
        {
          "Hotspot": {
            "Position": "6159.834 313.8173 -0.685975",
            "GroundPosition": "0 0 0",
            "IsGroundPosition": false,
            "ContinentId": 1116
          },
          "Name": "Fungal Stomper",
          "EntryId": 80739
        }
      ],
      "HotspotsX": [
        {
          "Position": "6223.934 213.3405 -0.6854367",
          "GroundPosition": "0 0 0",
          "IsGroundPosition": false,
          "ContinentId": 1116
        },
        {
          "Position": "6270.407 145.3803 -0.6862723",
          "GroundPosition": "0 0 0",
          "IsGroundPosition": false,
          "ContinentId": 1116
        }
      ],
      "Blackspots": [],
      "ForceLoot": false,
      "ForcePullMobs": false,
      "GameObjectiveIndex": 1,
      "RunTime": 5.0
    }
  ]
}