{
  "QuestID": 35402,
  "Version": 3,
  "FactionGroup": 1,
  "CreatedOn": "2014-11-18T14:37:38.4010631Z",
  "UpdatedOn": "2015-08-07T09:35:35.8863926Z",
  "Comment": "",
  "CreatedBy": null,
  "AllowUpdates": false,
  "RecommendedLevel": 93,
  "Frequency": 1,
  "IsStory": true,
  "QuestStart": {
    "ObjectName": "Kaz the Shrieker",
    "EntryId": 74606,
    "AdditionalEntryIds": null,
    "ContinentId": 1116,
    "ZoneId": 6721,
    "Position": "5691.138 1257.413 83.3085",
    "TurnInType": 0,
    "IsIndoors": true,
    "MyFaction": 0
  },
  "ActionOrder": 1,
  "Actions": [
    {
      "$type": "KillMobsTemplate",
      "TargetObjects": [
        {
          "Hotspot": {
            "Position": "5684.644 1024.561 83.93998",
            "GroundPosition": "0 0 0",
            "IsGroundPosition": false,
            "ContinentId": 1116
          },
          "Name": "Voice of Iyu",
          "EntryId": 81634
        }
      ],
      "HotspotsX": [
        {
          "Position": "5684.774 1027.765 83.93813",
          "GroundPosition": "0 0 0",
          "IsGroundPosition": false,
          "ContinentId": 1116
        }
      ],
      "Blackspots": [],
      "ForceLoot": false,
      "ForcePullMobs": false,
      "GameObjectiveIndex": 1,
      "RunTime": 5.0
    }
  ]
}