{
  "QuestID": 35429,
  "Version": 8,
  "FactionGroup": 1,
  "CreatedOn": "2014-11-18T14:57:58.3978572Z",
  "UpdatedOn": "2015-08-07T09:35:59.2547797Z",
  "Comment": "",
  "CreatedBy": null,
  "AllowUpdates": false,
  "RecommendedLevel": 93,
  "Frequency": 1,
  "IsStory": true,
  "QuestStart": {
    "ObjectName": "Kaz the Shrieker",
    "EntryId": 74606,
    "AdditionalEntryIds": null,
    "ContinentId": 1116,
    "ZoneId": 6721,
    "Position": "5691.138 1257.413 83.30888",
    "TurnInType": 0,
    "IsIndoors": true,
    "MyFaction": 0
  },
  "QuestEnd": {
    "ObjectName": "Kaz the Shrieker",
    "EntryId": 82228,
    "AdditionalEntryIds": null,
    "ContinentId": 1116,
    "ZoneId": 6721,
    "Position": "4907.062 1627.014 117.2118",
    "TurnInType": 0,
    "MyFaction": 1
  },
  "ActionOrder": 1,
  "Actions": [
    {
      "$type": "KillMobsTemplate",
      "TargetObjects": [
        {
          "Hotspot": {
            "Position": "5372.806 1358.537 89.23086",
            "GroundPosition": "0 0 0",
            "IsGroundPosition": false,
            "ContinentId": 1116
          },
          "Name": "Thicket Ravager",
          "EntryId": 81561
        },
        {
          "Hotspot": {
            "Position": "5405.365 1380.968 96.97251",
            "GroundPosition": "0 0 0",
            "IsGroundPosition": false,
            "ContinentId": 1116
          },
          "Name": "Golden Pollinator",
          "EntryId": 81557
        }
      ],
      "HotspotsX": [
        {
          "Position": "5160.73 1362.071 87.30779",
          "GroundPosition": "0 0 0",
          "IsGroundPosition": false,
          "ContinentId": 1116
        },
        {
          "Position": "5216.804 1361.464 87.95643",
          "GroundPosition": "0 0 0",
          "IsGroundPosition": false,
          "ContinentId": 1116
        }
      ],
      "Blackspots": [],
      "ForceLoot": true,
      "ForcePullMobs": true,
      "GameObjectiveIndex": 1,
      "RunTime": 5.0
    }
  ]
}