{
  "QuestID": 35434,
  "Version": 3,
  "FactionGroup": 1,
  "CreatedOn": "2014-11-18T15:42:47.0529434Z",
  "UpdatedOn": "2015-08-07T09:38:32.0124256Z",
  "Comment": "",
  "CreatedBy": null,
  "AllowUpdates": false,
  "RecommendedLevel": 93,
  "Frequency": 1,
  "IsStory": true,
  "QuestStart": {
    "ObjectName": "Kaz the Shrieker",
    "EntryId": 82228,
    "AdditionalEntryIds": null,
    "ContinentId": 1116,
    "ZoneId": 6721,
    "Position": "4907.062 1627.014 117.2118",
    "TurnInType": 0,
    "IsIndoors": true,
    "MyFaction": 0
  },
  "ActionOrder": 1,
  "Actions": [
    {
      "$type": "KillMobsTemplate",
      "TargetObjects": [
        {
          "Hotspot": {
            "Position": "5131.128 1743.672 122.8247",
            "GroundPosition": "0 0 0",
            "IsGroundPosition": false,
            "ContinentId": 1116
          },
          "Name": "Utrophis",
          "EntryId": 75094
        }
      ],
      "HotspotsX": [
        {
          "Position": "5126.153 1760.067 125.6167",
          "GroundPosition": "0 0 0",
          "IsGroundPosition": false,
          "ContinentId": 1116
        }
      ],
      "Blackspots": [],
      "ForceLoot": false,
      "ForcePullMobs": false,
      "GameObjectiveIndex": 1,
      "RunTime": 5.0
    }
  ]
}