{
  "QuestID": 35430,
  "Version": 7,
  "FactionGroup": 1,
  "CreatedOn": "2014-11-18T15:16:46.0477891Z",
  "UpdatedOn": "2015-08-07T09:36:33.3482467Z",
  "Comment": "",
  "CreatedBy": null,
  "AllowUpdates": false,
  "RecommendedLevel": 93,
  "Frequency": 1,
  "IsStory": true,
  "QuestStart": {
    "ObjectName": "Kaz the Shrieker",
    "EntryId": 74606,
    "AdditionalEntryIds": null,
    "ContinentId": 1116,
    "ZoneId": 6721,
    "Position": "5691.138 1257.413 83.30888",
    "TurnInType": 0,
    "IsIndoors": true,
    "MyFaction": 0
  },
  "QuestEnd": {
    "ObjectName": "Cutter",
    "EntryId": 82254,
    "AdditionalEntryIds": null,
    "ContinentId": 1116,
    "ZoneId": 6721,
    "Position": "5011.565 1491.769 106.2682",
    "TurnInType": 0,
    "MyFaction": 1
  },
  "ActionOrder": 1,
  "Actions": [
    {
      "$type": "MoveToTemplate",
      "Hotspots": [
        {
          "Position": "5054.348 1523.504 93.39395",
          "GroundPosition": "0 0 0",
          "IsGroundPosition": false,
          "ContinentId": 1116
        }
      ],
      "PreventMounting": false,
      "GameObjectiveIndex": 1,
      "RunTime": 5.0
    },
    {
      "$type": "MoveToTemplate",
      "Hotspots": [
        {
          "Position": "5036.386 1508.964 102.5017",
          "GroundPosition": "0 0 0",
          "UseCTM": true,
          "IsCaveEntry": true,
          "IsGroundPosition": false,
          "ContinentId": 1116
        }
      ],
      "PreventMounting": false,
      "GameObjectiveIndex": 1,
      "RunTime": 5.0
    },
    {
      "$type": "MoveToTemplate",
      "Hotspots": [
        {
          "Position": "5013.213 1492.877 106.2608",
          "GroundPosition": "0 0 0",
          "UseCTM": true,
          "IsCaveEntry": true,
          "IsGroundPosition": false,
          "ContinentId": 1116
        }
      ],
      "PreventMounting": false,
      "GameObjectiveIndex": 1,
      "RunTime": 5.0
    }
  ]
}