{
  "QuestID": 35506,
  "Version": 6,
  "FactionGroup": 1,
  "CreatedOn": "2014-11-19T15:11:32.3737987Z",
  "UpdatedOn": "2015-08-07T09:42:20.5710012Z",
  "Comment": "",
  "CreatedBy": null,
  "AllowUpdates": false,
  "RecommendedLevel": 92,
  "Frequency": 1,
  "IsStory": true,
  "QuestStart": {
    "ObjectName": "Penny Clobberbottom",
    "EntryId": 82574,
    "AdditionalEntryIds": null,
    "ContinentId": 1116,
    "ZoneId": 6721,
    "Position": "5690.503 493.5052 105.4634",
    "TurnInType": 0,
    "IsIndoors": true,
    "MyFaction": 0
  },
  "QuestEnd": {
    "ObjectName": "Penny Clobberbottom",
    "EntryId": 82574,
    "AdditionalEntryIds": null,
    "ContinentId": 1116,
    "ZoneId": 6721,
    "Position": "6059.319 102.5851 47.44359",
    "TurnInType": 0,
    "MyFaction": 1
  },
  "ActionOrder": 1,
  "Actions": [
    {
      "$type": "KillMobsTemplate",
      "TargetObjects": [
        {
          "Hotspot": {
            "Position": "5766.903 247.0191 75.06493",
            "GroundPosition": "0 0 0",
            "IsGroundPosition": false,
            "ContinentId": 1116
          },
          "Name": "Tangleheart Cultivator",
          "EntryId": 82322
        },
        {
          "Hotspot": {
            "Position": "5683.864 207.6146 73.33593",
            "GroundPosition": "0 0 0",
            "IsGroundPosition": false,
            "ContinentId": 1116
          },
          "Name": "Emberbark Ancient",
          "EntryId": 82284
        },
        {
          "Hotspot": {
            "Position": "5830.311 118.535 77.82886",
            "GroundPosition": "0 0 0",
            "IsGroundPosition": false,
            "ContinentId": 1116
          },
          "Name": "Tangled Sapling",
          "EntryId": 82437
        }
      ],
      "HotspotsX": [
        {
          "Position": "5720.336 326.4353 86.54639",
          "GroundPosition": "0 0 0",
          "IsGroundPosition": false,
          "ContinentId": 1116
        },
        {
          "Position": "5832.713 121.1469 76.96334",
          "GroundPosition": "0 0 0",
          "IsGroundPosition": false,
          "ContinentId": 1116
        },
        {
          "Position": "5913.008 203.17 52.20565",
          "GroundPosition": "0 0 0",
          "IsGroundPosition": false,
          "ContinentId": 1116
        },
        {
          "Position": "5989.261 181.8557 49.62334",
          "GroundPosition": "0 0 0",
          "IsGroundPosition": false,
          "ContinentId": 1116
        },
        {
          "Position": "5969.899 55.64242 51.6659",
          "GroundPosition": "0 0 0",
          "IsGroundPosition": false,
          "ContinentId": 1116
        }
      ],
      "Blackspots": [],
      "ForceLoot": true,
      "ForcePullMobs": false,
      "GameObjectiveIndex": 1,
      "RunTime": 5.0
    }
  ]
}