{
  "QuestID": 35508,
  "Version": 17,
  "FactionGroup": 1,
  "CreatedOn": "2014-11-19T15:11:50.5334556Z",
  "UpdatedOn": "2015-12-08T20:07:29.8644199Z",
  "Comment": "",
  "CreatedBy": null,
  "AllowUpdates": false,
  "RecommendedLevel": 92,
  "Frequency": 1,
  "IsStory": true,
  "QuestStart": {
    "ObjectName": "Frenna",
    "EntryId": 82569,
    "AdditionalEntryIds": null,
    "ContinentId": 1116,
    "ZoneId": 6721,
    "Position": "5669.444 401.2309 98.12361",
    "TurnInType": 0,
    "IsIndoors": true,
    "MyFaction": 0
  },
  "QuestEnd": {
    "ObjectName": "Penny Clobberbottom",
    "EntryId": 82574,
    "AdditionalEntryIds": null,
    "ContinentId": 1116,
    "ZoneId": 6721,
    "Position": "6059.319 102.5851 47.44343",
    "TurnInType": 0,
    "MyFaction": 1
  },
  "UseScript": true,
  "ScriptText": "{\r\n  \"Children\": [\r\n    {\r\n      \"$type\": \"While\",\r\n      \"LoopActions\": {\r\n        \"Children\": [\r\n          {\r\n            \"$type\": \"CSharpAction\",\r\n            \"CSharpCode\": \"int hotSpot = 1;\\r\\nint ID = 232491;\\r\\n\\r\\n// Hotspots\\r\\nVector3 H1 = new Vector3(5668.2f, 312.9f, 87.1f);\\r\\nVector3 H2 = new Vector3(5683.9f, 263.1f, 79.4f);\\r\\nVector3 H3 = new Vector3(5646.9f, 158.5f, 77.7f);\\r\\nVector3 H4 = new Vector3(5704.0f, 96.5f, 80.2f);\\r\\nVector3 H5 = new Vector3(5742.9f, 133.4f, 80.1f);\\r\\n\\r\\n// Blacklisted\\r\\nVector3 B1 = new Vector3(5891.0f, 205.0f, 51.0f);\\r\\nVector3 B2 = new Vector3(5841.0f, 172.0f, 69.0f);\\r\\nVector3[] blacklist = new Vector3[] {B1,B2};\\r\\n\\r\\nwhile (HasQuest(35508) && !IsQuestInLogAndComplete(35508))\\r\\n{\\r\\n        var killTarget = Me.GUID;\\r\\n        float closestUnit = 5000f; // Insanely large distance, so first found distance will always be lower.\\r\\n        int count = 0; // Blacklisted nodes\\r\\n        \\r\\n        // Identifying Closest Desired Unit\\r\\n        foreach (var unit in GameObjects)\\r\\n        {\\r\\n            if (unit.EntryID == ID)\\r\\n            {\\r\\n                if (unit.Distance < closestUnit)\\r\\n                {\\r\\n                    for (int i = 0; i < blacklist.Length; i++)\\r\\n                    {\\r\\n                        if (unit.Distance2DTo(blacklist[i]) <= 15)\\r\\n                        {\\r\\n                            count++;\\r\\n                            break;\\r\\n                        }\\r\\n                    }\\r\\n                    if (count == 0)\\r\\n                    {\\r\\n                        // This stores the distance of the new unit, so when it re-iterates through,\\r\\n                        // ultimately the unit with the lowest distance, or the one closest to you is stored\\r\\n                        closestUnit = unit.Distance;\\r\\n                        killTarget = unit.GUID;\\r\\n                    }\\r\\n                }\\r\\n            }\\r\\n        }\\r\\n        if (closestUnit == 5000)\\r\\n        {\\r\\n\\t   hotSpot++;\\r\\n           Print(\\\"No Units Found Within Targetable Range.\\\");\\r\\n\\t   switch(hotSpot)\\r\\n\\t   {\\r\\n\\t\\tcase 1:\\r\\n\\t\\t\\twhile(!MoveTo(H1)) {\\r\\n\\t\\t\\t\\tyield return 100;\\r\\n\\t\\t\\t}\\r\\n\\t\\t\\tbreak;\\r\\n\\t\\tcase 2:\\r\\n\\t\\t\\twhile(!MoveTo(H2)) {\\r\\n\\t\\t\\t\\tyield return 100;\\r\\n\\t\\t\\t}\\r\\n\\t\\t\\tbreak;\\r\\n\\t\\tcase 3:\\r\\n\\t\\t\\twhile(!MoveTo(H3)) {\\r\\n\\t\\t\\t\\tyield return 100;\\r\\n\\t\\t\\t}\\r\\n\\t\\t\\tbreak;\\r\\n\\t\\tcase 4:\\r\\n\\t\\t\\twhile(!MoveTo(H4)) {\\r\\n\\t\\t\\t\\tyield return 100;\\r\\n\\t\\t\\t}\\r\\n\\t\\t\\tbreak;\\r\\n\\t\\tcase 5:\\r\\n\\t\\t\\twhile(!MoveTo(H5)) {\\r\\n\\t\\t\\t\\tyield return 100;\\r\\n\\t\\t\\t}\\r\\n\\t\\t\\thotSpot = 1;\\r\\n\\t\\t\\tbreak;\\r\\n\\t\\tdefault:\\r\\n\\t\\t\\thotSpot = 1;\\r\\n\\t\\t\\tbreak;\\r\\n\\t   }\\r\\n        }\\r\\n\\telse\\r\\n\\t{\\r\\n\\t\\tInt32 closest = (Int32)closestUnit;\\r\\n\\t\\tPrint(\\\"Closest Pollen Pod is \\\" + closest + \\\" yards away.\\\");\\r\\n\\t\\tforeach (var unit in GameObjects)\\r\\n            \\t{\\r\\n                \\tif (unit.GUID == killTarget)\\r\\n                \\t{\\r\\n\\t\\t\\t\\twhile(Me.Distance2DTo(unit.Position) > 10)\\r\\n\\t\\t\\t\\t{\\r\\n\\t\\t\\t\\t\\tMoveTo(unit.Position);\\r\\n\\t\\t\\t\\t\\tyield return 100;\\r\\n\\t\\t\\t\\t}\\r\\n\\t\\t\\t\\tunit.Interact();\\r\\n\\t\\t\\t\\tyield return 3000;\\r\\n\\t\\t\\t}\\r\\n\\t\\t}\\r\\n\\t}\\r\\n}\\r\\n\"\r\n          }\r\n        ],\r\n        \"IsSpecialElement\": true,\r\n        \"SpecialElementName\": \"Do\",\r\n        \"GroupName\": \"\"\r\n      },\r\n      \"Conditions\": [\r\n        {\r\n          \"Condition\": null,\r\n          \"IsNot\": false\r\n        },\r\n        {\r\n          \"Condition\": null,\r\n          \"IsNot\": false\r\n        },\r\n        {\r\n          \"Condition\": null,\r\n          \"IsNot\": false\r\n        },\r\n        {\r\n          \"Condition\": {\r\n            \"$type\": \"CSharpCondition\",\r\n            \"CSharpCode\": \"HasQuest(35508) && !IsQuestInLogAndComplete(35508)\"\r\n          },\r\n          \"IsNot\": false\r\n        }\r\n      ],\r\n      \"IsNot\": false\r\n    }\r\n  ],\r\n  \"GroupName\": \"\"\r\n}",
  "ActionOrder": 1,
  "Actions": []
}