{
  "QuestID": 35508,
  "Version": 5,
  "FactionGroup": 1,
  "CreatedOn": "2014-11-19T15:11:50.5334556Z",
  "UpdatedOn": "2015-08-07T09:42:38.1127275Z",
  "Comment": "",
  "CreatedBy": null,
  "AllowUpdates": false,
  "RecommendedLevel": 92,
  "Frequency": 1,
  "IsStory": true,
  "QuestStart": {
    "ObjectName": "Frenna",
    "EntryId": 82569,
    "AdditionalEntryIds": null,
    "ContinentId": 1116,
    "ZoneId": 6721,
    "Position": "5669.444 401.2309 98.12361",
    "TurnInType": 0,
    "IsIndoors": true,
    "MyFaction": 0
  },
  "QuestEnd": {
    "ObjectName": "Penny Clobberbottom",
    "EntryId": 82574,
    "AdditionalEntryIds": null,
    "ContinentId": 1116,
    "ZoneId": 6721,
    "Position": "6059.319 102.5851 47.44343",
    "TurnInType": 0,
    "MyFaction": 1
  },
  "ActionOrder": 1,
  "Actions": [
    {
      "$type": "CollectObjectsTemplate",
      "TargetObjects": [
        {
          "Hotspot": {
            "Position": "5746.953 243.099 75.21492",
            "GroundPosition": "0 0 0",
            "IsGroundPosition": false,
            "ContinentId": 1116
          },
          "Name": "Pollen Pod",
          "EntryId": 232491
        }
      ],
      "HotspotsX": [
        {
          "Position": "5660.622 318.8993 88.28489",
          "GroundPosition": "0 0 0",
          "IsGroundPosition": false,
          "ContinentId": 1116
        },
        {
          "Position": "5663.082 191.6491 75.89693",
          "GroundPosition": "0 0 0",
          "IsGroundPosition": false,
          "ContinentId": 1116
        },
        {
          "Position": "5683.857 78.35107 81.50407",
          "GroundPosition": "0 0 0",
          "IsGroundPosition": false,
          "ContinentId": 1116
        },
        {
          "Position": "5767.697 226.1224 75.83392",
          "GroundPosition": "0 0 0",
          "IsGroundPosition": false,
          "ContinentId": 1116
        }
      ],
      "Blackspots": [],
      "IsLoot": true,
      "OpeningCast": true,
      "NoMovement": false,
      "GameObjectiveIndex": 1,
      "RunTime": 5.0
    }
  ]
}