{
  "QuestID": 35511,
  "Version": 3,
  "FactionGroup": 1,
  "CreatedOn": "2015-02-14T00:39:33.081061Z",
  "UpdatedOn": "2015-08-07T09:41:22.8606664Z",
  "Comment": "",
  "CreatedBy": null,
  "AllowUpdates": false,
  "QuestStart": {
    "ObjectName": "Kaz the Shrieker",
    "EntryId": 74606,
    "AdditionalEntryIds": [
      82338
    ],
    "ContinentId": 1116,
    "ZoneId": 6721,
    "Position": "5786.002 1303.663 106.9939",
    "TurnInType": 0,
    "MyFaction": 1
  },
  "ActionOrder": 1,
  "Actions": []
}