{
  "QuestID": 35524,
  "Version": 8,
  "FactionGroup": 1,
  "CreatedOn": "2014-11-19T15:08:48.4574305Z",
  "UpdatedOn": "2015-12-08T18:56:48.0700305Z",
  "Comment": "",
  "CreatedBy": null,
  "AllowUpdates": false,
  "RecommendedLevel": 92,
  "Frequency": 1,
  "IsStory": true,
  "QuestStart": {
    "ObjectName": "Frenna",
    "EntryId": 82569,
    "AdditionalEntryIds": null,
    "ContinentId": 1116,
    "ZoneId": 6721,
    "Position": "5669.444 401.2309 98.12361",
    "TurnInType": 0,
    "IsIndoors": true,
    "MyFaction": 0
  },
  "QuestEnd": {
    "ObjectName": "Penny Clobberbottom",
    "EntryId": 82574,
    "AdditionalEntryIds": null,
    "ContinentId": 1116,
    "ZoneId": 6721,
    "Position": "6059.319 102.5851 47.44343",
    "TurnInType": 0,
    "MyFaction": 1
  },
  "ActionOrder": 1,
  "Actions": [
    {
      "$type": "KillMobsTemplate",
      "TargetObjects": [
        {
          "Hotspot": {
            "Position": "5657.268 241.9601 84.11537",
            "GroundPosition": "0 0 0",
            "IsGroundPosition": false,
            "ContinentId": 1116
          },
          "Name": "Emberbark Ancient",
          "EntryId": 82284
        },
        {
          "Hotspot": {
            "Position": "5951.014 183.2193 55.24132",
            "GroundPosition": "0 0 0",
            "IsGroundPosition": false,
            "ContinentId": 1116
          },
          "Name": "Greenbough Ancient",
          "EntryId": 82360
        },
        {
          "Hotspot": {
            "Position": "5955.395 149.7743 55.24917",
            "GroundPosition": "0 0 0",
            "IsGroundPosition": false,
            "ContinentId": 1116
          },
          "Name": "Tanglebark Ancient",
          "EntryId": 82284
        }
      ],
      "HotspotsX": [
        {
          "Position": "5720.336 326.4353 86.54639",
          "GroundPosition": "0 0 0",
          "IsGroundPosition": false,
          "ContinentId": 1116
        },
        {
          "Position": "5832.713 121.1469 76.96334",
          "GroundPosition": "0 0 0",
          "IsGroundPosition": false,
          "ContinentId": 1116
        },
        {
          "Position": "5913.008 203.17 52.20565",
          "GroundPosition": "0 0 0",
          "IsGroundPosition": false,
          "ContinentId": 1116
        },
        {
          "Position": "5864.609 149.0697 62.3562",
          "GroundPosition": "0 0 0",
          "IsGroundPosition": false,
          "ContinentId": 1116
        }
      ],
      "Blackspots": [
        "5869 227 52 30",
        "5919 198 52 30",
        "5892 201 51 30"
      ],
      "ForceLoot": true,
      "ForcePullMobs": false,
      "GameObjectiveIndex": 1,
      "RunTime": 5.0
    }
  ]
}