{
  "QuestID": 35667,
  "Version": 5,
  "FactionGroup": 1,
  "CreatedOn": "2014-11-18T14:33:04.0398467Z",
  "UpdatedOn": "2015-08-07T09:33:35.5442691Z",
  "Comment": "",
  "CreatedBy": null,
  "AllowUpdates": false,
  "RecommendedLevel": 93,
  "Frequency": 1,
  "QuestStart": {
    "ObjectName": "Marrow",
    "EntryId": 82732,
    "AdditionalEntryIds": null,
    "ContinentId": 1116,
    "ZoneId": 6721,
    "Position": "5775.616 1281.615 107.7672",
    "TurnInType": 0,
    "MyFaction": 1
  },
  "QuestEnd": {
    "ObjectName": "Grulkor",
    "EntryId": 81218,
    "AdditionalEntryIds": null,
    "ContinentId": 1116,
    "ZoneId": 6721,
    "Position": "5956.569 613.7361 43.13405",
    "TurnInType": 0,
    "MyFaction": 1
  },
  "ActionOrder": 1,
  "Actions": []
}