{
  "QuestID": 35881,
  "Version": 8,
  "FactionGroup": 2,
  "CreatedOn": "2014-12-01T21:26:17.5647857Z",
  "UpdatedOn": "2016-02-16T08:26:07.0390062Z",
  "Comment": "",
  "CreatedBy": null,
  "AllowUpdates": false,
  "RecommendedLevel": 93,
  "Frequency": 1,
  "IsTask": true,
  "QuestStart": {
    "ObjectName": "AreaTrigger",
    "EntryId": 0,
    "AdditionalEntryIds": null,
    "ContinentId": 1116,
    "ZoneId": 6721,
    "Position": "5214.306 1001.267 101.9744",
    "TurnInType": 2,
    "MyFaction": 1
  },
  "ActionOrder": 1,
  "Actions": [
    {
      "$type": "CollectObjectsTemplate",
      "TargetObjects": [
        {
          "Hotspot": {
            "Position": "5207.291 968.2587 104.6254",
            "GroundPosition": "0 0 0",
            "IsGroundPosition": false,
            "IsOnTransport": true,
            "ContinentId": 1116
          },
          "Name": "Ancient Ogre Hoard Jar",
          "EntryId": 233296
        }
      ],
      "HotspotsX": [
        {
          "Position": "5208.336 911.4705 114.6658",
          "GroundPosition": "0 0 0",
          "TargetSearchRange": 180.0,
          "IsGroundPosition": false,
          "ContinentId": 1116
        },
        {
          "Position": "5237.331 995.6054 114.9633",
          "GroundPosition": "0 0 0",
          "IsGroundPosition": false,
          "IsOnTransport": true,
          "ContinentId": 1116
        }
      ],
      "Blackspots": [
        "5191 1005 96 8"
      ],
      "IsLoot": true,
      "OpeningCast": true,
      "NoMovement": false,
      "GameObjectiveIndex": 2,
      "RunTime": 5.0
    },
    {
      "$type": "KillMobsTemplate",
      "TargetObjects": [
        {
          "Hotspot": {
            "Position": "5161.407 808.0729 136.4296",
            "GroundPosition": "0 0 0",
            "IsGroundPosition": false,
            "ContinentId": 1116
          },
          "Name": "Malkor",
          "EntryId": 83452
        }
      ],
      "HotspotsX": [
        {
          "Position": "5162.741 810.504 135.6862",
          "GroundPosition": "0 0 0",
          "TargetSearchRange": 25.0,
          "IsGroundPosition": false,
          "ContinentId": 1116
        }
      ],
      "Blackspots": [],
      "ForceLoot": true,
      "ForcePullMobs": true,
      "GameObjectiveIndex": 3,
      "RunTime": 5.0
    },
    {
      "$type": "KillMobsTemplate",
      "TargetObjects": [
        {
          "Hotspot": {
            "Position": "5237.126 943.4741 101.5454",
            "GroundPosition": "0 0 0",
            "IsGroundPosition": false,
            "ContinentId": 1116
          },
          "Name": "Frenzied Forager",
          "EntryId": 83449
        }
      ],
      "HotspotsX": [
        {
          "Position": "5208.336 911.4705 114.6658",
          "GroundPosition": "0 0 0",
          "TargetSearchRange": 180.0,
          "IsGroundPosition": false,
          "ContinentId": 1116
        }
      ],
      "Blackspots": [],
      "ForceLoot": false,
      "ForcePullMobs": true,
      "GameObjectiveIndex": 1,
      "RunTime": 5.0
    }
  ]
}