{
  "QuestID": 36434,
  "Version": 3,
  "FactionGroup": 1,
  "CreatedOn": "2014-11-18T14:21:40.2502608Z",
  "UpdatedOn": "2015-08-07T09:21:38.3997391Z",
  "Comment": "",
  "CreatedBy": null,
  "AllowUpdates": false,
  "RecommendedLevel": 93,
  "Frequency": 1,
  "IsStory": true,
  "QuestStart": {
    "ObjectName": "Durotan",
    "EntryId": 74594,
    "AdditionalEntryIds": null,
    "ContinentId": 1116,
    "ZoneId": 6721,
    "Position": "5552.747 1674.054 109.534",
    "TurnInType": 0,
    "MyFaction": 1
  },
  "QuestEnd": {
    "ObjectName": "Penny Clobberbottom",
    "EntryId": 85147,
    "AdditionalEntryIds": null,
    "ContinentId": 1116,
    "ZoneId": 6721,
    "Position": "5742.079 1331.092 102.9359",
    "TurnInType": 0,
    "MyFaction": 1
  },
  "ActionOrder": 1,
  "Actions": []
}