{
  "QuestID": 36476,
  "Version": 10,
  "FactionGroup": 1,
  "CreatedOn": "2014-11-19T21:36:48.7381003Z",
  "UpdatedOn": "2015-10-04T00:53:10.990963Z",
  "Comment": "",
  "CreatedBy": null,
  "AllowUpdates": false,
  "RecommendedLevel": 92,
  "Frequency": 1,
  "IsTask": true,
  "QuestStart": {
    "ObjectName": "AreaTrigger",
    "EntryId": 0,
    "AdditionalEntryIds": null,
    "ContinentId": 1116,
    "ZoneId": 6721,
    "Position": "6734.361 1106.448 65.32633",
    "TurnInType": 2,
    "MyFaction": 1
  },
  "ActionOrder": 1,
  "Actions": [
    {
      "$type": "CollectObjectsTemplate",
      "TargetObjects": [
        {
          "Hotspot": {
            "Position": "6669.991 1172.965 36.18539",
            "GroundPosition": "0 0 0",
            "IsGroundPosition": false,
            "ContinentId": 1116
          },
          "Name": "Grom'kar Peon",
          "EntryId": 85540
        }
      ],
      "HotspotsX": [
        {
          "Position": "6685.162 1172.108 36.26698",
          "GroundPosition": "0 0 0",
          "IsGroundPosition": false,
          "ContinentId": 1116
        }
      ],
      "Blackspots": [
        "6613 1127 36 32.4"
      ],
      "IsLoot": false,
      "OpeningCast": true,
      "NoMovement": false,
      "GameObjectiveIndex": 3,
      "RunTime": 5.0
    },
    {
      "$type": "KillMobsTemplate",
      "TargetObjects": [
        {
          "Hotspot": {
            "Position": "6718.635 1129.372 57.54988",
            "GroundPosition": "0 0 0",
            "IsGroundPosition": false,
            "ContinentId": 1116
          },
          "Name": "Drywind Bonepicker",
          "EntryId": 81207
        },
        {
          "Hotspot": {
            "Position": "6728.409 1280.073 31.28452",
            "GroundPosition": "0 0 0",
            "IsGroundPosition": false,
            "ContinentId": 1116
          },
          "Name": "Boneyard Gorger",
          "EntryId": 81206
        },
        {
          "Hotspot": {
            "Position": "6718.956 1322.07 23.96718",
            "GroundPosition": "0 0 0",
            "IsGroundPosition": false,
            "ContinentId": 1116
          },
          "Name": "Boneyard Tunneler",
          "EntryId": 81518
        }
      ],
      "HotspotsX": [
        {
          "Position": "6719.114 1367.778 23.16696",
          "GroundPosition": "0 0 0",
          "IsGroundPosition": false,
          "ContinentId": 1116
        },
        {
          "Position": "6694.188 1237.496 26.90755",
          "GroundPosition": "0 0 0",
          "IsGroundPosition": false,
          "ContinentId": 1116
        },
        {
          "Position": "6736.152 1102.371 66.3835",
          "GroundPosition": "0 0 0",
          "IsGroundPosition": false,
          "ContinentId": 1116
        }
      ],
      "Blackspots": [
        "6579 1189 49 20",
        "6565 1163 42 20",
        "6611 1120 36 9"
      ],
      "ForceLoot": false,
      "ForcePullMobs": false,
      "GameObjectiveIndex": 1,
      "RunTime": 5.0
    },
    {
      "$type": "KillMobsTemplate",
      "TargetObjects": [
        {
          "Hotspot": {
            "Position": "6629.931 1215.089 43.96164",
            "GroundPosition": "0 0 0",
            "IsGroundPosition": false,
            "ContinentId": 1116
          },
          "Name": "Grom'kar Grunt",
          "EntryId": 75091
        }
      ],
      "HotspotsX": [
        {
          "Position": "6626.965 1217.217 44.45835",
          "GroundPosition": "0 0 0",
          "IsGroundPosition": false,
          "ContinentId": 1116
        },
        {
          "Position": "6671.797 1181.951 36.26358",
          "GroundPosition": "0 0 0",
          "IsGroundPosition": false,
          "ContinentId": 1116
        },
        {
          "Position": "6755.688 1113.321 69.28197",
          "GroundPosition": "0 0 0",
          "IsGroundPosition": false,
          "ContinentId": 1116
        }
      ],
      "Blackspots": [
        "6611 1120 36 9"
      ],
      "ForceLoot": false,
      "ForcePullMobs": false,
      "GameObjectiveIndex": 2,
      "RunTime": 5.0
    }
  ]
}