{
  "QuestID": 36520,
  "Version": 7,
  "FactionGroup": 1,
  "CreatedOn": "2014-11-18T15:56:53.0967984Z",
  "UpdatedOn": "2015-08-07T09:40:12.2666218Z",
  "Comment": "",
  "CreatedBy": null,
  "AllowUpdates": false,
  "RecommendedLevel": 93,
  "Frequency": 1,
  "IsTask": true,
  "QuestStart": {
    "ObjectName": "AreaTrigger",
    "EntryId": 0,
    "AdditionalEntryIds": null,
    "ContinentId": 1116,
    "ZoneId": 6721,
    "Position": "4590.012 1554.406 155.7027",
    "TurnInType": 2,
    "MyFaction": 1
  },
  "QuestEnd": {
    "ObjectName": "WatchFramePopup",
    "EntryId": 0,
    "AdditionalEntryIds": [],
    "ContinentId": 1116,
    "ZoneId": 6721,
    "Position": "0 0 0",
    "TurnInType": 4,
    "MyFaction": 1
  },
  "ActionOrder": 1,
  "Actions": [
    {
      "$type": "KillMobsTemplate",
      "TargetObjects": [
        {
          "Hotspot": {
            "Position": "4749.683 1435.49 138.4854",
            "GroundPosition": "0 0 0",
            "IsGroundPosition": false,
            "IsIndoors": true,
            "ContinentId": 1116
          },
          "Name": "Skull Thrash",
          "EntryId": 85733
        }
      ],
      "HotspotsX": [
        {
          "Position": "4706.036 1416.252 138.0924",
          "GroundPosition": "0 0 0",
          "IsGroundPosition": false,
          "IsIndoors": true,
          "ContinentId": 1116
        }
      ],
      "Blackspots": [],
      "ForceLoot": false,
      "ForcePullMobs": false,
      "GameObjectiveIndex": 3,
      "RunTime": 5.0
    },
    {
      "$type": "CollectObjectsTemplate",
      "TargetObjects": [
        {
          "Hotspot": {
            "Position": "4640.349 1502.832 126.9863",
            "GroundPosition": "0 0 0",
            "IsGroundPosition": false,
            "ContinentId": 1116
          },
          "Name": "Rope Spike",
          "EntryId": 85810
        }
      ],
      "HotspotsX": [
        {
          "Position": "4640.828 1500.185 126.8028",
          "GroundPosition": "0 0 0",
          "IsGroundPosition": false,
          "ContinentId": 1116
        },
        {
          "Position": "4607.638 1440.645 122.7177",
          "GroundPosition": "0 0 0",
          "IsGroundPosition": false,
          "ContinentId": 1116
        }
      ],
      "Blackspots": [],
      "IsLoot": true,
      "OpeningCast": true,
      "NoMovement": false,
      "GameObjectiveIndex": 2,
      "RunTime": 5.0
    },
    {
      "$type": "KillMobsTemplate",
      "TargetObjects": [
        {
          "Hotspot": {
            "Position": "4572.495 1503.512 143.8081",
            "GroundPosition": "0 0 0",
            "IsGroundPosition": false,
            "ContinentId": 1116
          },
          "Name": "Tailthrasher Ambusher",
          "EntryId": 85703
        },
        {
          "Hotspot": {
            "Position": "4516.083 1439.565 135.5717",
            "GroundPosition": "0 0 0",
            "IsGroundPosition": false,
            "ContinentId": 1116
          },
          "Name": "Tailthrasher Stalker",
          "EntryId": 85718
        },
        {
          "Hotspot": {
            "Position": "4661.078 1508.767 130.8959",
            "GroundPosition": "0 0 0",
            "IsGroundPosition": false,
            "ContinentId": 1116
          },
          "Name": "Tailthrasher Brute",
          "EntryId": 85724
        },
        {
          "Hotspot": {
            "Position": "4629.369 1539.549 130.0868",
            "GroundPosition": "0 0 0",
            "IsGroundPosition": false,
            "IsIndoors": true,
            "ContinentId": 1116
          },
          "Name": "Tailthrasher Vinebender",
          "EntryId": 85725
        }
      ],
      "HotspotsX": [
        {
          "Position": "4590.012 1554.406 155.7027",
          "GroundPosition": "0 0 0",
          "IsGroundPosition": false,
          "ContinentId": 1116
        },
        {
          "Position": "4540.902 1487.433 142.0726",
          "GroundPosition": "0 0 0",
          "IsGroundPosition": false,
          "ContinentId": 1116
        },
        {
          "Position": "4595.823 1427.992 123.5117",
          "GroundPosition": "0 0 0",
          "IsGroundPosition": false,
          "ContinentId": 1116
        },
        {
          "Position": "4629.666 1481.805 123.0297",
          "GroundPosition": "0 0 0",
          "IsGroundPosition": false,
          "ContinentId": 1116
        }
      ],
      "Blackspots": [],
      "ForceLoot": false,
      "ForcePullMobs": false,
      "GameObjectiveIndex": 1,
      "RunTime": 5.0
    }
  ]
}