{
  "QuestID": 36566,
  "Version": 40,
  "FactionGroup": 1,
  "CreatedOn": "2014-11-23T00:19:49.1060424Z",
  "UpdatedOn": "2016-05-05T03:50:15.5165972Z",
  "Comment": "",
  "CreatedBy": null,
  "AllowUpdates": false,
  "RecommendedLevel": 92,
  "Frequency": 1,
  "IsTask": true,
  "QuestStart": {
    "ObjectName": "AreaTrigger",
    "EntryId": 0,
    "AdditionalEntryIds": null,
    "ContinentId": 1116,
    "ZoneId": 6721,
    "Position": "6072.281 1583.074 76.07728",
    "TurnInType": 2,
    "MyFaction": 1
  },
  "UseScript": true,
  "ScriptText": "{\r\n  \"Children\": [\r\n    {\r\n      \"$type\": \"LoadCSharpScript\",\r\n      \"FileName\": \"QH.cs\"\r\n    },\r\n    {\r\n      \"$type\": \"CSharpAction\",\r\n      \"CSharpCode\": \"// Initializing Instance and Injecting Custom API into Rebot\\r\\nQH.API = this;\"\r\n    },\r\n    {\r\n      \"$type\": \"While\",\r\n      \"LoopActions\": {\r\n        \"Children\": [\r\n          {\r\n            \"$type\": \"While\",\r\n            \"LoopActions\": {\r\n              \"Children\": [\r\n                {\r\n                  \"$type\": \"Comment\",\r\n                  \"Text\": \"Kill Target: Slave Hunter Brol\",\r\n                  \"Color\": \"64, 128, 128\"\r\n                },\r\n                {\r\n                  \"$type\": \"KillMobsTemplateScriptAction\",\r\n                  \"Template\": {\r\n                    \"$type\": \"KillMobsTemplate\",\r\n                    \"TargetObjects\": [\r\n                      {\r\n                        \"Hotspot\": {\r\n                          \"Position\": \"5954.416 1752.411 62.67828\",\r\n                          \"GroundPosition\": \"0 0 0\",\r\n                          \"IsGroundPosition\": false,\r\n                          \"ContinentId\": 1116\r\n                        },\r\n                        \"Name\": \"Slave Hunter Brol\",\r\n                        \"EntryId\": 79621\r\n                      }\r\n                    ],\r\n                    \"HotspotsX\": [\r\n                      {\r\n                        \"Position\": \"5955.782 1755.519 62.67849\",\r\n                        \"GroundPosition\": \"0 0 0\",\r\n                        \"IsGroundPosition\": false,\r\n                        \"ContinentId\": 1116\r\n                      }\r\n                    ],\r\n                    \"Blackspots\": [],\r\n                    \"ForceLoot\": false,\r\n                    \"ForcePullMobs\": false,\r\n                    \"GameObjectiveIndex\": 1,\r\n                    \"RunTime\": 5.0\r\n                  },\r\n                  \"TimeLimit\": 15\r\n                },\r\n                {\r\n                  \"$type\": \"If\",\r\n                  \"ActionsFalse\": {\r\n                    \"Children\": [],\r\n                    \"IsSpecialElement\": true,\r\n                    \"SpecialElementName\": \"Else\",\r\n                    \"GroupName\": \"\"\r\n                  },\r\n                  \"ActionsTrue\": {\r\n                    \"Children\": [\r\n                      {\r\n                        \"$type\": \"Comment\",\r\n                        \"Text\": \"3/15 Keg of Grog destroyed\",\r\n                        \"Color\": \"64, 128, 128\"\r\n                      },\r\n                      {\r\n                        \"$type\": \"MoveTo\",\r\n                        \"Hotspot\": {\r\n                          \"Position\": \"5962.36 1747.191 62.7018\",\r\n                          \"GroundPosition\": \"0 0 0\",\r\n                          \"IsGroundPosition\": false,\r\n                          \"ContinentId\": 1116\r\n                        },\r\n                        \"Method\": \"Navi\"\r\n                      },\r\n                      {\r\n                        \"$type\": \"CollectObjectsTemplateScriptAction\",\r\n                        \"Template\": {\r\n                          \"$type\": \"CollectObjectsTemplate\",\r\n                          \"TargetObjects\": [\r\n                            {\r\n                              \"Hotspot\": {\r\n                                \"Position\": \"5963.255 1743.849 62.72942\",\r\n                                \"GroundPosition\": \"0 0 0\",\r\n                                \"IsGroundPosition\": false,\r\n                                \"ContinentId\": 1116\r\n                              },\r\n                              \"Name\": \"Keg of Grog\",\r\n                              \"EntryId\": 235916\r\n                            }\r\n                          ],\r\n                          \"HotspotsX\": [],\r\n                          \"Blackspots\": [],\r\n                          \"IsLoot\": true,\r\n                          \"OpeningCast\": false,\r\n                          \"NoMovement\": false,\r\n                          \"GameObjectiveIndex\": 1,\r\n                          \"RunTime\": 5.0\r\n                        },\r\n                        \"TimeLimit\": 0\r\n                      },\r\n                      {\r\n                        \"$type\": \"Wait\",\r\n                        \"Delay\": 1.0,\r\n                        \"DelayMax\": 0.0\r\n                      }\r\n                    ],\r\n                    \"IsSpecialElement\": true,\r\n                    \"SpecialElementName\": \"Then\",\r\n                    \"GroupName\": \"\"\r\n                  },\r\n                  \"Conditions\": [\r\n                    {\r\n                      \"Condition\": {\r\n                        \"$type\": \"CSharpCondition\",\r\n                        \"CSharpCode\": \"QH.QuestObjectiveProgress(36566, 2, 15, \\\"3/15\\\")\"\r\n                      },\r\n                      \"IsNot\": false\r\n                    },\r\n                    {\r\n                      \"Condition\": null,\r\n                      \"IsNot\": false\r\n                    },\r\n                    {\r\n                      \"Condition\": null,\r\n                      \"IsNot\": false\r\n                    },\r\n                    {\r\n                      \"Condition\": null,\r\n                      \"IsNot\": false\r\n                    }\r\n                  ],\r\n                  \"IsNot\": false\r\n                },\r\n                {\r\n                  \"$type\": \"If\",\r\n                  \"ActionsFalse\": {\r\n                    \"Children\": [],\r\n                    \"IsSpecialElement\": true,\r\n                    \"SpecialElementName\": \"Else\",\r\n                    \"GroupName\": \"\"\r\n                  },\r\n                  \"ActionsTrue\": {\r\n                    \"Children\": [\r\n                      {\r\n                        \"$type\": \"Comment\",\r\n                        \"Text\": \"4/15 Keg of Grog destroyed\",\r\n                        \"Color\": \"64, 128, 128\"\r\n                      },\r\n                      {\r\n                        \"$type\": \"MoveTo\",\r\n                        \"Hotspot\": {\r\n                          \"Position\": \"5957.645 1747.089 62.67841\",\r\n                          \"GroundPosition\": \"0 0 0\",\r\n                          \"IsGroundPosition\": false,\r\n                          \"ContinentId\": 1116\r\n                        },\r\n                        \"Method\": \"Navi\"\r\n                      },\r\n                      {\r\n                        \"$type\": \"CollectObjectsTemplateScriptAction\",\r\n                        \"Template\": {\r\n                          \"$type\": \"CollectObjectsTemplate\",\r\n                          \"TargetObjects\": [\r\n                            {\r\n                              \"Hotspot\": {\r\n                                \"Position\": \"5963.255 1743.849 62.72942\",\r\n                                \"GroundPosition\": \"0 0 0\",\r\n                                \"IsGroundPosition\": false,\r\n                                \"ContinentId\": 1116\r\n                              },\r\n                              \"Name\": \"Keg of Grog\",\r\n                              \"EntryId\": 235916\r\n                            }\r\n                          ],\r\n                          \"HotspotsX\": [],\r\n                          \"Blackspots\": [],\r\n                          \"IsLoot\": true,\r\n                          \"OpeningCast\": false,\r\n                          \"NoMovement\": false,\r\n                          \"GameObjectiveIndex\": 1,\r\n                          \"RunTime\": 5.0\r\n                        },\r\n                        \"TimeLimit\": 0\r\n                      },\r\n                      {\r\n                        \"$type\": \"Wait\",\r\n                        \"Delay\": 1.0,\r\n                        \"DelayMax\": 0.0\r\n                      }\r\n                    ],\r\n                    \"IsSpecialElement\": true,\r\n                    \"SpecialElementName\": \"Then\",\r\n                    \"GroupName\": \"\"\r\n                  },\r\n                  \"Conditions\": [\r\n                    {\r\n                      \"Condition\": {\r\n                        \"$type\": \"CSharpCondition\",\r\n                        \"CSharpCode\": \"QH.QuestObjectiveProgress(36566, 2, 15, \\\"4/15\\\")\"\r\n                      },\r\n                      \"IsNot\": false\r\n                    },\r\n                    {\r\n                      \"Condition\": null,\r\n                      \"IsNot\": false\r\n                    },\r\n                    {\r\n                      \"Condition\": null,\r\n                      \"IsNot\": false\r\n                    },\r\n                    {\r\n                      \"Condition\": null,\r\n                      \"IsNot\": false\r\n                    }\r\n                  ],\r\n                  \"IsNot\": false\r\n                },\r\n                {\r\n                  \"$type\": \"If\",\r\n                  \"ActionsFalse\": {\r\n                    \"Children\": [],\r\n                    \"IsSpecialElement\": true,\r\n                    \"SpecialElementName\": \"Else\",\r\n                    \"GroupName\": \"\"\r\n                  },\r\n                  \"ActionsTrue\": {\r\n                    \"Children\": [\r\n                      {\r\n                        \"$type\": \"Comment\",\r\n                        \"Text\": \"5/15 Keg of Grog destroyed\",\r\n                        \"Color\": \"64, 128, 128\"\r\n                      },\r\n                      {\r\n                        \"$type\": \"MoveTo\",\r\n                        \"Hotspot\": {\r\n                          \"Position\": \"5951.422 1742.598 62.71574\",\r\n                          \"GroundPosition\": \"0 0 0\",\r\n                          \"IsGroundPosition\": false,\r\n                          \"ContinentId\": 1116\r\n                        },\r\n                        \"Method\": \"Navi\"\r\n                      },\r\n                      {\r\n                        \"$type\": \"CollectObjectsTemplateScriptAction\",\r\n                        \"Template\": {\r\n                          \"$type\": \"CollectObjectsTemplate\",\r\n                          \"TargetObjects\": [\r\n                            {\r\n                              \"Hotspot\": {\r\n                                \"Position\": \"5963.255 1743.849 62.72942\",\r\n                                \"GroundPosition\": \"0 0 0\",\r\n                                \"IsGroundPosition\": false,\r\n                                \"ContinentId\": 1116\r\n                              },\r\n                              \"Name\": \"Keg of Grog\",\r\n                              \"EntryId\": 235916\r\n                            }\r\n                          ],\r\n                          \"HotspotsX\": [],\r\n                          \"Blackspots\": [],\r\n                          \"IsLoot\": true,\r\n                          \"OpeningCast\": false,\r\n                          \"NoMovement\": false,\r\n                          \"GameObjectiveIndex\": 1,\r\n                          \"RunTime\": 5.0\r\n                        },\r\n                        \"TimeLimit\": 0\r\n                      },\r\n                      {\r\n                        \"$type\": \"Wait\",\r\n                        \"Delay\": 1.0,\r\n                        \"DelayMax\": 0.0\r\n                      }\r\n                    ],\r\n                    \"IsSpecialElement\": true,\r\n                    \"SpecialElementName\": \"Then\",\r\n                    \"GroupName\": \"\"\r\n                  },\r\n                  \"Conditions\": [\r\n                    {\r\n                      \"Condition\": {\r\n                        \"$type\": \"CSharpCondition\",\r\n                        \"CSharpCode\": \"QH.QuestObjectiveProgress(36566, 2, 15, \\\"5/15\\\")\"\r\n                      },\r\n                      \"IsNot\": false\r\n                    },\r\n                    {\r\n                      \"Condition\": null,\r\n                      \"IsNot\": false\r\n                    },\r\n                    {\r\n                      \"Condition\": null,\r\n                      \"IsNot\": false\r\n                    },\r\n                    {\r\n                      \"Condition\": null,\r\n                      \"IsNot\": false\r\n                    }\r\n                  ],\r\n                  \"IsNot\": false\r\n                },\r\n                {\r\n                  \"$type\": \"If\",\r\n                  \"ActionsFalse\": {\r\n                    \"Children\": [],\r\n                    \"IsSpecialElement\": true,\r\n                    \"SpecialElementName\": \"Else\",\r\n                    \"GroupName\": \"\"\r\n                  },\r\n                  \"ActionsTrue\": {\r\n                    \"Children\": [\r\n                      {\r\n                        \"$type\": \"Comment\",\r\n                        \"Text\": \"6/15 Keg of Grog destroyed\",\r\n                        \"Color\": \"64, 128, 128\"\r\n                      },\r\n                      {\r\n                        \"$type\": \"MoveTo\",\r\n                        \"Hotspot\": {\r\n                          \"Position\": \"5947.29 1745.052 62.67822\",\r\n                          \"GroundPosition\": \"0 0 0\",\r\n                          \"IsGroundPosition\": false,\r\n                          \"ContinentId\": 1116\r\n                        },\r\n                        \"Method\": \"Navi\"\r\n                      },\r\n                      {\r\n                        \"$type\": \"CollectObjectsTemplateScriptAction\",\r\n                        \"Template\": {\r\n                          \"$type\": \"CollectObjectsTemplate\",\r\n                          \"TargetObjects\": [\r\n                            {\r\n                              \"Hotspot\": {\r\n                                \"Position\": \"5963.255 1743.849 62.72942\",\r\n                                \"GroundPosition\": \"0 0 0\",\r\n                                \"IsGroundPosition\": false,\r\n                                \"ContinentId\": 1116\r\n                              },\r\n                              \"Name\": \"Keg of Grog\",\r\n                              \"EntryId\": 235916\r\n                            }\r\n                          ],\r\n                          \"HotspotsX\": [],\r\n                          \"Blackspots\": [],\r\n                          \"IsLoot\": true,\r\n                          \"OpeningCast\": false,\r\n                          \"NoMovement\": false,\r\n                          \"GameObjectiveIndex\": 1,\r\n                          \"RunTime\": 5.0\r\n                        },\r\n                        \"TimeLimit\": 0\r\n                      },\r\n                      {\r\n                        \"$type\": \"Wait\",\r\n                        \"Delay\": 1.0,\r\n                        \"DelayMax\": 0.0\r\n                      }\r\n                    ],\r\n                    \"IsSpecialElement\": true,\r\n                    \"SpecialElementName\": \"Then\",\r\n                    \"GroupName\": \"\"\r\n                  },\r\n                  \"Conditions\": [\r\n                    {\r\n                      \"Condition\": {\r\n                        \"$type\": \"CSharpCondition\",\r\n                        \"CSharpCode\": \"QH.QuestObjectiveProgress(36566, 2, 15, \\\"6/15\\\")\"\r\n                      },\r\n                      \"IsNot\": false\r\n                    },\r\n                    {\r\n                      \"Condition\": null,\r\n                      \"IsNot\": false\r\n                    },\r\n                    {\r\n                      \"Condition\": null,\r\n                      \"IsNot\": false\r\n                    },\r\n                    {\r\n                      \"Condition\": null,\r\n                      \"IsNot\": false\r\n                    }\r\n                  ],\r\n                  \"IsNot\": false\r\n                }\r\n              ],\r\n              \"IsSpecialElement\": true,\r\n              \"SpecialElementName\": \"Do\",\r\n              \"GroupName\": \"\"\r\n            },\r\n            \"Conditions\": [\r\n              {\r\n                \"Condition\": {\r\n                  \"$type\": \"CSharpCondition\",\r\n                  \"CSharpCode\": \"!IsQuestObjectiveComplete(36566,4) && HasQuest(36566)\"\r\n                },\r\n                \"IsNot\": false\r\n              },\r\n              {\r\n                \"Condition\": null,\r\n                \"IsNot\": false\r\n              },\r\n              {\r\n                \"Condition\": null,\r\n                \"IsNot\": false\r\n              },\r\n              {\r\n                \"Condition\": null,\r\n                \"IsNot\": false\r\n              }\r\n            ],\r\n            \"IsNot\": false,\r\n            \"CheckFrequently\": true\r\n          },\r\n          {\r\n            \"$type\": \"While\",\r\n            \"LoopActions\": {\r\n              \"Children\": [\r\n                {\r\n                  \"$type\": \"Comment\",\r\n                  \"Text\": \"Kill Target: Slave Hunter Krag\",\r\n                  \"Color\": \"64, 128, 128\"\r\n                },\r\n                {\r\n                  \"$type\": \"If\",\r\n                  \"ActionsFalse\": {\r\n                    \"Children\": [],\r\n                    \"IsSpecialElement\": true,\r\n                    \"SpecialElementName\": \"Else\",\r\n                    \"GroupName\": \"\"\r\n                  },\r\n                  \"ActionsTrue\": {\r\n                    \"Children\": [\r\n                      {\r\n                        \"$type\": \"MoveTo\",\r\n                        \"Hotspot\": {\r\n                          \"Position\": \"5974.686 1773.337 63.14111\",\r\n                          \"GroundPosition\": \"0 0 0\",\r\n                          \"IsGroundPosition\": false,\r\n                          \"ContinentId\": 1116\r\n                        },\r\n                        \"Method\": \"Navi\"\r\n                      },\r\n                      {\r\n                        \"$type\": \"MoveTo\",\r\n                        \"Hotspot\": {\r\n                          \"Position\": \"5990.044 1714.335 79.52534\",\r\n                          \"GroundPosition\": \"5990.044 1714.335 78.90635\",\r\n                          \"IsGroundPosition\": false,\r\n                          \"ContinentId\": 1116\r\n                        },\r\n                        \"Method\": \"Navi\"\r\n                      },\r\n                      {\r\n                        \"$type\": \"Wait\",\r\n                        \"Delay\": 2.0,\r\n                        \"DelayMax\": 3.0\r\n                      },\r\n                      {\r\n                        \"$type\": \"MoveTo\",\r\n                        \"Hotspot\": {\r\n                          \"Position\": \"5981.165 1714.253 80.52313\",\r\n                          \"GroundPosition\": \"5981.165 1714.253 80.75214\",\r\n                          \"NoMount\": true,\r\n                          \"IsGroundPosition\": false,\r\n                          \"ContinentId\": 1116\r\n                        },\r\n                        \"Method\": \"Navi\"\r\n                      },\r\n                      {\r\n                        \"$type\": \"Wait\",\r\n                        \"Delay\": 1.0,\r\n                        \"DelayMax\": 2.0\r\n                      },\r\n                      {\r\n                        \"$type\": \"MoveTo\",\r\n                        \"Hotspot\": {\r\n                          \"Position\": \"5981.165 1714.253 80.52313\",\r\n                          \"GroundPosition\": \"5981.165 1714.253 80.75214\",\r\n                          \"NoMount\": true,\r\n                          \"IsGroundPosition\": false,\r\n                          \"ContinentId\": 1116\r\n                        },\r\n                        \"Method\": \"Navi\"\r\n                      },\r\n                      {\r\n                        \"$type\": \"CSharpAction\",\r\n                        \"CSharpCode\": \"DisableCombat = true;\"\r\n                      },\r\n                      {\r\n                        \"$type\": \"MoveTo\",\r\n                        \"Hotspot\": {\r\n                          \"Position\": \"5970.593 1719.046 86.49083\",\r\n                          \"GroundPosition\": \"5970.593 1719.046 86.51682\",\r\n                          \"UseCTM\": true,\r\n                          \"NoMount\": true,\r\n                          \"IsGroundPosition\": false,\r\n                          \"ContinentId\": 1116\r\n                        }\r\n                      },\r\n                      {\r\n                        \"$type\": \"MoveTo\",\r\n                        \"Hotspot\": {\r\n                          \"Position\": \"5952.438 1707.505 94.99539\",\r\n                          \"GroundPosition\": \"0 0 0\",\r\n                          \"UseCTM\": true,\r\n                          \"NoMount\": true,\r\n                          \"IsGroundPosition\": false,\r\n                          \"ContinentId\": 1116\r\n                        }\r\n                      },\r\n                      {\r\n                        \"$type\": \"MoveTo\",\r\n                        \"Hotspot\": {\r\n                          \"Position\": \"5948.323 1687.323 107.1964\",\r\n                          \"GroundPosition\": \"0 0 0\",\r\n                          \"UseCTM\": true,\r\n                          \"NoMount\": true,\r\n                          \"IsGroundPosition\": false,\r\n                          \"ContinentId\": 1116\r\n                        }\r\n                      },\r\n                      {\r\n                        \"$type\": \"MoveTo\",\r\n                        \"Hotspot\": {\r\n                          \"Position\": \"5959.616 1674.301 113.1623\",\r\n                          \"GroundPosition\": \"0 0 0\",\r\n                          \"UseCTM\": true,\r\n                          \"NoMount\": true,\r\n                          \"IsGroundPosition\": false,\r\n                          \"ContinentId\": 1116\r\n                        }\r\n                      },\r\n                      {\r\n                        \"$type\": \"MoveTo\",\r\n                        \"Hotspot\": {\r\n                          \"Position\": \"5965.664 1683.829 115.868\",\r\n                          \"GroundPosition\": \"0 0 0\",\r\n                          \"UseCTM\": true,\r\n                          \"NoMount\": true,\r\n                          \"IsGroundPosition\": false,\r\n                          \"ContinentId\": 1116\r\n                        }\r\n                      },\r\n                      {\r\n                        \"$type\": \"CSharpAction\",\r\n                        \"CSharpCode\": \"DisableCombat = false;\"\r\n                      }\r\n                    ],\r\n                    \"IsSpecialElement\": true,\r\n                    \"SpecialElementName\": \"Then\",\r\n                    \"GroupName\": \"\"\r\n                  },\r\n                  \"Conditions\": [\r\n                    {\r\n                      \"Condition\": {\r\n                        \"$type\": \"CSharpCondition\",\r\n                        \"CSharpCode\": \"!QH.IsClose(5977.3f, 1680.9f, 116.4f,25)\"\r\n                      },\r\n                      \"IsNot\": false\r\n                    },\r\n                    {\r\n                      \"Condition\": null,\r\n                      \"IsNot\": false\r\n                    },\r\n                    {\r\n                      \"Condition\": null,\r\n                      \"IsNot\": false\r\n                    },\r\n                    {\r\n                      \"Condition\": null,\r\n                      \"IsNot\": false\r\n                    }\r\n                  ],\r\n                  \"IsNot\": false\r\n                },\r\n                {\r\n                  \"$type\": \"KillMobsTemplateScriptAction\",\r\n                  \"Template\": {\r\n                    \"$type\": \"KillMobsTemplate\",\r\n                    \"TargetObjects\": [\r\n                      {\r\n                        \"Hotspot\": {\r\n                          \"Position\": \"5977.632 1707.88 118.5492\",\r\n                          \"GroundPosition\": \"0 0 0\",\r\n                          \"IsGroundPosition\": false,\r\n                          \"ContinentId\": 1116\r\n                        },\r\n                        \"Name\": \"Slave Hunter Krag\",\r\n                        \"EntryId\": 79623\r\n                      }\r\n                    ],\r\n                    \"HotspotsX\": [\r\n                      {\r\n                        \"Position\": \"5967.618 1703.222 117.7042\",\r\n                        \"GroundPosition\": \"0 0 0\",\r\n                        \"IsGroundPosition\": false,\r\n                        \"ContinentId\": 1116\r\n                      }\r\n                    ],\r\n                    \"Blackspots\": [],\r\n                    \"ForceLoot\": false,\r\n                    \"ForcePullMobs\": false,\r\n                    \"GameObjectiveIndex\": 1,\r\n                    \"RunTime\": 5.0\r\n                  },\r\n                  \"TimeLimit\": 0\r\n                },\r\n                {\r\n                  \"$type\": \"MoveTo\",\r\n                  \"Hotspot\": {\r\n                    \"Position\": \"5965.664 1683.829 115.868\",\r\n                    \"GroundPosition\": \"0 0 0\",\r\n                    \"IsGroundPosition\": false,\r\n                    \"ContinentId\": 1116\r\n                  },\r\n                  \"Method\": \"Navi\"\r\n                },\r\n                {\r\n                  \"$type\": \"MoveTo\",\r\n                  \"Hotspot\": {\r\n                    \"Position\": \"5959.616 1674.301 113.1623\",\r\n                    \"GroundPosition\": \"0 0 0\",\r\n                    \"UseCTM\": true,\r\n                    \"NoMount\": true,\r\n                    \"IsGroundPosition\": false,\r\n                    \"ContinentId\": 1116\r\n                  }\r\n                },\r\n                {\r\n                  \"$type\": \"MoveTo\",\r\n                  \"Hotspot\": {\r\n                    \"Position\": \"5948.323 1687.323 107.1964\",\r\n                    \"GroundPosition\": \"0 0 0\",\r\n                    \"UseCTM\": true,\r\n                    \"NoMount\": true,\r\n                    \"IsGroundPosition\": false,\r\n                    \"ContinentId\": 1116\r\n                  }\r\n                },\r\n                {\r\n                  \"$type\": \"MoveTo\",\r\n                  \"Hotspot\": {\r\n                    \"Position\": \"5952.438 1707.505 94.99539\",\r\n                    \"GroundPosition\": \"0 0 0\",\r\n                    \"UseCTM\": true,\r\n                    \"NoMount\": true,\r\n                    \"IsGroundPosition\": false,\r\n                    \"ContinentId\": 1116\r\n                  }\r\n                },\r\n                {\r\n                  \"$type\": \"MoveTo\",\r\n                  \"Hotspot\": {\r\n                    \"Position\": \"5970.593 1719.046 86.49083\",\r\n                    \"GroundPosition\": \"0 0 0\",\r\n                    \"UseCTM\": true,\r\n                    \"NoMount\": true,\r\n                    \"IsGroundPosition\": false,\r\n                    \"ContinentId\": 1116\r\n                  }\r\n                },\r\n                {\r\n                  \"$type\": \"MoveTo\",\r\n                  \"Hotspot\": {\r\n                    \"Position\": \"5990.044 1714.335 79.52534\",\r\n                    \"GroundPosition\": \"0 0 0\",\r\n                    \"NoMount\": true,\r\n                    \"IsGroundPosition\": false,\r\n                    \"ContinentId\": 1116\r\n                  },\r\n                  \"Method\": \"Navi\"\r\n                }\r\n              ],\r\n              \"IsSpecialElement\": true,\r\n              \"SpecialElementName\": \"Do\",\r\n              \"GroupName\": \"\"\r\n            },\r\n            \"Conditions\": [\r\n              {\r\n                \"Condition\": {\r\n                  \"$type\": \"CSharpCondition\",\r\n                  \"CSharpCode\": \"!IsQuestObjectiveComplete(36566,3) && HasQuest(36566)\"\r\n                },\r\n                \"IsNot\": false\r\n              },\r\n              {\r\n                \"Condition\": null,\r\n                \"IsNot\": false\r\n              },\r\n              {\r\n                \"Condition\": null,\r\n                \"IsNot\": false\r\n              },\r\n              {\r\n                \"Condition\": null,\r\n                \"IsNot\": false\r\n              }\r\n            ],\r\n            \"IsNot\": false\r\n          },\r\n          {\r\n            \"$type\": \"While\",\r\n            \"LoopActions\": {\r\n              \"Children\": [\r\n                {\r\n                  \"$type\": \"Comment\",\r\n                  \"Text\": \"Time to Break some Kegs!\",\r\n                  \"Color\": \"64, 128, 128\"\r\n                },\r\n                {\r\n                  \"$type\": \"If\",\r\n                  \"ActionsFalse\": {\r\n                    \"Children\": [],\r\n                    \"IsSpecialElement\": true,\r\n                    \"SpecialElementName\": \"Else\",\r\n                    \"GroupName\": \"\"\r\n                  },\r\n                  \"ActionsTrue\": {\r\n                    \"Children\": [\r\n                      {\r\n                        \"$type\": \"Comment\",\r\n                        \"Text\": \"0/15 Keg of Grog destroyed\",\r\n                        \"Color\": \"64, 128, 128\"\r\n                      },\r\n                      {\r\n                        \"$type\": \"MoveTo\",\r\n                        \"Hotspot\": {\r\n                          \"Position\": \"5970.474 1946.933 101.6951\",\r\n                          \"GroundPosition\": \"0 0 0\",\r\n                          \"IsGroundPosition\": false,\r\n                          \"ContinentId\": 1116\r\n                        },\r\n                        \"Method\": \"Navi\"\r\n                      },\r\n                      {\r\n                        \"$type\": \"CollectObjectsTemplateScriptAction\",\r\n                        \"Template\": {\r\n                          \"$type\": \"CollectObjectsTemplate\",\r\n                          \"TargetObjects\": [\r\n                            {\r\n                              \"Hotspot\": {\r\n                                \"Position\": \"5834.136 1875.28 84.91943\",\r\n                                \"GroundPosition\": \"0 0 0\",\r\n                                \"IsGroundPosition\": false,\r\n                                \"IsIndoors\": true,\r\n                                \"ContinentId\": 1116\r\n                              },\r\n                              \"Name\": \"Keg of Grog\",\r\n                              \"EntryId\": 235916\r\n                            }\r\n                          ],\r\n                          \"HotspotsX\": [],\r\n                          \"Blackspots\": [],\r\n                          \"IsLoot\": true,\r\n                          \"OpeningCast\": false,\r\n                          \"NoMovement\": false,\r\n                          \"GameObjectiveIndex\": 1,\r\n                          \"RunTime\": 5.0\r\n                        },\r\n                        \"TimeLimit\": 0\r\n                      },\r\n                      {\r\n                        \"$type\": \"Wait\",\r\n                        \"Delay\": 1.0,\r\n                        \"DelayMax\": 0.0\r\n                      }\r\n                    ],\r\n                    \"IsSpecialElement\": true,\r\n                    \"SpecialElementName\": \"Then\",\r\n                    \"GroupName\": \"\"\r\n                  },\r\n                  \"Conditions\": [\r\n                    {\r\n                      \"Condition\": {\r\n                        \"$type\": \"CSharpCondition\",\r\n                        \"CSharpCode\": \"QH.QuestObjectiveProgress(36566, 2, 15, \\\"0/15\\\")\"\r\n                      },\r\n                      \"IsNot\": false\r\n                    },\r\n                    {\r\n                      \"Condition\": null,\r\n                      \"IsNot\": false\r\n                    },\r\n                    {\r\n                      \"Condition\": null,\r\n                      \"IsNot\": false\r\n                    },\r\n                    {\r\n                      \"Condition\": null,\r\n                      \"IsNot\": false\r\n                    }\r\n                  ],\r\n                  \"IsNot\": false\r\n                },\r\n                {\r\n                  \"$type\": \"If\",\r\n                  \"ActionsFalse\": {\r\n                    \"Children\": [],\r\n                    \"IsSpecialElement\": true,\r\n                    \"SpecialElementName\": \"Else\",\r\n                    \"GroupName\": \"\"\r\n                  },\r\n                  \"ActionsTrue\": {\r\n                    \"Children\": [\r\n                      {\r\n                        \"$type\": \"Comment\",\r\n                        \"Text\": \"1/15 Keg of Grog destroyed\",\r\n                        \"Color\": \"64, 128, 128\"\r\n                      },\r\n                      {\r\n                        \"$type\": \"MoveTo\",\r\n                        \"Hotspot\": {\r\n                          \"Position\": \"5976.068 1948.937 102.1433\",\r\n                          \"GroundPosition\": \"0 0 0\",\r\n                          \"IsGroundPosition\": false,\r\n                          \"ContinentId\": 1116\r\n                        },\r\n                        \"Method\": \"Navi\"\r\n                      },\r\n                      {\r\n                        \"$type\": \"CollectObjectsTemplateScriptAction\",\r\n                        \"Template\": {\r\n                          \"$type\": \"CollectObjectsTemplate\",\r\n                          \"TargetObjects\": [\r\n                            {\r\n                              \"Hotspot\": {\r\n                                \"Position\": \"5834.136 1875.28 84.91943\",\r\n                                \"GroundPosition\": \"0 0 0\",\r\n                                \"IsGroundPosition\": false,\r\n                                \"IsIndoors\": true,\r\n                                \"ContinentId\": 1116\r\n                              },\r\n                              \"Name\": \"Keg of Grog\",\r\n                              \"EntryId\": 235916\r\n                            }\r\n                          ],\r\n                          \"HotspotsX\": [],\r\n                          \"Blackspots\": [],\r\n                          \"IsLoot\": true,\r\n                          \"OpeningCast\": false,\r\n                          \"NoMovement\": false,\r\n                          \"GameObjectiveIndex\": 1,\r\n                          \"RunTime\": 5.0\r\n                        },\r\n                        \"TimeLimit\": 0\r\n                      },\r\n                      {\r\n                        \"$type\": \"Wait\",\r\n                        \"Delay\": 1.0,\r\n                        \"DelayMax\": 0.0\r\n                      }\r\n                    ],\r\n                    \"IsSpecialElement\": true,\r\n                    \"SpecialElementName\": \"Then\",\r\n                    \"GroupName\": \"\"\r\n                  },\r\n                  \"Conditions\": [\r\n                    {\r\n                      \"Condition\": {\r\n                        \"$type\": \"CSharpCondition\",\r\n                        \"CSharpCode\": \"QH.QuestObjectiveProgress(36566, 2, 15, \\\"1/15\\\")\"\r\n                      },\r\n                      \"IsNot\": false\r\n                    },\r\n                    {\r\n                      \"Condition\": null,\r\n                      \"IsNot\": false\r\n                    },\r\n                    {\r\n                      \"Condition\": null,\r\n                      \"IsNot\": false\r\n                    },\r\n                    {\r\n                      \"Condition\": null,\r\n                      \"IsNot\": false\r\n                    }\r\n                  ],\r\n                  \"IsNot\": false\r\n                },\r\n                {\r\n                  \"$type\": \"If\",\r\n                  \"ActionsFalse\": {\r\n                    \"Children\": [],\r\n                    \"IsSpecialElement\": true,\r\n                    \"SpecialElementName\": \"Else\",\r\n                    \"GroupName\": \"\"\r\n                  },\r\n                  \"ActionsTrue\": {\r\n                    \"Children\": [\r\n                      {\r\n                        \"$type\": \"Comment\",\r\n                        \"Text\": \"2/15 Keg of Grog destroyed\",\r\n                        \"Color\": \"64, 128, 128\"\r\n                      },\r\n                      {\r\n                        \"$type\": \"MoveTo\",\r\n                        \"Hotspot\": {\r\n                          \"Position\": \"5979.483 1946.955 102.0166\",\r\n                          \"GroundPosition\": \"0 0 0\",\r\n                          \"IsGroundPosition\": false,\r\n                          \"ContinentId\": 1116\r\n                        },\r\n                        \"Method\": \"Navi\"\r\n                      },\r\n                      {\r\n                        \"$type\": \"CollectObjectsTemplateScriptAction\",\r\n                        \"Template\": {\r\n                          \"$type\": \"CollectObjectsTemplate\",\r\n                          \"TargetObjects\": [\r\n                            {\r\n                              \"Hotspot\": {\r\n                                \"Position\": \"5834.136 1875.28 84.91943\",\r\n                                \"GroundPosition\": \"0 0 0\",\r\n                                \"IsGroundPosition\": false,\r\n                                \"IsIndoors\": true,\r\n                                \"ContinentId\": 1116\r\n                              },\r\n                              \"Name\": \"Keg of Grog\",\r\n                              \"EntryId\": 235916\r\n                            }\r\n                          ],\r\n                          \"HotspotsX\": [],\r\n                          \"Blackspots\": [],\r\n                          \"IsLoot\": true,\r\n                          \"OpeningCast\": false,\r\n                          \"NoMovement\": false,\r\n                          \"GameObjectiveIndex\": 1,\r\n                          \"RunTime\": 5.0\r\n                        },\r\n                        \"TimeLimit\": 0\r\n                      }\r\n                    ],\r\n                    \"IsSpecialElement\": true,\r\n                    \"SpecialElementName\": \"Then\",\r\n                    \"GroupName\": \"\"\r\n                  },\r\n                  \"Conditions\": [\r\n                    {\r\n                      \"Condition\": {\r\n                        \"$type\": \"CSharpCondition\",\r\n                        \"CSharpCode\": \"QH.QuestObjectiveProgress(36566, 2, 15, \\\"2/15\\\")\"\r\n                      },\r\n                      \"IsNot\": false\r\n                    },\r\n                    {\r\n                      \"Condition\": null,\r\n                      \"IsNot\": false\r\n                    },\r\n                    {\r\n                      \"Condition\": null,\r\n                      \"IsNot\": false\r\n                    },\r\n                    {\r\n                      \"Condition\": null,\r\n                      \"IsNot\": false\r\n                    }\r\n                  ],\r\n                  \"IsNot\": false\r\n                },\r\n                {\r\n                  \"$type\": \"If\",\r\n                  \"ActionsFalse\": {\r\n                    \"Children\": [],\r\n                    \"IsSpecialElement\": true,\r\n                    \"SpecialElementName\": \"Else\",\r\n                    \"GroupName\": \"\"\r\n                  },\r\n                  \"ActionsTrue\": {\r\n                    \"Children\": [\r\n                      {\r\n                        \"$type\": \"Comment\",\r\n                        \"Text\": \"3/15 Keg of Grog destroyed\",\r\n                        \"Color\": \"64, 128, 128\"\r\n                      },\r\n                      {\r\n                        \"$type\": \"MoveTo\",\r\n                        \"Hotspot\": {\r\n                          \"Position\": \"5962.36 1747.191 62.7018\",\r\n                          \"GroundPosition\": \"0 0 0\",\r\n                          \"IsGroundPosition\": false,\r\n                          \"ContinentId\": 1116\r\n                        },\r\n                        \"Method\": \"Navi\"\r\n                      },\r\n                      {\r\n                        \"$type\": \"CollectObjectsTemplateScriptAction\",\r\n                        \"Template\": {\r\n                          \"$type\": \"CollectObjectsTemplate\",\r\n                          \"TargetObjects\": [\r\n                            {\r\n                              \"Hotspot\": {\r\n                                \"Position\": \"5963.255 1743.849 62.72942\",\r\n                                \"GroundPosition\": \"0 0 0\",\r\n                                \"IsGroundPosition\": false,\r\n                                \"ContinentId\": 1116\r\n                              },\r\n                              \"Name\": \"Keg of Grog\",\r\n                              \"EntryId\": 235916\r\n                            }\r\n                          ],\r\n                          \"HotspotsX\": [],\r\n                          \"Blackspots\": [],\r\n                          \"IsLoot\": true,\r\n                          \"OpeningCast\": false,\r\n                          \"NoMovement\": false,\r\n                          \"GameObjectiveIndex\": 1,\r\n                          \"RunTime\": 5.0\r\n                        },\r\n                        \"TimeLimit\": 0\r\n                      },\r\n                      {\r\n                        \"$type\": \"Wait\",\r\n                        \"Delay\": 1.0,\r\n                        \"DelayMax\": 0.0\r\n                      }\r\n                    ],\r\n                    \"IsSpecialElement\": true,\r\n                    \"SpecialElementName\": \"Then\",\r\n                    \"GroupName\": \"\"\r\n                  },\r\n                  \"Conditions\": [\r\n                    {\r\n                      \"Condition\": {\r\n                        \"$type\": \"CSharpCondition\",\r\n                        \"CSharpCode\": \"QH.QuestObjectiveProgress(36566, 2, 15, \\\"3/15\\\")\"\r\n                      },\r\n                      \"IsNot\": false\r\n                    },\r\n                    {\r\n                      \"Condition\": null,\r\n                      \"IsNot\": false\r\n                    },\r\n                    {\r\n                      \"Condition\": null,\r\n                      \"IsNot\": false\r\n                    },\r\n                    {\r\n                      \"Condition\": null,\r\n                      \"IsNot\": false\r\n                    }\r\n                  ],\r\n                  \"IsNot\": false\r\n                },\r\n                {\r\n                  \"$type\": \"If\",\r\n                  \"ActionsFalse\": {\r\n                    \"Children\": [],\r\n                    \"IsSpecialElement\": true,\r\n                    \"SpecialElementName\": \"Else\",\r\n                    \"GroupName\": \"\"\r\n                  },\r\n                  \"ActionsTrue\": {\r\n                    \"Children\": [\r\n                      {\r\n                        \"$type\": \"Comment\",\r\n                        \"Text\": \"4/15 Keg of Grog destroyed\",\r\n                        \"Color\": \"64, 128, 128\"\r\n                      },\r\n                      {\r\n                        \"$type\": \"MoveTo\",\r\n                        \"Hotspot\": {\r\n                          \"Position\": \"5957.645 1747.089 62.67841\",\r\n                          \"GroundPosition\": \"0 0 0\",\r\n                          \"IsGroundPosition\": false,\r\n                          \"ContinentId\": 1116\r\n                        },\r\n                        \"Method\": \"Navi\"\r\n                      },\r\n                      {\r\n                        \"$type\": \"CollectObjectsTemplateScriptAction\",\r\n                        \"Template\": {\r\n                          \"$type\": \"CollectObjectsTemplate\",\r\n                          \"TargetObjects\": [\r\n                            {\r\n                              \"Hotspot\": {\r\n                                \"Position\": \"5963.255 1743.849 62.72942\",\r\n                                \"GroundPosition\": \"0 0 0\",\r\n                                \"IsGroundPosition\": false,\r\n                                \"ContinentId\": 1116\r\n                              },\r\n                              \"Name\": \"Keg of Grog\",\r\n                              \"EntryId\": 235916\r\n                            }\r\n                          ],\r\n                          \"HotspotsX\": [],\r\n                          \"Blackspots\": [],\r\n                          \"IsLoot\": true,\r\n                          \"OpeningCast\": false,\r\n                          \"NoMovement\": false,\r\n                          \"GameObjectiveIndex\": 1,\r\n                          \"RunTime\": 5.0\r\n                        },\r\n                        \"TimeLimit\": 0\r\n                      },\r\n                      {\r\n                        \"$type\": \"Wait\",\r\n                        \"Delay\": 1.0,\r\n                        \"DelayMax\": 0.0\r\n                      }\r\n                    ],\r\n                    \"IsSpecialElement\": true,\r\n                    \"SpecialElementName\": \"Then\",\r\n                    \"GroupName\": \"\"\r\n                  },\r\n                  \"Conditions\": [\r\n                    {\r\n                      \"Condition\": {\r\n                        \"$type\": \"CSharpCondition\",\r\n                        \"CSharpCode\": \"QH.QuestObjectiveProgress(36566, 2, 15, \\\"4/15\\\")\"\r\n                      },\r\n                      \"IsNot\": false\r\n                    },\r\n                    {\r\n                      \"Condition\": null,\r\n                      \"IsNot\": false\r\n                    },\r\n                    {\r\n                      \"Condition\": null,\r\n                      \"IsNot\": false\r\n                    },\r\n                    {\r\n                      \"Condition\": null,\r\n                      \"IsNot\": false\r\n                    }\r\n                  ],\r\n                  \"IsNot\": false\r\n                },\r\n                {\r\n                  \"$type\": \"If\",\r\n                  \"ActionsFalse\": {\r\n                    \"Children\": [],\r\n                    \"IsSpecialElement\": true,\r\n                    \"SpecialElementName\": \"Else\",\r\n                    \"GroupName\": \"\"\r\n                  },\r\n                  \"ActionsTrue\": {\r\n                    \"Children\": [\r\n                      {\r\n                        \"$type\": \"Comment\",\r\n                        \"Text\": \"5/15 Keg of Grog destroyed\",\r\n                        \"Color\": \"64, 128, 128\"\r\n                      },\r\n                      {\r\n                        \"$type\": \"MoveTo\",\r\n                        \"Hotspot\": {\r\n                          \"Position\": \"5951.422 1742.598 62.71574\",\r\n                          \"GroundPosition\": \"0 0 0\",\r\n                          \"IsGroundPosition\": false,\r\n                          \"ContinentId\": 1116\r\n                        },\r\n                        \"Method\": \"Navi\"\r\n                      },\r\n                      {\r\n                        \"$type\": \"CollectObjectsTemplateScriptAction\",\r\n                        \"Template\": {\r\n                          \"$type\": \"CollectObjectsTemplate\",\r\n                          \"TargetObjects\": [\r\n                            {\r\n                              \"Hotspot\": {\r\n                                \"Position\": \"5963.255 1743.849 62.72942\",\r\n                                \"GroundPosition\": \"0 0 0\",\r\n                                \"IsGroundPosition\": false,\r\n                                \"ContinentId\": 1116\r\n                              },\r\n                              \"Name\": \"Keg of Grog\",\r\n                              \"EntryId\": 235916\r\n                            }\r\n                          ],\r\n                          \"HotspotsX\": [],\r\n                          \"Blackspots\": [],\r\n                          \"IsLoot\": true,\r\n                          \"OpeningCast\": false,\r\n                          \"NoMovement\": false,\r\n                          \"GameObjectiveIndex\": 1,\r\n                          \"RunTime\": 5.0\r\n                        },\r\n                        \"TimeLimit\": 0\r\n                      },\r\n                      {\r\n                        \"$type\": \"Wait\",\r\n                        \"Delay\": 1.0,\r\n                        \"DelayMax\": 0.0\r\n                      }\r\n                    ],\r\n                    \"IsSpecialElement\": true,\r\n                    \"SpecialElementName\": \"Then\",\r\n                    \"GroupName\": \"\"\r\n                  },\r\n                  \"Conditions\": [\r\n                    {\r\n                      \"Condition\": {\r\n                        \"$type\": \"CSharpCondition\",\r\n                        \"CSharpCode\": \"QH.QuestObjectiveProgress(36566, 2, 15, \\\"5/15\\\")\"\r\n                      },\r\n                      \"IsNot\": false\r\n                    },\r\n                    {\r\n                      \"Condition\": null,\r\n                      \"IsNot\": false\r\n                    },\r\n                    {\r\n                      \"Condition\": null,\r\n                      \"IsNot\": false\r\n                    },\r\n                    {\r\n                      \"Condition\": null,\r\n                      \"IsNot\": false\r\n                    }\r\n                  ],\r\n                  \"IsNot\": false\r\n                },\r\n                {\r\n                  \"$type\": \"If\",\r\n                  \"ActionsFalse\": {\r\n                    \"Children\": [],\r\n                    \"IsSpecialElement\": true,\r\n                    \"SpecialElementName\": \"Else\",\r\n                    \"GroupName\": \"\"\r\n                  },\r\n                  \"ActionsTrue\": {\r\n                    \"Children\": [\r\n                      {\r\n                        \"$type\": \"Comment\",\r\n                        \"Text\": \"6/15 Keg of Grog destroyed\",\r\n                        \"Color\": \"64, 128, 128\"\r\n                      },\r\n                      {\r\n                        \"$type\": \"MoveTo\",\r\n                        \"Hotspot\": {\r\n                          \"Position\": \"5947.29 1745.052 62.67822\",\r\n                          \"GroundPosition\": \"0 0 0\",\r\n                          \"IsGroundPosition\": false,\r\n                          \"ContinentId\": 1116\r\n                        },\r\n                        \"Method\": \"Navi\"\r\n                      },\r\n                      {\r\n                        \"$type\": \"CollectObjectsTemplateScriptAction\",\r\n                        \"Template\": {\r\n                          \"$type\": \"CollectObjectsTemplate\",\r\n                          \"TargetObjects\": [\r\n                            {\r\n                              \"Hotspot\": {\r\n                                \"Position\": \"5963.255 1743.849 62.72942\",\r\n                                \"GroundPosition\": \"0 0 0\",\r\n                                \"IsGroundPosition\": false,\r\n                                \"ContinentId\": 1116\r\n                              },\r\n                              \"Name\": \"Keg of Grog\",\r\n                              \"EntryId\": 235916\r\n                            }\r\n                          ],\r\n                          \"HotspotsX\": [],\r\n                          \"Blackspots\": [],\r\n                          \"IsLoot\": true,\r\n                          \"OpeningCast\": false,\r\n                          \"NoMovement\": false,\r\n                          \"GameObjectiveIndex\": 1,\r\n                          \"RunTime\": 5.0\r\n                        },\r\n                        \"TimeLimit\": 0\r\n                      },\r\n                      {\r\n                        \"$type\": \"Wait\",\r\n                        \"Delay\": 1.0,\r\n                        \"DelayMax\": 0.0\r\n                      }\r\n                    ],\r\n                    \"IsSpecialElement\": true,\r\n                    \"SpecialElementName\": \"Then\",\r\n                    \"GroupName\": \"\"\r\n                  },\r\n                  \"Conditions\": [\r\n                    {\r\n                      \"Condition\": {\r\n                        \"$type\": \"CSharpCondition\",\r\n                        \"CSharpCode\": \"QH.QuestObjectiveProgress(36566, 2, 15, \\\"6/15\\\")\"\r\n                      },\r\n                      \"IsNot\": false\r\n                    },\r\n                    {\r\n                      \"Condition\": null,\r\n                      \"IsNot\": false\r\n                    },\r\n                    {\r\n                      \"Condition\": null,\r\n                      \"IsNot\": false\r\n                    },\r\n                    {\r\n                      \"Condition\": null,\r\n                      \"IsNot\": false\r\n                    }\r\n                  ],\r\n                  \"IsNot\": false\r\n                },\r\n                {\r\n                  \"$type\": \"If\",\r\n                  \"ActionsFalse\": {\r\n                    \"Children\": [],\r\n                    \"IsSpecialElement\": true,\r\n                    \"SpecialElementName\": \"Else\",\r\n                    \"GroupName\": \"\"\r\n                  },\r\n                  \"ActionsTrue\": {\r\n                    \"Children\": [\r\n                      {\r\n                        \"$type\": \"Comment\",\r\n                        \"Text\": \"7/15 Keg of Grog destroyed\",\r\n                        \"Color\": \"64, 128, 128\"\r\n                      },\r\n                      {\r\n                        \"$type\": \"MoveTo\",\r\n                        \"Hotspot\": {\r\n                          \"Position\": \"5866.767 1883.735 84.90119\",\r\n                          \"GroundPosition\": \"0 0 0\",\r\n                          \"IsGroundPosition\": false,\r\n                          \"IsIndoors\": true,\r\n                          \"ContinentId\": 1116\r\n                        },\r\n                        \"Method\": \"Navi\"\r\n                      },\r\n                      {\r\n                        \"$type\": \"CollectObjectsTemplateScriptAction\",\r\n                        \"Template\": {\r\n                          \"$type\": \"CollectObjectsTemplate\",\r\n                          \"TargetObjects\": [\r\n                            {\r\n                              \"Hotspot\": {\r\n                                \"Position\": \"5963.255 1743.849 62.72942\",\r\n                                \"GroundPosition\": \"0 0 0\",\r\n                                \"IsGroundPosition\": false,\r\n                                \"ContinentId\": 1116\r\n                              },\r\n                              \"Name\": \"Keg of Grog\",\r\n                              \"EntryId\": 235916\r\n                            }\r\n                          ],\r\n                          \"HotspotsX\": [],\r\n                          \"Blackspots\": [],\r\n                          \"IsLoot\": true,\r\n                          \"OpeningCast\": false,\r\n                          \"NoMovement\": false,\r\n                          \"GameObjectiveIndex\": 1,\r\n                          \"RunTime\": 5.0\r\n                        },\r\n                        \"TimeLimit\": 0\r\n                      },\r\n                      {\r\n                        \"$type\": \"Wait\",\r\n                        \"Delay\": 1.0,\r\n                        \"DelayMax\": 0.0\r\n                      }\r\n                    ],\r\n                    \"IsSpecialElement\": true,\r\n                    \"SpecialElementName\": \"Then\",\r\n                    \"GroupName\": \"\"\r\n                  },\r\n                  \"Conditions\": [\r\n                    {\r\n                      \"Condition\": {\r\n                        \"$type\": \"CSharpCondition\",\r\n                        \"CSharpCode\": \"QH.QuestObjectiveProgress(36566, 2, 15, \\\"7/15\\\")\"\r\n                      },\r\n                      \"IsNot\": false\r\n                    },\r\n                    {\r\n                      \"Condition\": null,\r\n                      \"IsNot\": false\r\n                    },\r\n                    {\r\n                      \"Condition\": null,\r\n                      \"IsNot\": false\r\n                    },\r\n                    {\r\n                      \"Condition\": null,\r\n                      \"IsNot\": false\r\n                    }\r\n                  ],\r\n                  \"IsNot\": false\r\n                },\r\n                {\r\n                  \"$type\": \"If\",\r\n                  \"ActionsFalse\": {\r\n                    \"Children\": [],\r\n                    \"IsSpecialElement\": true,\r\n                    \"SpecialElementName\": \"Else\",\r\n                    \"GroupName\": \"\"\r\n                  },\r\n                  \"ActionsTrue\": {\r\n                    \"Children\": [\r\n                      {\r\n                        \"$type\": \"Comment\",\r\n                        \"Text\": \"8/15 Keg of Grog destroyed\",\r\n                        \"Color\": \"64, 128, 128\"\r\n                      },\r\n                      {\r\n                        \"$type\": \"MoveTo\",\r\n                        \"Hotspot\": {\r\n                          \"Position\": \"5864.613 1887.778 84.91605\",\r\n                          \"GroundPosition\": \"0 0 0\",\r\n                          \"IsGroundPosition\": false,\r\n                          \"IsIndoors\": true,\r\n                          \"ContinentId\": 1116\r\n                        },\r\n                        \"Method\": \"Navi\"\r\n                      },\r\n                      {\r\n                        \"$type\": \"CollectObjectsTemplateScriptAction\",\r\n                        \"Template\": {\r\n                          \"$type\": \"CollectObjectsTemplate\",\r\n                          \"TargetObjects\": [\r\n                            {\r\n                              \"Hotspot\": {\r\n                                \"Position\": \"5963.255 1743.849 62.72942\",\r\n                                \"GroundPosition\": \"0 0 0\",\r\n                                \"IsGroundPosition\": false,\r\n                                \"ContinentId\": 1116\r\n                              },\r\n                              \"Name\": \"Keg of Grog\",\r\n                              \"EntryId\": 235916\r\n                            }\r\n                          ],\r\n                          \"HotspotsX\": [],\r\n                          \"Blackspots\": [],\r\n                          \"IsLoot\": true,\r\n                          \"OpeningCast\": false,\r\n                          \"NoMovement\": false,\r\n                          \"GameObjectiveIndex\": 1,\r\n                          \"RunTime\": 5.0\r\n                        },\r\n                        \"TimeLimit\": 0\r\n                      },\r\n                      {\r\n                        \"$type\": \"Wait\",\r\n                        \"Delay\": 1.0,\r\n                        \"DelayMax\": 0.0\r\n                      }\r\n                    ],\r\n                    \"IsSpecialElement\": true,\r\n                    \"SpecialElementName\": \"Then\",\r\n                    \"GroupName\": \"\"\r\n                  },\r\n                  \"Conditions\": [\r\n                    {\r\n                      \"Condition\": {\r\n                        \"$type\": \"CSharpCondition\",\r\n                        \"CSharpCode\": \"QH.QuestObjectiveProgress(36566, 2, 15, \\\"8/15\\\")\"\r\n                      },\r\n                      \"IsNot\": false\r\n                    },\r\n                    {\r\n                      \"Condition\": null,\r\n                      \"IsNot\": false\r\n                    },\r\n                    {\r\n                      \"Condition\": null,\r\n                      \"IsNot\": false\r\n                    },\r\n                    {\r\n                      \"Condition\": null,\r\n                      \"IsNot\": false\r\n                    }\r\n                  ],\r\n                  \"IsNot\": false\r\n                },\r\n                {\r\n                  \"$type\": \"If\",\r\n                  \"ActionsFalse\": {\r\n                    \"Children\": [],\r\n                    \"IsSpecialElement\": true,\r\n                    \"SpecialElementName\": \"Else\",\r\n                    \"GroupName\": \"\"\r\n                  },\r\n                  \"ActionsTrue\": {\r\n                    \"Children\": [\r\n                      {\r\n                        \"$type\": \"Comment\",\r\n                        \"Text\": \"9/15 Keg of Grog destroyed\",\r\n                        \"Color\": \"64, 128, 128\"\r\n                      },\r\n                      {\r\n                        \"$type\": \"MoveTo\",\r\n                        \"Hotspot\": {\r\n                          \"Position\": \"5856.594 1893.245 84.93579\",\r\n                          \"GroundPosition\": \"0 0 0\",\r\n                          \"IsGroundPosition\": false,\r\n                          \"IsIndoors\": true,\r\n                          \"ContinentId\": 1116\r\n                        },\r\n                        \"Method\": \"Navi\"\r\n                      },\r\n                      {\r\n                        \"$type\": \"CollectObjectsTemplateScriptAction\",\r\n                        \"Template\": {\r\n                          \"$type\": \"CollectObjectsTemplate\",\r\n                          \"TargetObjects\": [\r\n                            {\r\n                              \"Hotspot\": {\r\n                                \"Position\": \"5963.255 1743.849 62.72942\",\r\n                                \"GroundPosition\": \"0 0 0\",\r\n                                \"IsGroundPosition\": false,\r\n                                \"ContinentId\": 1116\r\n                              },\r\n                              \"Name\": \"Keg of Grog\",\r\n                              \"EntryId\": 235916\r\n                            }\r\n                          ],\r\n                          \"HotspotsX\": [],\r\n                          \"Blackspots\": [],\r\n                          \"IsLoot\": true,\r\n                          \"OpeningCast\": false,\r\n                          \"NoMovement\": false,\r\n                          \"GameObjectiveIndex\": 1,\r\n                          \"RunTime\": 5.0\r\n                        },\r\n                        \"TimeLimit\": 0\r\n                      },\r\n                      {\r\n                        \"$type\": \"Wait\",\r\n                        \"Delay\": 1.0,\r\n                        \"DelayMax\": 0.0\r\n                      }\r\n                    ],\r\n                    \"IsSpecialElement\": true,\r\n                    \"SpecialElementName\": \"Then\",\r\n                    \"GroupName\": \"\"\r\n                  },\r\n                  \"Conditions\": [\r\n                    {\r\n                      \"Condition\": {\r\n                        \"$type\": \"CSharpCondition\",\r\n                        \"CSharpCode\": \"QH.QuestObjectiveProgress(36566, 2, 15, \\\"9/15\\\")\"\r\n                      },\r\n                      \"IsNot\": false\r\n                    },\r\n                    {\r\n                      \"Condition\": null,\r\n                      \"IsNot\": false\r\n                    },\r\n                    {\r\n                      \"Condition\": null,\r\n                      \"IsNot\": false\r\n                    },\r\n                    {\r\n                      \"Condition\": null,\r\n                      \"IsNot\": false\r\n                    }\r\n                  ],\r\n                  \"IsNot\": false\r\n                },\r\n                {\r\n                  \"$type\": \"If\",\r\n                  \"ActionsFalse\": {\r\n                    \"Children\": [],\r\n                    \"IsSpecialElement\": true,\r\n                    \"SpecialElementName\": \"Else\",\r\n                    \"GroupName\": \"\"\r\n                  },\r\n                  \"ActionsTrue\": {\r\n                    \"Children\": [\r\n                      {\r\n                        \"$type\": \"Comment\",\r\n                        \"Text\": \"10/15 Keg of Grog destroyed\",\r\n                        \"Color\": \"64, 128, 128\"\r\n                      },\r\n                      {\r\n                        \"$type\": \"MoveTo\",\r\n                        \"Hotspot\": {\r\n                          \"Position\": \"5837.881 1877.296 84.98981\",\r\n                          \"GroundPosition\": \"0 0 0\",\r\n                          \"IsGroundPosition\": false,\r\n                          \"IsIndoors\": true,\r\n                          \"ContinentId\": 1116\r\n                        },\r\n                        \"Method\": \"Navi\"\r\n                      },\r\n                      {\r\n                        \"$type\": \"CollectObjectsTemplateScriptAction\",\r\n                        \"Template\": {\r\n                          \"$type\": \"CollectObjectsTemplate\",\r\n                          \"TargetObjects\": [\r\n                            {\r\n                              \"Hotspot\": {\r\n                                \"Position\": \"5963.255 1743.849 62.72942\",\r\n                                \"GroundPosition\": \"0 0 0\",\r\n                                \"IsGroundPosition\": false,\r\n                                \"ContinentId\": 1116\r\n                              },\r\n                              \"Name\": \"Keg of Grog\",\r\n                              \"EntryId\": 235916\r\n                            }\r\n                          ],\r\n                          \"HotspotsX\": [],\r\n                          \"Blackspots\": [],\r\n                          \"IsLoot\": true,\r\n                          \"OpeningCast\": false,\r\n                          \"NoMovement\": false,\r\n                          \"GameObjectiveIndex\": 1,\r\n                          \"RunTime\": 5.0\r\n                        },\r\n                        \"TimeLimit\": 0\r\n                      },\r\n                      {\r\n                        \"$type\": \"Wait\",\r\n                        \"Delay\": 1.0,\r\n                        \"DelayMax\": 0.0\r\n                      }\r\n                    ],\r\n                    \"IsSpecialElement\": true,\r\n                    \"SpecialElementName\": \"Then\",\r\n                    \"GroupName\": \"\"\r\n                  },\r\n                  \"Conditions\": [\r\n                    {\r\n                      \"Condition\": {\r\n                        \"$type\": \"CSharpCondition\",\r\n                        \"CSharpCode\": \"QH.QuestObjectiveProgress(36566, 2, 15, \\\"10/15\\\")\"\r\n                      },\r\n                      \"IsNot\": false\r\n                    },\r\n                    {\r\n                      \"Condition\": null,\r\n                      \"IsNot\": false\r\n                    },\r\n                    {\r\n                      \"Condition\": null,\r\n                      \"IsNot\": false\r\n                    },\r\n                    {\r\n                      \"Condition\": null,\r\n                      \"IsNot\": false\r\n                    }\r\n                  ],\r\n                  \"IsNot\": false\r\n                },\r\n                {\r\n                  \"$type\": \"If\",\r\n                  \"ActionsFalse\": {\r\n                    \"Children\": [],\r\n                    \"IsSpecialElement\": true,\r\n                    \"SpecialElementName\": \"Else\",\r\n                    \"GroupName\": \"\"\r\n                  },\r\n                  \"ActionsTrue\": {\r\n                    \"Children\": [\r\n                      {\r\n                        \"$type\": \"Comment\",\r\n                        \"Text\": \"11/15 Keg of Grog destroyed\",\r\n                        \"Color\": \"64, 128, 128\"\r\n                      },\r\n                      {\r\n                        \"$type\": \"MoveTo\",\r\n                        \"Hotspot\": {\r\n                          \"Position\": \"5845.852 1871.102 84.87207\",\r\n                          \"GroundPosition\": \"0 0 0\",\r\n                          \"IsGroundPosition\": false,\r\n                          \"IsIndoors\": true,\r\n                          \"ContinentId\": 1116\r\n                        },\r\n                        \"Method\": \"Navi\"\r\n                      },\r\n                      {\r\n                        \"$type\": \"CollectObjectsTemplateScriptAction\",\r\n                        \"Template\": {\r\n                          \"$type\": \"CollectObjectsTemplate\",\r\n                          \"TargetObjects\": [\r\n                            {\r\n                              \"Hotspot\": {\r\n                                \"Position\": \"5963.255 1743.849 62.72942\",\r\n                                \"GroundPosition\": \"0 0 0\",\r\n                                \"IsGroundPosition\": false,\r\n                                \"ContinentId\": 1116\r\n                              },\r\n                              \"Name\": \"Keg of Grog\",\r\n                              \"EntryId\": 235916\r\n                            }\r\n                          ],\r\n                          \"HotspotsX\": [],\r\n                          \"Blackspots\": [],\r\n                          \"IsLoot\": true,\r\n                          \"OpeningCast\": false,\r\n                          \"NoMovement\": false,\r\n                          \"GameObjectiveIndex\": 1,\r\n                          \"RunTime\": 5.0\r\n                        },\r\n                        \"TimeLimit\": 0\r\n                      },\r\n                      {\r\n                        \"$type\": \"Wait\",\r\n                        \"Delay\": 1.0,\r\n                        \"DelayMax\": 0.0\r\n                      }\r\n                    ],\r\n                    \"IsSpecialElement\": true,\r\n                    \"SpecialElementName\": \"Then\",\r\n                    \"GroupName\": \"\"\r\n                  },\r\n                  \"Conditions\": [\r\n                    {\r\n                      \"Condition\": {\r\n                        \"$type\": \"CSharpCondition\",\r\n                        \"CSharpCode\": \"QH.QuestObjectiveProgress(36566, 2, 15, \\\"11/15\\\")\"\r\n                      },\r\n                      \"IsNot\": false\r\n                    },\r\n                    {\r\n                      \"Condition\": null,\r\n                      \"IsNot\": false\r\n                    },\r\n                    {\r\n                      \"Condition\": null,\r\n                      \"IsNot\": false\r\n                    },\r\n                    {\r\n                      \"Condition\": null,\r\n                      \"IsNot\": false\r\n                    }\r\n                  ],\r\n                  \"IsNot\": false\r\n                },\r\n                {\r\n                  \"$type\": \"If\",\r\n                  \"ActionsFalse\": {\r\n                    \"Children\": [],\r\n                    \"IsSpecialElement\": true,\r\n                    \"SpecialElementName\": \"Else\",\r\n                    \"GroupName\": \"\"\r\n                  },\r\n                  \"ActionsTrue\": {\r\n                    \"Children\": [\r\n                      {\r\n                        \"$type\": \"Comment\",\r\n                        \"Text\": \"12/15 Keg of Grog destroyed\",\r\n                        \"Color\": \"64, 128, 128\"\r\n                      },\r\n                      {\r\n                        \"$type\": \"MoveTo\",\r\n                        \"Hotspot\": {\r\n                          \"Position\": \"5849.461 1870.578 84.8623\",\r\n                          \"GroundPosition\": \"0 0 0\",\r\n                          \"IsGroundPosition\": false,\r\n                          \"IsIndoors\": true,\r\n                          \"ContinentId\": 1116\r\n                        },\r\n                        \"Method\": \"Navi\"\r\n                      },\r\n                      {\r\n                        \"$type\": \"CollectObjectsTemplateScriptAction\",\r\n                        \"Template\": {\r\n                          \"$type\": \"CollectObjectsTemplate\",\r\n                          \"TargetObjects\": [\r\n                            {\r\n                              \"Hotspot\": {\r\n                                \"Position\": \"5963.255 1743.849 62.72942\",\r\n                                \"GroundPosition\": \"0 0 0\",\r\n                                \"IsGroundPosition\": false,\r\n                                \"ContinentId\": 1116\r\n                              },\r\n                              \"Name\": \"Keg of Grog\",\r\n                              \"EntryId\": 235916\r\n                            }\r\n                          ],\r\n                          \"HotspotsX\": [],\r\n                          \"Blackspots\": [],\r\n                          \"IsLoot\": true,\r\n                          \"OpeningCast\": false,\r\n                          \"NoMovement\": false,\r\n                          \"GameObjectiveIndex\": 1,\r\n                          \"RunTime\": 5.0\r\n                        },\r\n                        \"TimeLimit\": 0\r\n                      },\r\n                      {\r\n                        \"$type\": \"Wait\",\r\n                        \"Delay\": 1.0,\r\n                        \"DelayMax\": 0.0\r\n                      }\r\n                    ],\r\n                    \"IsSpecialElement\": true,\r\n                    \"SpecialElementName\": \"Then\",\r\n                    \"GroupName\": \"\"\r\n                  },\r\n                  \"Conditions\": [\r\n                    {\r\n                      \"Condition\": {\r\n                        \"$type\": \"CSharpCondition\",\r\n                        \"CSharpCode\": \"QH.QuestObjectiveProgress(36566, 2, 15, \\\"12/15\\\")\"\r\n                      },\r\n                      \"IsNot\": false\r\n                    },\r\n                    {\r\n                      \"Condition\": null,\r\n                      \"IsNot\": false\r\n                    },\r\n                    {\r\n                      \"Condition\": null,\r\n                      \"IsNot\": false\r\n                    },\r\n                    {\r\n                      \"Condition\": null,\r\n                      \"IsNot\": false\r\n                    }\r\n                  ],\r\n                  \"IsNot\": false\r\n                },\r\n                {\r\n                  \"$type\": \"If\",\r\n                  \"ActionsFalse\": {\r\n                    \"Children\": [],\r\n                    \"IsSpecialElement\": true,\r\n                    \"SpecialElementName\": \"Else\",\r\n                    \"GroupName\": \"\"\r\n                  },\r\n                  \"ActionsTrue\": {\r\n                    \"Children\": [\r\n                      {\r\n                        \"$type\": \"Comment\",\r\n                        \"Text\": \"13/15 Keg of Grog destroyed\",\r\n                        \"Color\": \"64, 128, 128\"\r\n                      },\r\n                      {\r\n                        \"$type\": \"MoveTo\",\r\n                        \"Hotspot\": {\r\n                          \"Position\": \"6029.624 1845.015 79.62868\",\r\n                          \"GroundPosition\": \"0 0 0\",\r\n                          \"IsGroundPosition\": false,\r\n                          \"ContinentId\": 1116\r\n                        },\r\n                        \"Method\": \"Navi\"\r\n                      },\r\n                      {\r\n                        \"$type\": \"CollectObjectsTemplateScriptAction\",\r\n                        \"Template\": {\r\n                          \"$type\": \"CollectObjectsTemplate\",\r\n                          \"TargetObjects\": [\r\n                            {\r\n                              \"Hotspot\": {\r\n                                \"Position\": \"5963.255 1743.849 62.72942\",\r\n                                \"GroundPosition\": \"0 0 0\",\r\n                                \"IsGroundPosition\": false,\r\n                                \"ContinentId\": 1116\r\n                              },\r\n                              \"Name\": \"Keg of Grog\",\r\n                              \"EntryId\": 235916\r\n                            }\r\n                          ],\r\n                          \"HotspotsX\": [],\r\n                          \"Blackspots\": [],\r\n                          \"IsLoot\": true,\r\n                          \"OpeningCast\": false,\r\n                          \"NoMovement\": false,\r\n                          \"GameObjectiveIndex\": 1,\r\n                          \"RunTime\": 5.0\r\n                        },\r\n                        \"TimeLimit\": 0\r\n                      },\r\n                      {\r\n                        \"$type\": \"Wait\",\r\n                        \"Delay\": 1.0,\r\n                        \"DelayMax\": 0.0\r\n                      }\r\n                    ],\r\n                    \"IsSpecialElement\": true,\r\n                    \"SpecialElementName\": \"Then\",\r\n                    \"GroupName\": \"\"\r\n                  },\r\n                  \"Conditions\": [\r\n                    {\r\n                      \"Condition\": {\r\n                        \"$type\": \"CSharpCondition\",\r\n                        \"CSharpCode\": \"QH.QuestObjectiveProgress(36566, 2, 15, \\\"13/15\\\")\"\r\n                      },\r\n                      \"IsNot\": false\r\n                    },\r\n                    {\r\n                      \"Condition\": null,\r\n                      \"IsNot\": false\r\n                    },\r\n                    {\r\n                      \"Condition\": null,\r\n                      \"IsNot\": false\r\n                    },\r\n                    {\r\n                      \"Condition\": null,\r\n                      \"IsNot\": false\r\n                    }\r\n                  ],\r\n                  \"IsNot\": false\r\n                },\r\n                {\r\n                  \"$type\": \"If\",\r\n                  \"ActionsFalse\": {\r\n                    \"Children\": [],\r\n                    \"IsSpecialElement\": true,\r\n                    \"SpecialElementName\": \"Else\",\r\n                    \"GroupName\": \"\"\r\n                  },\r\n                  \"ActionsTrue\": {\r\n                    \"Children\": [\r\n                      {\r\n                        \"$type\": \"Comment\",\r\n                        \"Text\": \"14/15 Keg of Grog destroyed\",\r\n                        \"Color\": \"64, 128, 128\"\r\n                      },\r\n                      {\r\n                        \"$type\": \"MoveTo\",\r\n                        \"Hotspot\": {\r\n                          \"Position\": \"6029.624 1845.015 79.62868\",\r\n                          \"GroundPosition\": \"0 0 0\",\r\n                          \"IsGroundPosition\": false,\r\n                          \"ContinentId\": 1116\r\n                        },\r\n                        \"Method\": \"Navi\"\r\n                      },\r\n                      {\r\n                        \"$type\": \"CollectObjectsTemplateScriptAction\",\r\n                        \"Template\": {\r\n                          \"$type\": \"CollectObjectsTemplate\",\r\n                          \"TargetObjects\": [\r\n                            {\r\n                              \"Hotspot\": {\r\n                                \"Position\": \"5963.255 1743.849 62.72942\",\r\n                                \"GroundPosition\": \"0 0 0\",\r\n                                \"IsGroundPosition\": false,\r\n                                \"ContinentId\": 1116\r\n                              },\r\n                              \"Name\": \"Keg of Grog\",\r\n                              \"EntryId\": 235916\r\n                            }\r\n                          ],\r\n                          \"HotspotsX\": [],\r\n                          \"Blackspots\": [],\r\n                          \"IsLoot\": true,\r\n                          \"OpeningCast\": false,\r\n                          \"NoMovement\": false,\r\n                          \"GameObjectiveIndex\": 1,\r\n                          \"RunTime\": 5.0\r\n                        },\r\n                        \"TimeLimit\": 0\r\n                      },\r\n                      {\r\n                        \"$type\": \"Wait\",\r\n                        \"Delay\": 1.0,\r\n                        \"DelayMax\": 0.0\r\n                      }\r\n                    ],\r\n                    \"IsSpecialElement\": true,\r\n                    \"SpecialElementName\": \"Then\",\r\n                    \"GroupName\": \"\"\r\n                  },\r\n                  \"Conditions\": [\r\n                    {\r\n                      \"Condition\": {\r\n                        \"$type\": \"CSharpCondition\",\r\n                        \"CSharpCode\": \"QH.QuestObjectiveProgress(36566, 2, 15, \\\"14/15\\\")\"\r\n                      },\r\n                      \"IsNot\": false\r\n                    },\r\n                    {\r\n                      \"Condition\": null,\r\n                      \"IsNot\": false\r\n                    },\r\n                    {\r\n                      \"Condition\": null,\r\n                      \"IsNot\": false\r\n                    },\r\n                    {\r\n                      \"Condition\": null,\r\n                      \"IsNot\": false\r\n                    }\r\n                  ],\r\n                  \"IsNot\": false\r\n                }\r\n              ],\r\n              \"IsSpecialElement\": true,\r\n              \"SpecialElementName\": \"Do\",\r\n              \"GroupName\": \"\"\r\n            },\r\n            \"Conditions\": [\r\n              {\r\n                \"Condition\": {\r\n                  \"$type\": \"CSharpCondition\",\r\n                  \"CSharpCode\": \"!IsQuestObjectiveComplete(36566,2) && HasQuest(36566)\"\r\n                },\r\n                \"IsNot\": false\r\n              },\r\n              {\r\n                \"Condition\": null,\r\n                \"IsNot\": false\r\n              },\r\n              {\r\n                \"Condition\": null,\r\n                \"IsNot\": false\r\n              },\r\n              {\r\n                \"Condition\": null,\r\n                \"IsNot\": false\r\n              }\r\n            ],\r\n            \"IsNot\": false,\r\n            \"CheckFrequently\": true\r\n          },\r\n          {\r\n            \"$type\": \"While\",\r\n            \"LoopActions\": {\r\n              \"Children\": [\r\n                {\r\n                  \"$type\": \"Comment\",\r\n                  \"Text\": \"Kill Target: Slave Hunter Mol\",\r\n                  \"Color\": \"64, 128, 128\"\r\n                },\r\n                {\r\n                  \"$type\": \"KillMobsTemplateScriptAction\",\r\n                  \"Template\": {\r\n                    \"$type\": \"KillMobsTemplate\",\r\n                    \"TargetObjects\": [\r\n                      {\r\n                        \"Hotspot\": {\r\n                          \"Position\": \"5842.162 1878.981 84.85045\",\r\n                          \"GroundPosition\": \"0 0 0\",\r\n                          \"IsGroundPosition\": false,\r\n                          \"IsIndoors\": true,\r\n                          \"ContinentId\": 1116\r\n                        },\r\n                        \"Name\": \"Slave Hunter Mol\",\r\n                        \"EntryId\": 79626\r\n                      }\r\n                    ],\r\n                    \"HotspotsX\": [\r\n                      {\r\n                        \"Position\": \"5859.122 1878.157 84.89996\",\r\n                        \"GroundPosition\": \"0 0 0\",\r\n                        \"IsGroundPosition\": false,\r\n                        \"IsIndoors\": true,\r\n                        \"ContinentId\": 1116\r\n                      }\r\n                    ],\r\n                    \"Blackspots\": [],\r\n                    \"ForceLoot\": false,\r\n                    \"ForcePullMobs\": false,\r\n                    \"GameObjectiveIndex\": 1,\r\n                    \"RunTime\": 5.0\r\n                  },\r\n                  \"TimeLimit\": 0\r\n                }\r\n              ],\r\n              \"IsSpecialElement\": true,\r\n              \"SpecialElementName\": \"Do\",\r\n              \"GroupName\": \"\"\r\n            },\r\n            \"Conditions\": [\r\n              {\r\n                \"Condition\": {\r\n                  \"$type\": \"CSharpCondition\",\r\n                  \"CSharpCode\": \"!IsQuestObjectiveComplete(36566,5) && HasQuest(36566)\"\r\n                },\r\n                \"IsNot\": false\r\n              },\r\n              {\r\n                \"Condition\": null,\r\n                \"IsNot\": false\r\n              },\r\n              {\r\n                \"Condition\": null,\r\n                \"IsNot\": false\r\n              },\r\n              {\r\n                \"Condition\": null,\r\n                \"IsNot\": false\r\n              }\r\n            ],\r\n            \"IsNot\": false,\r\n            \"CheckFrequently\": true\r\n          },\r\n          {\r\n            \"$type\": \"Comment\",\r\n            \"Text\": \"Kill Target: Stonemaul Ogres\",\r\n            \"Color\": \"64, 128, 128\"\r\n          },\r\n          {\r\n            \"$type\": \"While\",\r\n            \"LoopActions\": {\r\n              \"Children\": [\r\n                {\r\n                  \"$type\": \"KillMobsTemplateScriptAction\",\r\n                  \"Template\": {\r\n                    \"$type\": \"KillMobsTemplate\",\r\n                    \"TargetObjects\": [\r\n                      {\r\n                        \"Hotspot\": {\r\n                          \"Position\": \"6035.652 1794.739 88.09611\",\r\n                          \"GroundPosition\": \"0 0 0\",\r\n                          \"IsGroundPosition\": false,\r\n                          \"ContinentId\": 1116\r\n                        },\r\n                        \"Name\": \"Stonemaul Slaver\",\r\n                        \"EntryId\": 75835\r\n                      },\r\n                      {\r\n                        \"Hotspot\": {\r\n                          \"Position\": \"6001.436 1775.634 69.87737\",\r\n                          \"GroundPosition\": \"0 0 0\",\r\n                          \"IsGroundPosition\": false,\r\n                          \"ContinentId\": 1116\r\n                        },\r\n                        \"Name\": \"Stonemaul Guard\",\r\n                        \"EntryId\": 75819\r\n                      }\r\n                    ],\r\n                    \"HotspotsX\": [\r\n                      {\r\n                        \"Position\": \"6001.588 1792.022 70.02073\",\r\n                        \"GroundPosition\": \"0 0 0\",\r\n                        \"IsGroundPosition\": false,\r\n                        \"ContinentId\": 1116\r\n                      },\r\n                      {\r\n                        \"Position\": \"5980.546 1880.496 79.64319\",\r\n                        \"GroundPosition\": \"0 0 0\",\r\n                        \"IsGroundPosition\": false,\r\n                        \"ContinentId\": 1116\r\n                      },\r\n                      {\r\n                        \"Position\": \"6045.915 1706.166 77.74212\",\r\n                        \"GroundPosition\": \"0 0 0\",\r\n                        \"IsGroundPosition\": false,\r\n                        \"ContinentId\": 1116\r\n                      }\r\n                    ],\r\n                    \"Blackspots\": [],\r\n                    \"ForceLoot\": false,\r\n                    \"ForcePullMobs\": false,\r\n                    \"GameObjectiveIndex\": 1,\r\n                    \"RunTime\": 5.0\r\n                  },\r\n                  \"TimeLimit\": 0\r\n                }\r\n              ],\r\n              \"IsSpecialElement\": true,\r\n              \"SpecialElementName\": \"Do\",\r\n              \"GroupName\": \"\"\r\n            },\r\n            \"Conditions\": [\r\n              {\r\n                \"Condition\": {\r\n                  \"$type\": \"CSharpCondition\",\r\n                  \"CSharpCode\": \"!IsQuestObjectiveComplete(36566,1) && HasQuest(36566)\"\r\n                },\r\n                \"IsNot\": false\r\n              },\r\n              {\r\n                \"Condition\": null,\r\n                \"IsNot\": false\r\n              },\r\n              {\r\n                \"Condition\": null,\r\n                \"IsNot\": false\r\n              },\r\n              {\r\n                \"Condition\": null,\r\n                \"IsNot\": false\r\n              }\r\n            ],\r\n            \"IsNot\": false,\r\n            \"CheckFrequently\": true\r\n          }\r\n        ],\r\n        \"IsSpecialElement\": true,\r\n        \"SpecialElementName\": \"Do\",\r\n        \"GroupName\": \"\"\r\n      },\r\n      \"Conditions\": [\r\n        {\r\n          \"Condition\": {\r\n            \"$type\": \"CSharpCondition\",\r\n            \"CSharpCode\": \"!IsQuestCompleted(36566)\"\r\n          },\r\n          \"IsNot\": false\r\n        },\r\n        {\r\n          \"Condition\": null,\r\n          \"IsNot\": false\r\n        },\r\n        {\r\n          \"Condition\": null,\r\n          \"IsNot\": false\r\n        },\r\n        {\r\n          \"Condition\": null,\r\n          \"IsNot\": false\r\n        }\r\n      ],\r\n      \"IsNot\": false,\r\n      \"CheckFrequently\": true\r\n    }\r\n  ],\r\n  \"GroupName\": \"\"\r\n}",
  "ActionOrder": 1,
  "Actions": []
}