{
  "QuestID": 36571,
  "Version": 15,
  "FactionGroup": 1,
  "CreatedOn": "2014-12-01T16:43:07.5730137Z",
  "UpdatedOn": "2015-10-03T23:14:43.1930715Z",
  "Comment": "",
  "CreatedBy": null,
  "AllowUpdates": false,
  "RecommendedLevel": 92,
  "Frequency": 1,
  "IsTask": true,
  "QuestStart": {
    "ObjectName": "AreaTrigger",
    "EntryId": 0,
    "AdditionalEntryIds": null,
    "ContinentId": 1116,
    "ZoneId": 6721,
    "Position": "6757.707 16.69788 73.37022",
    "TurnInType": 2,
    "MyFaction": 1
  },
  "UseScript": true,
  "ScriptText": "{\r\n  \"Children\": [\r\n    {\r\n      \"$type\": \"While\",\r\n      \"LoopActions\": {\r\n        \"Children\": [\r\n          {\r\n            \"$type\": \"If\",\r\n            \"ActionsFalse\": {\r\n              \"Children\": [],\r\n              \"IsSpecialElement\": true,\r\n              \"SpecialElementName\": \"Else\",\r\n              \"GroupName\": \"\"\r\n            },\r\n            \"ActionsTrue\": {\r\n              \"Children\": [\r\n                {\r\n                  \"$type\": \"MoveTo\",\r\n                  \"Hotspot\": {\r\n                    \"Position\": \"6440.864 35.48223 73.68396\",\r\n                    \"GroundPosition\": \"6440.864 35.48223 74.59383\",\r\n                    \"IsGroundPosition\": false,\r\n                    \"ContinentId\": 1116\r\n                  },\r\n                  \"Method\": \"Navi\"\r\n                }\r\n              ],\r\n              \"IsSpecialElement\": true,\r\n              \"SpecialElementName\": \"Then\",\r\n              \"GroupName\": \"\"\r\n            },\r\n            \"Conditions\": [\r\n              {\r\n                \"Condition\": {\r\n                  \"$type\": \"CSharpCondition\",\r\n                  \"CSharpCode\": \"Vector3 location = new Vector3(6476.8f, -103.2f, 76.9f);\\r\\nif(Me.Distance2DTo(location) < 30) \\r\\n{\\r\\n\\treturn true;\\r\\n}\\r\\nreturn false;\"\r\n                },\r\n                \"IsNot\": false\r\n              },\r\n              {\r\n                \"Condition\": null,\r\n                \"IsNot\": false\r\n              },\r\n              {\r\n                \"Condition\": null,\r\n                \"IsNot\": false\r\n              },\r\n              {\r\n                \"Condition\": null,\r\n                \"IsNot\": false\r\n              }\r\n            ],\r\n            \"IsNot\": false\r\n          },\r\n          {\r\n            \"$type\": \"While\",\r\n            \"LoopActions\": {\r\n              \"Children\": [\r\n                {\r\n                  \"$type\": \"KillMobsTemplateScriptAction\",\r\n                  \"Template\": {\r\n                    \"$type\": \"KillMobsTemplate\",\r\n                    \"TargetObjects\": [\r\n                      {\r\n                        \"Hotspot\": {\r\n                          \"Position\": \"6438.096 44.26048 76.7787\",\r\n                          \"GroundPosition\": \"0 0 0\",\r\n                          \"IsGroundPosition\": false,\r\n                          \"ContinentId\": 1116\r\n                        },\r\n                        \"Name\": \"Weald Stinger\",\r\n                        \"EntryId\": 85807\r\n                      },\r\n                      {\r\n                        \"Hotspot\": {\r\n                          \"Position\": \"6476.269 44.50722 74.82892\",\r\n                          \"GroundPosition\": \"0 0 0\",\r\n                          \"IsGroundPosition\": false,\r\n                          \"ContinentId\": 1116\r\n                        },\r\n                        \"Name\": \"Thorny Leafling\",\r\n                        \"EntryId\": 85809\r\n                      },\r\n                      {\r\n                        \"Hotspot\": {\r\n                          \"Position\": \"6466.208 32.15625 74.2836\",\r\n                          \"GroundPosition\": \"0 0 0\",\r\n                          \"IsGroundPosition\": false,\r\n                          \"ContinentId\": 1116\r\n                        },\r\n                        \"Name\": \"Thorny Stabber\",\r\n                        \"EntryId\": 80744\r\n                      }\r\n                    ],\r\n                    \"HotspotsX\": [\r\n                      {\r\n                        \"Position\": \"6450.36 22.72482 73.61479\",\r\n                        \"GroundPosition\": \"0 0 0\",\r\n                        \"IsGroundPosition\": false,\r\n                        \"ContinentId\": 1116\r\n                      },\r\n                      {\r\n                        \"Position\": \"6531.744 89.22433 73.93111\",\r\n                        \"GroundPosition\": \"0 0 0\",\r\n                        \"IsGroundPosition\": false,\r\n                        \"ContinentId\": 1116\r\n                      },\r\n                      {\r\n                        \"Position\": \"6598.292 149.9312 73.61466\",\r\n                        \"GroundPosition\": \"0 0 0\",\r\n                        \"IsGroundPosition\": false,\r\n                        \"ContinentId\": 1116\r\n                      }\r\n                    ],\r\n                    \"Blackspots\": [],\r\n                    \"ForceLoot\": false,\r\n                    \"ForcePullMobs\": false,\r\n                    \"GameObjectiveIndex\": 1,\r\n                    \"RunTime\": 5.0\r\n                  },\r\n                  \"TimeLimit\": 0\r\n                }\r\n              ],\r\n              \"IsSpecialElement\": true,\r\n              \"SpecialElementName\": \"Do\",\r\n              \"GroupName\": \"\"\r\n            },\r\n            \"Conditions\": [\r\n              {\r\n                \"Condition\": {\r\n                  \"$type\": \"CSharpCondition\",\r\n                  \"CSharpCode\": \"!IsQuestObjectiveComplete(36571,1) && !IsQuestObjectiveComplete(36571,2) && !IsQuestObjectiveComplete(36571,3) && HasQuest(36571)\"\r\n                },\r\n                \"IsNot\": false\r\n              },\r\n              {\r\n                \"Condition\": null,\r\n                \"IsNot\": false\r\n              },\r\n              {\r\n                \"Condition\": null,\r\n                \"IsNot\": false\r\n              },\r\n              {\r\n                \"Condition\": null,\r\n                \"IsNot\": false\r\n              }\r\n            ],\r\n            \"IsNot\": false\r\n          },\r\n          {\r\n            \"$type\": \"While\",\r\n            \"LoopActions\": {\r\n              \"Children\": [\r\n                {\r\n                  \"$type\": \"KillMobsTemplateScriptAction\",\r\n                  \"Template\": {\r\n                    \"$type\": \"KillMobsTemplate\",\r\n                    \"TargetObjects\": [\r\n                      {\r\n                        \"Hotspot\": {\r\n                          \"Position\": \"6476.269 44.50722 74.82892\",\r\n                          \"GroundPosition\": \"0 0 0\",\r\n                          \"IsGroundPosition\": false,\r\n                          \"ContinentId\": 1116\r\n                        },\r\n                        \"Name\": \"Thorny Leafling\",\r\n                        \"EntryId\": 85809\r\n                      },\r\n                      {\r\n                        \"Hotspot\": {\r\n                          \"Position\": \"6466.208 32.15625 74.2836\",\r\n                          \"GroundPosition\": \"0 0 0\",\r\n                          \"IsGroundPosition\": false,\r\n                          \"ContinentId\": 1116\r\n                        },\r\n                        \"Name\": \"Thorny Stabber\",\r\n                        \"EntryId\": 80744\r\n                      }\r\n                    ],\r\n                    \"HotspotsX\": [\r\n                      {\r\n                        \"Position\": \"6450.36 22.72482 73.61479\",\r\n                        \"GroundPosition\": \"0 0 0\",\r\n                        \"IsGroundPosition\": false,\r\n                        \"ContinentId\": 1116\r\n                      },\r\n                      {\r\n                        \"Position\": \"6531.744 89.22433 73.93111\",\r\n                        \"GroundPosition\": \"0 0 0\",\r\n                        \"IsGroundPosition\": false,\r\n                        \"ContinentId\": 1116\r\n                      },\r\n                      {\r\n                        \"Position\": \"6598.292 149.9312 73.61466\",\r\n                        \"GroundPosition\": \"0 0 0\",\r\n                        \"IsGroundPosition\": false,\r\n                        \"ContinentId\": 1116\r\n                      }\r\n                    ],\r\n                    \"Blackspots\": [],\r\n                    \"ForceLoot\": false,\r\n                    \"ForcePullMobs\": false,\r\n                    \"GameObjectiveIndex\": 1,\r\n                    \"RunTime\": 5.0\r\n                  },\r\n                  \"TimeLimit\": 0\r\n                }\r\n              ],\r\n              \"IsSpecialElement\": true,\r\n              \"SpecialElementName\": \"Do\",\r\n              \"GroupName\": \"\"\r\n            },\r\n            \"Conditions\": [\r\n              {\r\n                \"Condition\": {\r\n                  \"$type\": \"CSharpCondition\",\r\n                  \"CSharpCode\": \"!IsQuestObjectiveComplete(36571,1) && !IsQuestObjectiveComplete(36571,2) && HasQuest(36571)\"\r\n                },\r\n                \"IsNot\": false\r\n              },\r\n              {\r\n                \"Condition\": null,\r\n                \"IsNot\": false\r\n              },\r\n              {\r\n                \"Condition\": null,\r\n                \"IsNot\": false\r\n              },\r\n              {\r\n                \"Condition\": null,\r\n                \"IsNot\": false\r\n              }\r\n            ],\r\n            \"IsNot\": false\r\n          },\r\n          {\r\n            \"$type\": \"While\",\r\n            \"LoopActions\": {\r\n              \"Children\": [\r\n                {\r\n                  \"$type\": \"KillMobsTemplateScriptAction\",\r\n                  \"Template\": {\r\n                    \"$type\": \"KillMobsTemplate\",\r\n                    \"TargetObjects\": [\r\n                      {\r\n                        \"Hotspot\": {\r\n                          \"Position\": \"6438.096 44.26048 76.7787\",\r\n                          \"GroundPosition\": \"0 0 0\",\r\n                          \"IsGroundPosition\": false,\r\n                          \"ContinentId\": 1116\r\n                        },\r\n                        \"Name\": \"Weald Stinger\",\r\n                        \"EntryId\": 85807\r\n                      },\r\n                      {\r\n                        \"Hotspot\": {\r\n                          \"Position\": \"6476.269 44.50722 74.82892\",\r\n                          \"GroundPosition\": \"0 0 0\",\r\n                          \"IsGroundPosition\": false,\r\n                          \"ContinentId\": 1116\r\n                        },\r\n                        \"Name\": \"Thorny Leafling\",\r\n                        \"EntryId\": 85809\r\n                      }\r\n                    ],\r\n                    \"HotspotsX\": [\r\n                      {\r\n                        \"Position\": \"6450.36 22.72482 73.61479\",\r\n                        \"GroundPosition\": \"0 0 0\",\r\n                        \"IsGroundPosition\": false,\r\n                        \"ContinentId\": 1116\r\n                      },\r\n                      {\r\n                        \"Position\": \"6531.744 89.22433 73.93111\",\r\n                        \"GroundPosition\": \"0 0 0\",\r\n                        \"IsGroundPosition\": false,\r\n                        \"ContinentId\": 1116\r\n                      },\r\n                      {\r\n                        \"Position\": \"6598.292 149.9312 73.61466\",\r\n                        \"GroundPosition\": \"0 0 0\",\r\n                        \"IsGroundPosition\": false,\r\n                        \"ContinentId\": 1116\r\n                      }\r\n                    ],\r\n                    \"Blackspots\": [],\r\n                    \"ForceLoot\": false,\r\n                    \"ForcePullMobs\": false,\r\n                    \"GameObjectiveIndex\": 1,\r\n                    \"RunTime\": 5.0\r\n                  },\r\n                  \"TimeLimit\": 0\r\n                }\r\n              ],\r\n              \"IsSpecialElement\": true,\r\n              \"SpecialElementName\": \"Do\",\r\n              \"GroupName\": \"\"\r\n            },\r\n            \"Conditions\": [\r\n              {\r\n                \"Condition\": {\r\n                  \"$type\": \"CSharpCondition\",\r\n                  \"CSharpCode\": \"!IsQuestObjectiveComplete(36571,2) && !IsQuestObjectiveComplete(36571,3) && HasQuest(36571)\"\r\n                },\r\n                \"IsNot\": false\r\n              },\r\n              {\r\n                \"Condition\": null,\r\n                \"IsNot\": false\r\n              },\r\n              {\r\n                \"Condition\": null,\r\n                \"IsNot\": false\r\n              },\r\n              {\r\n                \"Condition\": null,\r\n                \"IsNot\": false\r\n              }\r\n            ],\r\n            \"IsNot\": false\r\n          },\r\n          {\r\n            \"$type\": \"While\",\r\n            \"LoopActions\": {\r\n              \"Children\": [\r\n                {\r\n                  \"$type\": \"KillMobsTemplateScriptAction\",\r\n                  \"Template\": {\r\n                    \"$type\": \"KillMobsTemplate\",\r\n                    \"TargetObjects\": [\r\n                      {\r\n                        \"Hotspot\": {\r\n                          \"Position\": \"6438.096 44.26048 76.7787\",\r\n                          \"GroundPosition\": \"0 0 0\",\r\n                          \"IsGroundPosition\": false,\r\n                          \"ContinentId\": 1116\r\n                        },\r\n                        \"Name\": \"Weald Stinger\",\r\n                        \"EntryId\": 85807\r\n                      },\r\n                      {\r\n                        \"Hotspot\": {\r\n                          \"Position\": \"6466.208 32.15625 74.2836\",\r\n                          \"GroundPosition\": \"0 0 0\",\r\n                          \"IsGroundPosition\": false,\r\n                          \"ContinentId\": 1116\r\n                        },\r\n                        \"Name\": \"Thorny Stabber\",\r\n                        \"EntryId\": 80744\r\n                      }\r\n                    ],\r\n                    \"HotspotsX\": [\r\n                      {\r\n                        \"Position\": \"6450.36 22.72482 73.61479\",\r\n                        \"GroundPosition\": \"0 0 0\",\r\n                        \"IsGroundPosition\": false,\r\n                        \"ContinentId\": 1116\r\n                      },\r\n                      {\r\n                        \"Position\": \"6531.744 89.22433 73.93111\",\r\n                        \"GroundPosition\": \"0 0 0\",\r\n                        \"IsGroundPosition\": false,\r\n                        \"ContinentId\": 1116\r\n                      },\r\n                      {\r\n                        \"Position\": \"6598.292 149.9312 73.61466\",\r\n                        \"GroundPosition\": \"0 0 0\",\r\n                        \"IsGroundPosition\": false,\r\n                        \"ContinentId\": 1116\r\n                      }\r\n                    ],\r\n                    \"Blackspots\": [],\r\n                    \"ForceLoot\": false,\r\n                    \"ForcePullMobs\": false,\r\n                    \"GameObjectiveIndex\": 1,\r\n                    \"RunTime\": 5.0\r\n                  },\r\n                  \"TimeLimit\": 0\r\n                }\r\n              ],\r\n              \"IsSpecialElement\": true,\r\n              \"SpecialElementName\": \"Do\",\r\n              \"GroupName\": \"\"\r\n            },\r\n            \"Conditions\": [\r\n              {\r\n                \"Condition\": {\r\n                  \"$type\": \"CSharpCondition\",\r\n                  \"CSharpCode\": \"!IsQuestObjectiveComplete(36571,1) && !IsQuestObjectiveComplete(36571,3) && HasQuest(36571)\"\r\n                },\r\n                \"IsNot\": false\r\n              },\r\n              {\r\n                \"Condition\": null,\r\n                \"IsNot\": false\r\n              },\r\n              {\r\n                \"Condition\": null,\r\n                \"IsNot\": false\r\n              },\r\n              {\r\n                \"Condition\": null,\r\n                \"IsNot\": false\r\n              }\r\n            ],\r\n            \"IsNot\": false\r\n          },\r\n          {\r\n            \"$type\": \"While\",\r\n            \"LoopActions\": {\r\n              \"Children\": [\r\n                {\r\n                  \"$type\": \"Comment\",\r\n                  \"Text\": \"Almost Done! Weald Stingers is All We Need Now!\",\r\n                  \"Color\": \"64, 128, 128\"\r\n                },\r\n                {\r\n                  \"$type\": \"KillMobsTemplateScriptAction\",\r\n                  \"Template\": {\r\n                    \"$type\": \"KillMobsTemplate\",\r\n                    \"TargetObjects\": [\r\n                      {\r\n                        \"Hotspot\": {\r\n                          \"Position\": \"6438.096 44.26048 76.7787\",\r\n                          \"GroundPosition\": \"0 0 0\",\r\n                          \"IsGroundPosition\": false,\r\n                          \"ContinentId\": 1116\r\n                        },\r\n                        \"Name\": \"Weald Stinger\",\r\n                        \"EntryId\": 85807\r\n                      }\r\n                    ],\r\n                    \"HotspotsX\": [\r\n                      {\r\n                        \"Position\": \"6450.36 22.72482 73.61479\",\r\n                        \"GroundPosition\": \"0 0 0\",\r\n                        \"IsGroundPosition\": false,\r\n                        \"ContinentId\": 1116\r\n                      },\r\n                      {\r\n                        \"Position\": \"6531.744 89.22433 73.93111\",\r\n                        \"GroundPosition\": \"0 0 0\",\r\n                        \"IsGroundPosition\": false,\r\n                        \"ContinentId\": 1116\r\n                      },\r\n                      {\r\n                        \"Position\": \"6598.292 149.9312 73.61466\",\r\n                        \"GroundPosition\": \"0 0 0\",\r\n                        \"IsGroundPosition\": false,\r\n                        \"ContinentId\": 1116\r\n                      }\r\n                    ],\r\n                    \"Blackspots\": [],\r\n                    \"ForceLoot\": false,\r\n                    \"ForcePullMobs\": false,\r\n                    \"GameObjectiveIndex\": 1,\r\n                    \"RunTime\": 5.0\r\n                  },\r\n                  \"TimeLimit\": 0\r\n                }\r\n              ],\r\n              \"IsSpecialElement\": true,\r\n              \"SpecialElementName\": \"Do\",\r\n              \"GroupName\": \"\"\r\n            },\r\n            \"Conditions\": [\r\n              {\r\n                \"Condition\": {\r\n                  \"$type\": \"CSharpCondition\",\r\n                  \"CSharpCode\": \"!IsQuestObjectiveComplete(36571,3) && HasQuest(36571)\"\r\n                },\r\n                \"IsNot\": false\r\n              },\r\n              {\r\n                \"Condition\": null,\r\n                \"IsNot\": false\r\n              },\r\n              {\r\n                \"Condition\": null,\r\n                \"IsNot\": false\r\n              },\r\n              {\r\n                \"Condition\": null,\r\n                \"IsNot\": false\r\n              }\r\n            ],\r\n            \"IsNot\": false\r\n          },\r\n          {\r\n            \"$type\": \"While\",\r\n            \"LoopActions\": {\r\n              \"Children\": [\r\n                {\r\n                  \"$type\": \"Comment\",\r\n                  \"Text\": \"Almost Done! Thorny Leafling is All We Need Now!\",\r\n                  \"Color\": \"64, 128, 128\"\r\n                },\r\n                {\r\n                  \"$type\": \"KillMobsTemplateScriptAction\",\r\n                  \"Template\": {\r\n                    \"$type\": \"KillMobsTemplate\",\r\n                    \"TargetObjects\": [\r\n                      {\r\n                        \"Hotspot\": {\r\n                          \"Position\": \"6476.269 44.50722 74.82892\",\r\n                          \"GroundPosition\": \"0 0 0\",\r\n                          \"IsGroundPosition\": false,\r\n                          \"ContinentId\": 1116\r\n                        },\r\n                        \"Name\": \"Thorny Leafling\",\r\n                        \"EntryId\": 85809\r\n                      }\r\n                    ],\r\n                    \"HotspotsX\": [\r\n                      {\r\n                        \"Position\": \"6450.36 22.72482 73.61479\",\r\n                        \"GroundPosition\": \"0 0 0\",\r\n                        \"IsGroundPosition\": false,\r\n                        \"ContinentId\": 1116\r\n                      },\r\n                      {\r\n                        \"Position\": \"6531.744 89.22433 73.93111\",\r\n                        \"GroundPosition\": \"0 0 0\",\r\n                        \"IsGroundPosition\": false,\r\n                        \"ContinentId\": 1116\r\n                      },\r\n                      {\r\n                        \"Position\": \"6598.292 149.9312 73.61466\",\r\n                        \"GroundPosition\": \"0 0 0\",\r\n                        \"IsGroundPosition\": false,\r\n                        \"ContinentId\": 1116\r\n                      }\r\n                    ],\r\n                    \"Blackspots\": [],\r\n                    \"ForceLoot\": false,\r\n                    \"ForcePullMobs\": false,\r\n                    \"GameObjectiveIndex\": 1,\r\n                    \"RunTime\": 5.0\r\n                  },\r\n                  \"TimeLimit\": 0\r\n                }\r\n              ],\r\n              \"IsSpecialElement\": true,\r\n              \"SpecialElementName\": \"Do\",\r\n              \"GroupName\": \"\"\r\n            },\r\n            \"Conditions\": [\r\n              {\r\n                \"Condition\": {\r\n                  \"$type\": \"CSharpCondition\",\r\n                  \"CSharpCode\": \"!IsQuestObjectiveComplete(36571,2) && HasQuest(36571)\"\r\n                },\r\n                \"IsNot\": false\r\n              },\r\n              {\r\n                \"Condition\": null,\r\n                \"IsNot\": false\r\n              },\r\n              {\r\n                \"Condition\": null,\r\n                \"IsNot\": false\r\n              },\r\n              {\r\n                \"Condition\": null,\r\n                \"IsNot\": false\r\n              }\r\n            ],\r\n            \"IsNot\": false\r\n          },\r\n          {\r\n            \"$type\": \"While\",\r\n            \"LoopActions\": {\r\n              \"Children\": [\r\n                {\r\n                  \"$type\": \"Comment\",\r\n                  \"Text\": \"Almost Done! Thorny Stabber is All We Need Now!\",\r\n                  \"Color\": \"64, 128, 128\"\r\n                },\r\n                {\r\n                  \"$type\": \"KillMobsTemplateScriptAction\",\r\n                  \"Template\": {\r\n                    \"$type\": \"KillMobsTemplate\",\r\n                    \"TargetObjects\": [\r\n                      {\r\n                        \"Hotspot\": {\r\n                          \"Position\": \"6466.208 32.15625 74.2836\",\r\n                          \"GroundPosition\": \"0 0 0\",\r\n                          \"IsGroundPosition\": false,\r\n                          \"ContinentId\": 1116\r\n                        },\r\n                        \"Name\": \"Thorny Stabber\",\r\n                        \"EntryId\": 80744\r\n                      }\r\n                    ],\r\n                    \"HotspotsX\": [\r\n                      {\r\n                        \"Position\": \"6450.36 22.72482 73.61479\",\r\n                        \"GroundPosition\": \"0 0 0\",\r\n                        \"IsGroundPosition\": false,\r\n                        \"ContinentId\": 1116\r\n                      },\r\n                      {\r\n                        \"Position\": \"6531.744 89.22433 73.93111\",\r\n                        \"GroundPosition\": \"0 0 0\",\r\n                        \"IsGroundPosition\": false,\r\n                        \"ContinentId\": 1116\r\n                      },\r\n                      {\r\n                        \"Position\": \"6598.292 149.9312 73.61466\",\r\n                        \"GroundPosition\": \"0 0 0\",\r\n                        \"IsGroundPosition\": false,\r\n                        \"ContinentId\": 1116\r\n                      }\r\n                    ],\r\n                    \"Blackspots\": [],\r\n                    \"ForceLoot\": false,\r\n                    \"ForcePullMobs\": false,\r\n                    \"GameObjectiveIndex\": 1,\r\n                    \"RunTime\": 5.0\r\n                  },\r\n                  \"TimeLimit\": 0\r\n                }\r\n              ],\r\n              \"IsSpecialElement\": true,\r\n              \"SpecialElementName\": \"Do\",\r\n              \"GroupName\": \"\"\r\n            },\r\n            \"Conditions\": [\r\n              {\r\n                \"Condition\": {\r\n                  \"$type\": \"CSharpCondition\",\r\n                  \"CSharpCode\": \"!IsQuestObjectiveComplete(36571,1) && HasQuest(36571)\"\r\n                },\r\n                \"IsNot\": false\r\n              },\r\n              {\r\n                \"Condition\": null,\r\n                \"IsNot\": false\r\n              },\r\n              {\r\n                \"Condition\": null,\r\n                \"IsNot\": false\r\n              },\r\n              {\r\n                \"Condition\": null,\r\n                \"IsNot\": false\r\n              }\r\n            ],\r\n            \"IsNot\": false\r\n          }\r\n        ],\r\n        \"IsSpecialElement\": true,\r\n        \"SpecialElementName\": \"Do\",\r\n        \"GroupName\": \"\"\r\n      },\r\n      \"Conditions\": [\r\n        {\r\n          \"Condition\": {\r\n            \"$type\": \"CSharpCondition\",\r\n            \"CSharpCode\": \"!IsQuestCompleted(36571)\"\r\n          },\r\n          \"IsNot\": false\r\n        },\r\n        {\r\n          \"Condition\": null,\r\n          \"IsNot\": false\r\n        },\r\n        {\r\n          \"Condition\": null,\r\n          \"IsNot\": false\r\n        },\r\n        {\r\n          \"Condition\": null,\r\n          \"IsNot\": false\r\n        }\r\n      ],\r\n      \"IsNot\": false,\r\n      \"CheckFrequently\": true\r\n    }\r\n  ],\r\n  \"GroupName\": \"\"\r\n}",
  "ActionOrder": 1,
  "Actions": []
}