{
  "QuestID": 34398,
  "Version": 7,
  "FactionGroup": 1,
  "CreatedOn": "2014-11-13T14:55:21.1125739Z",
  "UpdatedOn": "2015-08-06T19:12:36.9729718Z",
  "Comment": "",
  "CreatedBy": null,
  "AllowUpdates": false,
  "RecommendedLevel": 90,
  "Frequency": 1,
  "IsStory": true,
  "QuestStart": {
    "ObjectName": "Warchief's Command Board",
    "EntryId": 206109,
    "AdditionalEntryIds": null,
    "ContinentId": 1,
    "ZoneId": 1637,
    "Position": "1598.374 -4371.801 21.15182",
    "TurnInType": 1,
    "IsIndoors": true,
    "MyFaction": 1
  },
  "QuestEnd": {
    "ObjectName": "Archmage Khadgar",
    "EntryId": 78558,
    "AdditionalEntryIds": null,
    "ContinentId": 1265,
    "ZoneId": 7025,
    "Position": "4066.427 -2372.571 94.60053",
    "TurnInType": 0,
    "MyFaction": 1
  },
  "ActionOrder": 1,
  "Actions": [
    {
      "$type": "GossipInteractionTemplate",
      "TargetObjects": [
        {
          "Hotspot": {
            "Position": "-11812.26 -3205.597 -29.55968",
            "GroundPosition": "0 0 0",
            "IsGroundPosition": false,
            "ContinentId": 0
          },
          "Name": "Archmage Khadgar",
          "EntryId": 78423
        }
      ],
      "HotspotsX": [
        {
          "Position": "-11810.56 -3205.763 -29.30809",
          "GroundPosition": "0 0 0",
          "IsGroundPosition": false,
          "ContinentId": 0
        }
      ],
      "GossipIndex": 1,
      "Dismount": false,
      "GameObjectiveIndex": 1,
      "RunTime": 5.0
    }
  ]
}