{
  "QuestID": 34423,
  "Version": 8,
  "FactionGroup": 1,
  "CreatedOn": "2014-10-31T08:20:40.5625369Z",
  "UpdatedOn": "2015-08-06T19:16:40.3230142Z",
  "Comment": "",
  "CreatedBy": null,
  "AllowUpdates": false,
  "RecommendedLevel": 90,
  "Frequency": 1,
  "IsStory": true,
  "QuestStart": {
    "ObjectName": "Archmage Khadgar",
    "EntryId": 78559,
    "AdditionalEntryIds": null,
    "ContinentId": 1265,
    "ZoneId": 7025,
    "Position": "3839.859 -2777.118 93.84181",
    "TurnInType": 0,
    "MyFaction": 1
  },
  "QuestEnd": {
    "ObjectName": "Archmage Khadgar",
    "EntryId": 78560,
    "AdditionalEntryIds": null,
    "ContinentId": 1265,
    "ZoneId": 7025,
    "Position": "4191.499 -2786.998 26.74758",
    "TurnInType": 0,
    "MyFaction": 1
  },
  "ScriptText": "{\r\n  \"Children\": [\r\n    {\r\n      \"$type\": \"Comment\",\r\n      \"Text\": \"Altar Altercation\"\r\n    },\r\n    {\r\n      \"$type\": \"QuestBlock\",\r\n      \"QuestId\": 34423,\r\n      \"ObjectiveIndex\": 0,\r\n      \"Children\": [\r\n        {\r\n          \"$type\": \"If\",\r\n          \"ActionsFalse\": {\r\n            \"Children\": [\r\n              {\r\n                \"$type\": \"GossipTemplateScriptAction\",\r\n                \"Template\": {\r\n                  \"$type\": \"GossipInteractionTemplate\",\r\n                  \"TargetObjects\": [\r\n                    {\r\n                      \"Name\": \"(User added by ID)\",\r\n                      \"EntryId\": 78556\r\n                    }\r\n                  ],\r\n                  \"HotspotsX\": [\r\n                    {\r\n                      \"Position\": \"3842.421 -2787.198 94.28624\",\r\n                      \"GroundPosition\": \"0 0 0\",\r\n                      \"IsGroundPosition\": false,\r\n                      \"ContinentId\": 1265\r\n                    }\r\n                  ],\r\n                  \"GossipIndex\": 1,\r\n                  \"Dismount\": true,\r\n                  \"GameObjectiveIndex\": 1,\r\n                  \"RunTime\": 5.0\r\n                },\r\n                \"TimeLimit\": 0\r\n              }\r\n            ],\r\n            \"IsSpecialElement\": true,\r\n            \"SpecialElementName\": \"Else\",\r\n            \"GroupName\": \"\"\r\n          },\r\n          \"ActionsTrue\": {\r\n            \"Children\": [\r\n              {\r\n                \"$type\": \"If\",\r\n                \"ActionsFalse\": {\r\n                  \"Children\": [\r\n                    {\r\n                      \"$type\": \"MoveTo\",\r\n                      \"Hotspot\": {\r\n                        \"Position\": \"3953.254 -2888.201 60.17284\",\r\n                        \"GroundPosition\": \"0 0 0\",\r\n                        \"NoMount\": true,\r\n                        \"IsGroundPosition\": false,\r\n                        \"ContinentId\": 1265\r\n                      },\r\n                      \"Method\": \"Navi\"\r\n                    }\r\n                  ],\r\n                  \"IsSpecialElement\": true,\r\n                  \"SpecialElementName\": \"Else\",\r\n                  \"GroupName\": \"\"\r\n                },\r\n                \"ActionsTrue\": {\r\n                  \"Children\": [\r\n                    {\r\n                      \"$type\": \"If\",\r\n                      \"ActionsFalse\": {\r\n                        \"Children\": [\r\n                          {\r\n                            \"$type\": \"CollectObjectsTemplateScriptAction\",\r\n                            \"Template\": {\r\n                              \"$type\": \"CollectObjectsTemplate\",\r\n                              \"TargetObjects\": [\r\n                                {\r\n                                  \"Hotspot\": {\r\n                                    \"Position\": \"3976.39 -2900.08 64.08781\",\r\n                                    \"GroundPosition\": \"0 0 0\",\r\n                                    \"IsGroundPosition\": false,\r\n                                    \"ContinentId\": 1265\r\n                                  },\r\n                                  \"Name\": \"Blood Ritual Orb\",\r\n                                  \"EntryId\": 83670\r\n                                }\r\n                              ],\r\n                              \"HotspotsX\": [\r\n                                {\r\n                                  \"Position\": \"3975.721 -2897.98 61.32419\",\r\n                                  \"GroundPosition\": \"0 0 0\",\r\n                                  \"IsGroundPosition\": false,\r\n                                  \"ContinentId\": 1265\r\n                                }\r\n                              ],\r\n                              \"Blackspots\": [],\r\n                              \"IsLoot\": true,\r\n                              \"OpeningCast\": true,\r\n                              \"NoMovement\": false,\r\n                              \"GameObjectiveIndex\": 1,\r\n                              \"RunTime\": 5.0\r\n                            },\r\n                            \"TimeLimit\": 0\r\n                          },\r\n                          {\r\n                            \"$type\": \"CollectObjectsTemplateScriptAction\",\r\n                            \"Template\": {\r\n                              \"$type\": \"CollectObjectsTemplate\",\r\n                              \"TargetObjects\": [\r\n                                {\r\n                                  \"Hotspot\": {\r\n                                    \"Position\": \"3982.326 -2936.484 65.94042\",\r\n                                    \"GroundPosition\": \"0 0 0\",\r\n                                    \"IsGroundPosition\": false,\r\n                                    \"ContinentId\": 1265\r\n                                  },\r\n                                  \"Name\": \"Blood Ritual Orb\",\r\n                                  \"EntryId\": 83670\r\n                                }\r\n                              ],\r\n                              \"HotspotsX\": [\r\n                                {\r\n                                  \"Position\": \"3984.45 -2933.453 62.60703\",\r\n                                  \"GroundPosition\": \"0 0 0\",\r\n                                  \"IsGroundPosition\": false,\r\n                                  \"ContinentId\": 1265\r\n                                }\r\n                              ],\r\n                              \"Blackspots\": [],\r\n                              \"IsLoot\": true,\r\n                              \"OpeningCast\": true,\r\n                              \"NoMovement\": false,\r\n                              \"GameObjectiveIndex\": 1,\r\n                              \"RunTime\": 5.0\r\n                            },\r\n                            \"TimeLimit\": 0\r\n                          },\r\n                          {\r\n                            \"$type\": \"CollectObjectsTemplateScriptAction\",\r\n                            \"Template\": {\r\n                              \"$type\": \"CollectObjectsTemplate\",\r\n                              \"TargetObjects\": [\r\n                                {\r\n                                  \"Hotspot\": {\r\n                                    \"Position\": \"3982.326 -2936.484 65.94042\",\r\n                                    \"GroundPosition\": \"0 0 0\",\r\n                                    \"IsGroundPosition\": false,\r\n                                    \"ContinentId\": 1265\r\n                                  },\r\n                                  \"Name\": \"Blood Ritual Orb\",\r\n                                  \"EntryId\": 83670\r\n                                }\r\n                              ],\r\n                              \"HotspotsX\": [\r\n                                {\r\n                                  \"Position\": \"3983.604 -2950.635 91.71835\",\r\n                                  \"GroundPosition\": \"0 0 0\",\r\n                                  \"IsGroundPosition\": false,\r\n                                  \"ContinentId\": 1265\r\n                                }\r\n                              ],\r\n                              \"Blackspots\": [],\r\n                              \"IsLoot\": true,\r\n                              \"OpeningCast\": true,\r\n                              \"NoMovement\": false,\r\n                              \"GameObjectiveIndex\": 1,\r\n                              \"RunTime\": 5.0\r\n                            },\r\n                            \"TimeLimit\": 0\r\n                          }\r\n                        ],\r\n                        \"IsSpecialElement\": true,\r\n                        \"SpecialElementName\": \"Else\",\r\n                        \"GroupName\": \"\"\r\n                      },\r\n                      \"ActionsTrue\": {\r\n                        \"Children\": [\r\n                          {\r\n                            \"$type\": \"If\",\r\n                            \"ActionsFalse\": {\r\n                              \"Children\": [\r\n                                {\r\n                                  \"$type\": \"MoveTo\",\r\n                                  \"Hotspot\": {\r\n                                    \"Position\": \"4190.014 -2785.881 26.83857\",\r\n                                    \"GroundPosition\": \"0 0 0\",\r\n                                    \"ContinentId\": 1265\r\n                                  },\r\n                                  \"Method\": \"Navi\"\r\n                                }\r\n                              ],\r\n                              \"IsSpecialElement\": true,\r\n                              \"SpecialElementName\": \"Else\",\r\n                              \"GroupName\": \"\"\r\n                            },\r\n                            \"ActionsTrue\": {\r\n                              \"Children\": [],\r\n                              \"IsSpecialElement\": true,\r\n                              \"SpecialElementName\": \"Then\",\r\n                              \"GroupName\": \"\"\r\n                            },\r\n                            \"Condition\": {\r\n                              \"$type\": \"IsQuestObjectiveComplete\",\r\n                              \"QuestId\": 34423,\r\n                              \"ObjectiveIndex\": 4\r\n                            },\r\n                            \"IsNot\": false\r\n                          }\r\n                        ],\r\n                        \"IsSpecialElement\": true,\r\n                        \"SpecialElementName\": \"Then\",\r\n                        \"GroupName\": \"\"\r\n                      },\r\n                      \"Condition\": {\r\n                        \"$type\": \"IsQuestObjectiveComplete\",\r\n                        \"QuestId\": 34423,\r\n                        \"ObjectiveIndex\": 3\r\n                      },\r\n                      \"IsNot\": false\r\n                    }\r\n                  ],\r\n                  \"IsSpecialElement\": true,\r\n                  \"SpecialElementName\": \"Then\",\r\n                  \"GroupName\": \"\"\r\n                },\r\n                \"Condition\": {\r\n                  \"$type\": \"IsQuestObjectiveComplete\",\r\n                  \"QuestId\": 34423,\r\n                  \"ObjectiveIndex\": 2\r\n                },\r\n                \"IsNot\": false\r\n              }\r\n            ],\r\n            \"IsSpecialElement\": true,\r\n            \"SpecialElementName\": \"Then\",\r\n            \"GroupName\": \"\"\r\n          },\r\n          \"Condition\": {\r\n            \"$type\": \"IsQuestObjectiveComplete\",\r\n            \"QuestId\": 34423,\r\n            \"ObjectiveIndex\": 1\r\n          },\r\n          \"IsNot\": false\r\n        },\r\n        {\r\n          \"$type\": \"JumpToBlock\",\r\n          \"Target\": \"1\"\r\n        }\r\n      ],\r\n      \"GroupName\": \"1\"\r\n    }\r\n  ],\r\n  \"GroupName\": \"\"\r\n}",
  "ActionOrder": 1,
  "Actions": [
    {
      "$type": "GossipInteractionTemplate",
      "TargetObjects": [
        {
          "Hotspot": {
            "Position": "3842.366 -2787.323 94.29449",
            "GroundPosition": "0 0 0",
            "IsGroundPosition": false,
            "ContinentId": 1265
          },
          "Name": "Ariok",
          "EntryId": 78556
        }
      ],
      "HotspotsX": [
        {
          "Position": "3839.213 -2785.838 94.04777",
          "GroundPosition": "0 0 0",
          "IsGroundPosition": false,
          "ContinentId": 1265
        }
      ],
      "GossipIndex": 1,
      "Dismount": false,
      "GameObjectiveIndex": 1,
      "RunTime": 5.0
    },
    {
      "$type": "MoveToTemplate",
      "Hotspots": [
        {
          "Position": "3963.137 -2880.847 60.63659",
          "GroundPosition": "0 0 0",
          "IsGroundPosition": false,
          "ContinentId": 1265
        }
      ],
      "PreventMounting": false,
      "GameObjectiveIndex": 2,
      "RunTime": 5.0
    },
    {
      "$type": "CollectObjectsTemplate",
      "TargetObjects": [
        {
          "Hotspot": {
            "Position": "3976.39 -2900.08 64.08781",
            "GroundPosition": "3976.39 -2900.08 61.36839",
            "IsGroundPosition": false,
            "ContinentId": 1265
          },
          "Name": "Blood Ritual Orb",
          "EntryId": 83670
        }
      ],
      "HotspotsX": [
        {
          "Position": "3975.392 -2898.123 61.32458",
          "GroundPosition": "0 0 0",
          "IsGroundPosition": false,
          "ContinentId": 1265
        },
        {
          "Position": "3983.636 -2936.969 62.88066",
          "GroundPosition": "0 0 0",
          "IsGroundPosition": false,
          "ContinentId": 1265
        },
        {
          "Position": "3983.42 -2948.435 92.88174",
          "GroundPosition": "0 0 0",
          "IsGroundPosition": false,
          "ContinentId": 1265
        }
      ],
      "Blackspots": [],
      "IsLoot": false,
      "OpeningCast": false,
      "NoMovement": false,
      "GameObjectiveIndex": 3,
      "RunTime": 5.0
    },
    {
      "$type": "MoveToTemplate",
      "Hotspots": [
        {
          "Position": "3999.302 -2860.228 57.792",
          "GroundPosition": "0 0 0",
          "IsGroundPosition": false,
          "ContinentId": 1265
        }
      ],
      "PreventMounting": false,
      "GameObjectiveIndex": 4,
      "RunTime": 5.0
    },
    {
      "$type": "MoveToTemplate",
      "Hotspots": [
        {
          "Position": "4188.455 -2786.18 26.95601",
          "GroundPosition": "0 0 0",
          "IsGroundPosition": false,
          "ContinentId": 1265
        }
      ],
      "PreventMounting": false,
      "GameObjectiveIndex": 4,
      "RunTime": 5.0
    }
  ]
}