{
  "QuestID": 34446,
  "Version": 27,
  "FactionGroup": 1,
  "CreatedOn": "2014-11-17T06:18:50.3504973Z",
  "UpdatedOn": "2015-08-06T19:21:53.6273794Z",
  "Comment": "",
  "CreatedBy": null,
  "AllowUpdates": false,
  "RecommendedLevel": 90,
  "Frequency": 1,
  "IsStory": true,
  "QuestStart": {
    "ObjectName": "Thaelin Darkanvil",
    "EntryId": 80521,
    "AdditionalEntryIds": null,
    "ContinentId": 1265,
    "ZoneId": 7025,
    "Position": "4063.77 -2020.122 75.3914",
    "TurnInType": 0,
    "MyFaction": 1
  },
  "QuestEnd": {
    "ObjectName": "Archmage Khadgar",
    "EntryId": 78563,
    "AdditionalEntryIds": null,
    "ContinentId": 1265,
    "ZoneId": 7025,
    "Position": "3545.687 -2123.458 17.23155",
    "TurnInType": 0,
    "MyFaction": 1
  },
  "UseScript": true,
  "ScriptText": "{\r\n  \"Children\": [\r\n    {\r\n      \"$type\": \"If\",\r\n      \"ActionsFalse\": {\r\n        \"Children\": [],\r\n        \"IsSpecialElement\": true,\r\n        \"SpecialElementName\": \"Else\",\r\n        \"GroupName\": \"\"\r\n      },\r\n      \"ActionsTrue\": {\r\n        \"Children\": [\r\n          {\r\n            \"$type\": \"MoveTo\",\r\n            \"Hotspot\": {\r\n              \"Position\": \"4056.63 -2004.546 68.29269\",\r\n              \"GroundPosition\": \"0 0 0\",\r\n              \"NoMount\": true,\r\n              \"IsGroundPosition\": false,\r\n              \"ContinentId\": 1265\r\n            },\r\n            \"Method\": \"Navi\"\r\n          },\r\n          {\r\n            \"$type\": \"Wait\",\r\n            \"Delay\": 2.0,\r\n            \"DelayMax\": 0.0\r\n          },\r\n          {\r\n            \"$type\": \"MoveTo\",\r\n            \"Hotspot\": {\r\n              \"Position\": \"4055.969 -1999.275 64.20741\",\r\n              \"GroundPosition\": \"0 0 0\",\r\n              \"UseCTM\": true,\r\n              \"NoMount\": true,\r\n              \"IsGroundPosition\": false,\r\n              \"ContinentId\": 1265\r\n            }\r\n          },\r\n          {\r\n            \"$type\": \"MoveTo\",\r\n            \"Hotspot\": {\r\n              \"Position\": \"4053.83 -1991.313 57.24177\",\r\n              \"GroundPosition\": \"0 0 0\",\r\n              \"UseCTM\": true,\r\n              \"NoMount\": true,\r\n              \"IsGroundPosition\": false,\r\n              \"ContinentId\": 1265\r\n            }\r\n          },\r\n          {\r\n            \"$type\": \"MoveTo\",\r\n            \"Hotspot\": {\r\n              \"Position\": \"4051.497 -1980.643 48.25428\",\r\n              \"GroundPosition\": \"0 0 0\",\r\n              \"UseCTM\": true,\r\n              \"NoMount\": true,\r\n              \"IsGroundPosition\": false,\r\n              \"ContinentId\": 1265\r\n            }\r\n          },\r\n          {\r\n            \"$type\": \"MoveTo\",\r\n            \"Hotspot\": {\r\n              \"Position\": \"4050.253 -1958.474 30.99128\",\r\n              \"GroundPosition\": \"0 0 0\",\r\n              \"UseCTM\": true,\r\n              \"NoMount\": true,\r\n              \"IsGroundPosition\": false,\r\n              \"ContinentId\": 1265\r\n            }\r\n          },\r\n          {\r\n            \"$type\": \"MoveTo\",\r\n            \"Hotspot\": {\r\n              \"Position\": \"4033.201 -1955.535 28.48771\",\r\n              \"GroundPosition\": \"0 0 0\",\r\n              \"UseCTM\": true,\r\n              \"NoMount\": true,\r\n              \"IsGroundPosition\": false,\r\n              \"ContinentId\": 1265\r\n            }\r\n          }\r\n        ],\r\n        \"IsSpecialElement\": true,\r\n        \"SpecialElementName\": \"Then\",\r\n        \"GroupName\": \"\"\r\n      },\r\n      \"Condition\": {\r\n        \"$type\": \"CSharpCondition\",\r\n        \"CSharpCode\": \"Vector3 distance = new Vector3(4065.5f, -2020f, 75.4f);\\r\\nif (Me.Distance2DTo(distance) < 25)\\r\\n{\\r\\n\\treturn true;\\r\\n}\\r\\nreturn false;\"\r\n      },\r\n      \"IsNot\": false\r\n    },\r\n    {\r\n      \"$type\": \"Comment\",\r\n      \"Text\": \"Blacklisting Mobs to Run to Boat Faster\",\r\n      \"Color\": \"64, 128, 128\"\r\n    },\r\n    {\r\n      \"$type\": \"CSharpAction\",\r\n      \"CSharpCode\": \"DisableCombat = true;\\r\\n\"\r\n    },\r\n    {\r\n      \"$type\": \"Wait\",\r\n      \"Delay\": 1.0,\r\n      \"DelayMax\": 2.0\r\n    },\r\n    {\r\n      \"$type\": \"MoveTo\",\r\n      \"Hotspot\": {\r\n        \"Position\": \"4029.419 -2007.832 30.36073\",\r\n        \"GroundPosition\": \"0 0 0\",\r\n        \"IsGroundPosition\": false,\r\n        \"ContinentId\": 1265\r\n      },\r\n      \"Method\": \"Navi\"\r\n    },\r\n    {\r\n      \"$type\": \"MoveTo\",\r\n      \"Hotspot\": {\r\n        \"Position\": \"3926.993 -2018.115 19.99019\",\r\n        \"GroundPosition\": \"0 0 0\",\r\n        \"NoMount\": true,\r\n        \"IsGroundPosition\": false,\r\n        \"ContinentId\": 1265\r\n      },\r\n      \"Method\": \"Navi\"\r\n    },\r\n    {\r\n      \"$type\": \"MoveTo\",\r\n      \"Hotspot\": {\r\n        \"Position\": \"3803.065 -2072.075 14.43153\",\r\n        \"GroundPosition\": \"0 0 0\",\r\n        \"NoMount\": true,\r\n        \"IsGroundPosition\": false,\r\n        \"ContinentId\": 1265\r\n      },\r\n      \"Method\": \"Navi\"\r\n    },\r\n    {\r\n      \"$type\": \"MoveTo\",\r\n      \"Hotspot\": {\r\n        \"Position\": \"3717.519 -2047.128 10.70951\",\r\n        \"GroundPosition\": \"0 0 0\",\r\n        \"NoMount\": true,\r\n        \"IsGroundPosition\": false,\r\n        \"ContinentId\": 1265\r\n      },\r\n      \"Method\": \"Navi\"\r\n    },\r\n    {\r\n      \"$type\": \"MoveTo\",\r\n      \"Hotspot\": {\r\n        \"Position\": \"3651.039 -2094.105 7.388661\",\r\n        \"GroundPosition\": \"0 0 0\",\r\n        \"NoMount\": true,\r\n        \"IsGroundPosition\": false,\r\n        \"ContinentId\": 1265\r\n      },\r\n      \"Method\": \"Navi\"\r\n    },\r\n    {\r\n      \"$type\": \"MoveTo\",\r\n      \"Hotspot\": {\r\n        \"Position\": \"3569.572 -2116.443 17.68112\",\r\n        \"GroundPosition\": \"0 0 0\",\r\n        \"UseCTM\": true,\r\n        \"NoMount\": true,\r\n        \"IsGroundPosition\": false,\r\n        \"ContinentId\": 1265\r\n      }\r\n    },\r\n    {\r\n      \"$type\": \"CSharpAction\",\r\n      \"CSharpCode\": \"DisableCombat = false;\\r\\n\"\r\n    },\r\n    {\r\n      \"$type\": \"MoveTo\",\r\n      \"Hotspot\": {\r\n        \"Position\": \"3546.46 -2123.797 17.2318\",\r\n        \"GroundPosition\": \"0 0 0\",\r\n        \"UseCTM\": true,\r\n        \"NoMount\": true,\r\n        \"IsGroundPosition\": false,\r\n        \"ContinentId\": 1265\r\n      }\r\n    }\r\n  ],\r\n  \"GroupName\": \"\"\r\n}",
  "ActionOrder": 1,
  "Actions": []
}