{
  "QuestID": 36881,
  "Version": 5,
  "FactionGroup": 2,
  "CreatedOn": "2014-12-01T18:04:57.8499575Z",
  "UpdatedOn": "2015-08-06T19:12:25.7207572Z",
  "Comment": "",
  "CreatedBy": null,
  "AllowUpdates": false,
  "RecommendedLevel": 90,
  "Frequency": 1,
  "IsStory": true,
  "QuestStart": {
    "ObjectName": "Archmage Khadgar",
    "EntryId": 78423,
    "AdditionalEntryIds": null,
    "ContinentId": 0,
    "ZoneId": 4,
    "Position": "-11812.26 -3205.597 -29.55968",
    "TurnInType": 0,
    "MyFaction": 1
  },
  "QuestEnd": {
    "ObjectName": "Archmage Khadgar",
    "EntryId": 78558,
    "AdditionalEntryIds": null,
    "ContinentId": 1265,
    "ZoneId": 7025,
    "Position": "4066.427 -2372.571 94.6003",
    "TurnInType": 0,
    "MyFaction": 2
  },
  "ActionOrder": 1,
  "Actions": [
    {
      "$type": "GossipInteractionTemplate",
      "TargetObjects": [
        {
          "Hotspot": {
            "Position": "-8831.111 623.9757 94.09922",
            "GroundPosition": "0 0 0",
            "IsGroundPosition": false,
            "ContinentId": 0
          },
          "Name": "Archmage Khadgar",
          "EntryId": 78423
        }
      ],
      "HotspotsX": [],
      "GossipIndex": 1,
      "Dismount": false,
      "GameObjectiveIndex": 1,
      "RunTime": 5.0
    }
  ]
}