{
  "QuestID": 34271,
  "Version": 5,
  "FactionGroup": 1,
  "CreatedOn": "2014-11-29T13:48:14.2749645Z",
  "UpdatedOn": "2016-04-10T07:15:21.1967645Z",
  "Comment": "",
  "CreatedBy": null,
  "AllowUpdates": false,
  "RecommendedLevel": 99,
  "Frequency": 1,
  "QuestStart": {
    "ObjectName": "Farseer Drek'Thar",
    "EntryId": 81953,
    "AdditionalEntryIds": null,
    "ContinentId": 1116,
    "ZoneId": 6755,
    "Position": "2591.377 6398.95 -39.84946",
    "TurnInType": 0,
    "IsIndoors": true,
    "MyFaction": 0
  },
  "QuestEnd": {
    "ObjectName": "Kalandrios",
    "EntryId": 80595,
    "AdditionalEntryIds": null,
    "ContinentId": 1116,
    "ZoneId": 6755,
    "Position": "4177.374 5177.474 64.45357",
    "TurnInType": 0,
    "MyFaction": 1
  },
  "ActionOrder": 1,
  "Actions": [
    {
      "$type": "KillMobsTemplate",
      "TargetObjects": [
        {
          "Hotspot": {
            "Position": "2561.278 6428.442 -40.61682",
            "GroundPosition": "0 0 0",
            "IsGroundPosition": false,
            "IsIndoors": true,
            "ContinentId": 1116
          },
          "Name": "Gordawg",
          "EntryId": 80592
        }
      ],
      "HotspotsX": [
        {
          "Position": "2589.484 6397.419 -40.01259",
          "GroundPosition": "0 0 0",
          "IsCaveEntry": true,
          "IsGroundPosition": false,
          "IsIndoors": true,
          "ContinentId": 1116
        }
      ],
      "Blackspots": [],
      "ForceLoot": false,
      "ForcePullMobs": false,
      "GameObjectiveIndex": 1,
      "RunTime": 5.0
    }
  ]
}