{
  "QuestID": 34514,
  "Version": 9,
  "FactionGroup": 1,
  "CreatedOn": "2014-11-29T15:26:43.2954341Z",
  "UpdatedOn": "2016-01-03T06:39:53.2678962Z",
  "Comment": "",
  "CreatedBy": null,
  "AllowUpdates": false,
  "RecommendedLevel": 98,
  "Frequency": 1,
  "QuestStart": {
    "ObjectName": "Greezlex Fizzpinch",
    "EntryId": 79312,
    "AdditionalEntryIds": null,
    "ContinentId": 1116,
    "ZoneId": 6755,
    "Position": "2695.556 4826.521 175.1471",
    "TurnInType": 0,
    "IsIndoors": true,
    "MyFaction": 0
  },
  "QuestEnd": {
    "ObjectName": "Pyxni Pennypocket",
    "EntryId": 79310,
    "AdditionalEntryIds": null,
    "ContinentId": 1116,
    "ZoneId": 6755,
    "Position": "3085.323 4849.036 128.3314",
    "TurnInType": 0,
    "MyFaction": 1
  },
  "ActionOrder": 1,
  "Actions": [
    {
      "$type": "CollectObjectsTemplate",
      "TargetObjects": [
        {
          "Hotspot": {
            "Position": "2670.357 5023.835 102.6877",
            "GroundPosition": "0 0 0",
            "IsGroundPosition": false,
            "IsIndoors": true,
            "ContinentId": 1116
          },
          "Name": "Stolen Goods",
          "EntryId": 230148
        }
      ],
      "HotspotsX": [
        {
          "Position": "2613.15 5126.291 101.4389",
          "GroundPosition": "0 0 0",
          "IsGroundPosition": false,
          "ContinentId": 1116
        },
        {
          "Position": "2630.565 5060.502 100.1334",
          "GroundPosition": "0 0 0",
          "IsGroundPosition": false,
          "ContinentId": 1116
        },
        {
          "Position": "2676.095 5030.654 119.9875",
          "GroundPosition": "0 0 0",
          "IsGroundPosition": false,
          "ContinentId": 1116
        }
      ],
      "Blackspots": [
        "2575 5066 139 4.7",
        "2546 5120 159 6.6",
        "2524 5136 148 6.2",
        "2606 5088 104 3.6",
        "2695 5050 118 6.1"
      ],
      "IsLoot": true,
      "OpeningCast": false,
      "NoMovement": false,
      "GameObjectiveIndex": 1,
      "RunTime": 5.0
    }
  ]
}