{
  "QuestID": 34512,
  "Version": 4,
  "FactionGroup": 1,
  "CreatedOn": "2014-11-29T15:25:11.6531724Z",
  "UpdatedOn": "2015-10-17T08:55:08.8305175Z",
  "Comment": "",
  "CreatedBy": null,
  "AllowUpdates": false,
  "RecommendedLevel": 98,
  "Frequency": 1,
  "QuestStart": {
    "ObjectName": "Pyxni Pennypocket",
    "EntryId": 79310,
    "AdditionalEntryIds": null,
    "ContinentId": 1116,
    "ZoneId": 6755,
    "Position": "3085.323 4849.036 128.3315",
    "TurnInType": 0,
    "IsIndoors": true,
    "MyFaction": 0
  },
  "ActionOrder": 1,
  "Actions": [
    {
      "$type": "KillMobsTemplate",
      "TargetObjects": [
        {
          "Hotspot": {
            "Position": "2639.24 5045.222 100.8109",
            "GroundPosition": "0 0 0",
            "IsGroundPosition": false,
            "ContinentId": 1116
          },
          "Name": "Sabermaw Mauler",
          "EntryId": 78990
        },
        {
          "Hotspot": {
            "Position": "2633.501 5044.571 101.2059",
            "GroundPosition": "0 0 0",
            "IsGroundPosition": false,
            "ContinentId": 1116
          },
          "Name": "Sabermaw Scarfang",
          "EntryId": 78976
        }
      ],
      "HotspotsX": [
        {
          "Position": "2655.504 5050.16 103.8941",
          "GroundPosition": "0 0 0",
          "IsGroundPosition": false,
          "ContinentId": 1116
        }
      ],
      "Blackspots": [],
      "ForceLoot": false,
      "ForcePullMobs": false,
      "GameObjectiveIndex": 1,
      "RunTime": 5.0
    }
  ]
}