{
  "QuestID": 34513,
  "Version": 8,
  "FactionGroup": 1,
  "CreatedOn": "2014-11-29T15:30:11.7936025Z",
  "UpdatedOn": "2015-10-18T10:46:26.4918671Z",
  "Comment": "",
  "CreatedBy": null,
  "AllowUpdates": false,
  "RecommendedLevel": 98,
  "Frequency": 1,
  "QuestStart": {
    "ObjectName": "Bounty Board",
    "EntryId": 230303,
    "AdditionalEntryIds": null,
    "ContinentId": 1116,
    "ZoneId": 6755,
    "Position": "2689.519 4824.939 172.429",
    "TurnInType": 1,
    "IsIndoors": true,
    "MyFaction": 1
  },
  "QuestEnd": {
    "ObjectName": "Pyxni Pennypocket",
    "EntryId": 79310,
    "AdditionalEntryIds": null,
    "ContinentId": 1116,
    "ZoneId": 6755,
    "Position": "3085.323 4849.036 128.3314",
    "TurnInType": 0,
    "MyFaction": 1
  },
  "ActionOrder": 1,
  "Actions": [
    {
      "$type": "KillMobsTemplate",
      "TargetObjects": [
        {
          "Hotspot": {
            "Position": "2573.641 5049.024 139.3371",
            "GroundPosition": "0 0 0",
            "IsGroundPosition": false,
            "ContinentId": 1116
          },
          "Name": "Razorpaw",
          "EntryId": 79002
        }
      ],
      "HotspotsX": [
        {
          "Position": "2596.518 5054.072 136.4901",
          "GroundPosition": "0 0 0",
          "IsGroundPosition": false,
          "ContinentId": 1116
        }
      ],
      "Blackspots": [],
      "ForceLoot": false,
      "ForcePullMobs": false,
      "GameObjectiveIndex": 1,
      "RunTime": 5.0
    }
  ]
}