{
  "QuestID": 34516,
  "Version": 11,
  "FactionGroup": 1,
  "CreatedOn": "2014-11-29T15:30:54.980598Z",
  "UpdatedOn": "2015-10-22T08:45:57.494924Z",
  "Comment": "",
  "CreatedBy": null,
  "AllowUpdates": false,
  "RecommendedLevel": 98,
  "Frequency": 1,
  "QuestStart": {
    "ObjectName": "Bazwix",
    "EntryId": 79899,
    "AdditionalEntryIds": null,
    "ContinentId": 1116,
    "ZoneId": 6755,
    "Position": "2690.71 5125.076 177.7914",
    "TurnInType": 0,
    "MyFaction": 1
  },
  "QuestEnd": {
    "ObjectName": "Bazwix",
    "EntryId": 79897,
    "AdditionalEntryIds": null,
    "ContinentId": 1116,
    "ZoneId": 6755,
    "Position": "2594.01 5065.865 137.1455",
    "TurnInType": 0,
    "MyFaction": 1
  },
  "ActionOrder": 1,
  "Actions": [
    {
      "$type": "CollectObjectsTemplate",
      "TargetObjects": [
        {
          "Hotspot": {
            "Position": "2594.914 5067.101 136.9458",
            "GroundPosition": "0 0 0",
            "IsGroundPosition": false,
            "ContinentId": 1116
          },
          "Name": "Bazwix's Treasure",
          "EntryId": 230713
        }
      ],
      "HotspotsX": [
        {
          "Position": "2595.982 5064.862 136.9442",
          "GroundPosition": "0 0 0",
          "ContinentId": 1116
        }
      ],
      "Blackspots": [],
      "IsLoot": false,
      "OpeningCast": false,
      "NoMovement": false,
      "GameObjectiveIndex": 1,
      "RunTime": 5.0
    }
  ]
}