{
  "QuestID": 34598,
  "Version": 3,
  "FactionGroup": 1,
  "CreatedOn": "2014-11-29T15:18:41.2191615Z",
  "UpdatedOn": "2015-10-17T08:55:01.8603085Z",
  "Comment": "",
  "CreatedBy": null,
  "AllowUpdates": false,
  "RecommendedLevel": 98,
  "Frequency": 1,
  "QuestStart": {
    "ObjectName": "Pyxni Pennypocket",
    "EntryId": 79310,
    "AdditionalEntryIds": null,
    "ContinentId": 1116,
    "ZoneId": 6755,
    "Position": "3085.323 4849.036 128.3315",
    "TurnInType": 0,
    "IsIndoors": true,
    "MyFaction": 0
  },
  "QuestEnd": {
    "ObjectName": "Greezlex Fizzpinch",
    "EntryId": 79312,
    "AdditionalEntryIds": null,
    "ContinentId": 1116,
    "ZoneId": 6755,
    "Position": "2695.556 4826.521 175.1471",
    "TurnInType": 0,
    "MyFaction": 1
  },
  "ActionOrder": 1,
  "Actions": []
}