{
  "QuestID": 34662,
  "Version": 8,
  "FactionGroup": 1,
  "CreatedOn": "2014-11-29T17:07:40.2148009Z",
  "UpdatedOn": "2016-01-01T23:32:46.0119781Z",
  "Comment": "",
  "CreatedBy": null,
  "AllowUpdates": false,
  "RecommendedLevel": 98,
  "Frequency": 1,
  "QuestStart": {
    "ObjectName": "Dexyl Deadblade",
    "EntryId": 79188,
    "AdditionalEntryIds": null,
    "ContinentId": 1116,
    "ZoneId": 6755,
    "Position": "3019.969 4800.141 130.3577",
    "TurnInType": 0,
    "IsIndoors": true,
    "MyFaction": 0
  },
  "QuestEnd": {
    "ObjectName": "Dexyl Deadblade",
    "EntryId": 79188,
    "AdditionalEntryIds": null,
    "ContinentId": 1116,
    "ZoneId": 6755,
    "Position": "3019.969 4800.141 130.3577",
    "TurnInType": 0,
    "MyFaction": 1
  },
  "UseScript": true,
  "ScriptText": "{\r\n  \"Children\": [\r\n    {\r\n      \"$type\": \"LoadCSharpScript\",\r\n      \"FileName\": \"QH.cs\"\r\n    },\r\n    {\r\n      \"$type\": \"CSharpAction\",\r\n      \"CSharpCode\": \"// Initializing Instance and Injecting Custom API into Rebot\\r\\nQH.API = this;\"\r\n    },\r\n    {\r\n      \"$type\": \"CSharpAction\",\r\n      \"CSharpCode\": \"Me.ClearFocus();\\r\\n\"\r\n    },\r\n    {\r\n      \"$type\": \"If\",\r\n      \"ActionsFalse\": {\r\n        \"Children\": [],\r\n        \"IsSpecialElement\": true,\r\n        \"SpecialElementName\": \"Else\",\r\n        \"GroupName\": \"\"\r\n      },\r\n      \"ActionsTrue\": {\r\n        \"Children\": [\r\n          {\r\n            \"$type\": \"CSharpAction\",\r\n            \"CSharpCode\": \"Vector3 location = new Vector3(3017.1f, 4885.0f, 130.6f);\\r\\nwhile(Me.Distance2DTo(location) > 10.0)\\r\\n{\\r\\n\\tMoveTo(location);\\r\\n\\tyield return 100;\\r\\n}\"\r\n          }\r\n        ],\r\n        \"IsSpecialElement\": true,\r\n        \"SpecialElementName\": \"Then\",\r\n        \"GroupName\": \"\"\r\n      },\r\n      \"Conditions\": [\r\n        {\r\n          \"Condition\": {\r\n            \"$type\": \"CSharpCondition\",\r\n            \"CSharpCode\": \"!QH.IsClose(3016.3f, 4882.7f, 130.6f, 55)\"\r\n          },\r\n          \"IsNot\": false\r\n        },\r\n        {\r\n          \"Condition\": null,\r\n          \"IsNot\": false\r\n        },\r\n        {\r\n          \"Condition\": null,\r\n          \"IsNot\": false\r\n        },\r\n        {\r\n          \"Condition\": null,\r\n          \"IsNot\": false\r\n        }\r\n      ],\r\n      \"IsNot\": false\r\n    },\r\n    {\r\n      \"$type\": \"CSharpAction\",\r\n      \"CSharpCode\": \"QH.SetFocusUnit(76702)\"\r\n    },\r\n    {\r\n      \"$type\": \"If\",\r\n      \"ActionsFalse\": {\r\n        \"Children\": [],\r\n        \"IsSpecialElement\": true,\r\n        \"SpecialElementName\": \"Else\",\r\n        \"GroupName\": \"\"\r\n      },\r\n      \"ActionsTrue\": {\r\n        \"Children\": [\r\n          {\r\n            \"$type\": \"GossipTemplateScriptAction\",\r\n            \"Template\": {\r\n              \"$type\": \"GossipInteractionTemplate\",\r\n              \"TargetObjects\": [\r\n                {\r\n                  \"Hotspot\": {\r\n                    \"Position\": \"3048.009 4903.172 130.9005\",\r\n                    \"GroundPosition\": \"0 0 0\",\r\n                    \"IsGroundPosition\": false,\r\n                    \"ContinentId\": 1116\r\n                  },\r\n                  \"Name\": \"Guzrug the Tiny\",\r\n                  \"EntryId\": 79189\r\n                }\r\n              ],\r\n              \"HotspotsX\": [\r\n                {\r\n                  \"Position\": \"3044.99 4901.574 130.6034\",\r\n                  \"GroundPosition\": \"0 0 0\",\r\n                  \"IsGroundPosition\": false,\r\n                  \"ContinentId\": 1116\r\n                }\r\n              ],\r\n              \"GossipIndex\": 1,\r\n              \"Dismount\": false,\r\n              \"GameObjectiveIndex\": 1,\r\n              \"RunTime\": 5.0\r\n            },\r\n            \"TimeLimit\": 0\r\n          },\r\n          {\r\n            \"$type\": \"Wait\",\r\n            \"Delay\": 5.0,\r\n            \"DelayMax\": 0.0\r\n          }\r\n        ],\r\n        \"IsSpecialElement\": true,\r\n        \"SpecialElementName\": \"Then\",\r\n        \"GroupName\": \"\"\r\n      },\r\n      \"Conditions\": [\r\n        {\r\n          \"Condition\": {\r\n            \"$type\": \"CSharpCondition\",\r\n            \"CSharpCode\": \"Me.Focus == null\"\r\n          },\r\n          \"IsNot\": false\r\n        },\r\n        {\r\n          \"Condition\": null,\r\n          \"IsNot\": false\r\n        },\r\n        {\r\n          \"Condition\": null,\r\n          \"IsNot\": false\r\n        },\r\n        {\r\n          \"Condition\": null,\r\n          \"IsNot\": false\r\n        }\r\n      ],\r\n      \"IsNot\": false\r\n    },\r\n    {\r\n      \"$type\": \"If\",\r\n      \"ActionsFalse\": {\r\n        \"Children\": [],\r\n        \"IsSpecialElement\": true,\r\n        \"SpecialElementName\": \"Else\",\r\n        \"GroupName\": \"\"\r\n      },\r\n      \"ActionsTrue\": {\r\n        \"Children\": [\r\n          {\r\n            \"$type\": \"While\",\r\n            \"LoopActions\": {\r\n              \"Children\": [\r\n                {\r\n                  \"$type\": \"Comment\",\r\n                  \"Text\": \"Acquiring Target...\",\r\n                  \"Color\": \"64, 128, 128\"\r\n                },\r\n                {\r\n                  \"$type\": \"CSharpAction\",\r\n                  \"CSharpCode\": \"QH.SetFocusUnit(76702)\"\r\n                },\r\n                {\r\n                  \"$type\": \"Wait\",\r\n                  \"Delay\": 2.0,\r\n                  \"DelayMax\": 3.0\r\n                }\r\n              ],\r\n              \"IsSpecialElement\": true,\r\n              \"SpecialElementName\": \"Do\",\r\n              \"GroupName\": \"\"\r\n            },\r\n            \"Conditions\": [\r\n              {\r\n                \"Condition\": {\r\n                  \"$type\": \"CSharpCondition\",\r\n                  \"CSharpCode\": \"Me.Focus == null\"\r\n                },\r\n                \"IsNot\": false\r\n              },\r\n              {\r\n                \"Condition\": null,\r\n                \"IsNot\": false\r\n              },\r\n              {\r\n                \"Condition\": null,\r\n                \"IsNot\": false\r\n              },\r\n              {\r\n                \"Condition\": null,\r\n                \"IsNot\": false\r\n              }\r\n            ],\r\n            \"IsNot\": false\r\n          },\r\n          {\r\n            \"$type\": \"If\",\r\n            \"ActionsFalse\": {\r\n              \"Children\": [],\r\n              \"IsSpecialElement\": true,\r\n              \"SpecialElementName\": \"Else\",\r\n              \"GroupName\": \"\"\r\n            },\r\n            \"ActionsTrue\": {\r\n              \"Children\": [\r\n                {\r\n                  \"$type\": \"CSharpAction\",\r\n                  \"CSharpCode\": \"QH.Fib = new Fiber<int>(QH.DemolisherGarrisonAbility());\\r\\nwhile(QH.Fib.Run())\\r\\n{\\r\\n\\tyield return 100;\\r\\n}\"\r\n                }\r\n              ],\r\n              \"IsSpecialElement\": true,\r\n              \"SpecialElementName\": \"Then\",\r\n              \"GroupName\": \"\"\r\n            },\r\n            \"Conditions\": [\r\n              {\r\n                \"Condition\": {\r\n                  \"$type\": \"CSharpCondition\",\r\n                  \"CSharpCode\": \"Me.Focus != null && !Me.Focus.IsDead\"\r\n                },\r\n                \"IsNot\": false\r\n              },\r\n              {\r\n                \"Condition\": null,\r\n                \"IsNot\": false\r\n              },\r\n              {\r\n                \"Condition\": null,\r\n                \"IsNot\": false\r\n              },\r\n              {\r\n                \"Condition\": null,\r\n                \"IsNot\": false\r\n              }\r\n            ],\r\n            \"IsNot\": false\r\n          }\r\n        ],\r\n        \"IsSpecialElement\": true,\r\n        \"SpecialElementName\": \"Then\",\r\n        \"GroupName\": \"\"\r\n      },\r\n      \"Conditions\": [\r\n        {\r\n          \"Condition\": {\r\n            \"$type\": \"CSharpCondition\",\r\n            \"CSharpCode\": \"QH.RemainingSpellCD(160241) == 0\"\r\n          },\r\n          \"IsNot\": false\r\n        },\r\n        {\r\n          \"Condition\": null,\r\n          \"IsNot\": false\r\n        },\r\n        {\r\n          \"Condition\": null,\r\n          \"IsNot\": false\r\n        },\r\n        {\r\n          \"Condition\": null,\r\n          \"IsNot\": false\r\n        }\r\n      ],\r\n      \"IsNot\": false\r\n    },\r\n    {\r\n      \"$type\": \"Wait\",\r\n      \"Delay\": 2.0,\r\n      \"DelayMax\": 3.0\r\n    },\r\n    {\r\n      \"$type\": \"If\",\r\n      \"ActionsFalse\": {\r\n        \"Children\": [],\r\n        \"IsSpecialElement\": true,\r\n        \"SpecialElementName\": \"Else\",\r\n        \"GroupName\": \"\"\r\n      },\r\n      \"ActionsTrue\": {\r\n        \"Children\": [\r\n          {\r\n            \"$type\": \"KillMobsTemplateScriptAction\",\r\n            \"Template\": {\r\n              \"$type\": \"KillMobsTemplate\",\r\n              \"TargetObjects\": [\r\n                {\r\n                  \"Hotspot\": {\r\n                    \"Position\": \"3037.667 4899.006 132.8533\",\r\n                    \"GroundPosition\": \"0 0 0\",\r\n                    \"IsGroundPosition\": false,\r\n                    \"ContinentId\": 1116\r\n                  },\r\n                  \"Name\": \"Crushmaul\",\r\n                  \"EntryId\": 76702\r\n                }\r\n              ],\r\n              \"HotspotsX\": [\r\n                {\r\n                  \"Position\": \"3016.304 4882.736 130.6034\",\r\n                  \"GroundPosition\": \"0 0 0\",\r\n                  \"IsGroundPosition\": false,\r\n                  \"ContinentId\": 1116\r\n                }\r\n              ],\r\n              \"Blackspots\": [],\r\n              \"ForceLoot\": false,\r\n              \"ForcePullMobs\": false,\r\n              \"GameObjectiveIndex\": 1,\r\n              \"RunTime\": 5.0\r\n            },\r\n            \"TimeLimit\": 10\r\n          }\r\n        ],\r\n        \"IsSpecialElement\": true,\r\n        \"SpecialElementName\": \"Then\",\r\n        \"GroupName\": \"\"\r\n      },\r\n      \"Conditions\": [\r\n        {\r\n          \"Condition\": {\r\n            \"$type\": \"CSharpCondition\",\r\n            \"CSharpCode\": \"HasQuest(34662) && !IsQuestInLogAndComplete(34662)\"\r\n          },\r\n          \"IsNot\": false\r\n        },\r\n        {\r\n          \"Condition\": null,\r\n          \"IsNot\": false\r\n        },\r\n        {\r\n          \"Condition\": null,\r\n          \"IsNot\": false\r\n        },\r\n        {\r\n          \"Condition\": null,\r\n          \"IsNot\": false\r\n        }\r\n      ],\r\n      \"IsNot\": false\r\n    }\r\n  ],\r\n  \"GroupName\": \"\"\r\n}",
  "ActionOrder": 1,
  "Actions": []
}