{
  "QuestID": 34723,
  "Version": 6,
  "FactionGroup": 1,
  "CreatedOn": "2016-04-12T08:25:02.1930175Z",
  "UpdatedOn": "2016-05-22T10:33:10.159562Z",
  "Comment": "",
  "CreatedBy": null,
  "AllowUpdates": false,
  "RecommendedLevel": 99,
  "Frequency": 1,
  "IsTask": true,
  "QuestStart": {
    "ObjectName": "AreaTrigger",
    "EntryId": 0,
    "AdditionalEntryIds": null,
    "ContinentId": 1116,
    "ZoneId": 6755,
    "Position": "2111.072 6919.218 2.014316",
    "TurnInType": 2,
    "MyFaction": 1
  },
  "UseScript": true,
  "ScriptText": "{\r\n  \"Children\": [\r\n    {\r\n      \"$type\": \"LoadCSharpScript\",\r\n      \"FileName\": \"DungeonM.cs\"\r\n    },\r\n    {\r\n      \"$type\": \"LoadCSharpScript\",\r\n      \"FileName\": \"WoDM.cs\"\r\n    },\r\n    {\r\n      \"$type\": \"LoadCSharpScript\",\r\n      \"FileName\": \"QH.cs\"\r\n    },\r\n    {\r\n      \"$type\": \"LoadCSharpScript\",\r\n      \"FileName\": \"Flight.cs\"\r\n    },\r\n    {\r\n      \"$type\": \"LoadCSharpScript\",\r\n      \"FileName\": \"DraenorZones.cs\"\r\n    },\r\n    {\r\n      \"$type\": \"LoadCSharpScript\",\r\n      \"FileName\": \"Localization.cs\"\r\n    },\r\n    {\r\n      \"$type\": \"LoadCSharpScript\",\r\n      \"FileName\": \"MeshM.cs\"\r\n    },\r\n    {\r\n      \"$type\": \"CSharpAction\",\r\n      \"CSharpCode\": \"// Initializing Instance and Injecting Custom API into Rebot\\r\\nQH.API = this;\\r\\nFlight.API = this;\\r\\nMeshM.API = this;\\r\\nMeshM.Initialize();\"\r\n    },\r\n    {\r\n      \"$type\": \"While\",\r\n      \"LoopActions\": {\r\n        \"Children\": [\r\n          {\r\n            \"$type\": \"If\",\r\n            \"ActionsFalse\": {\r\n              \"Children\": [],\r\n              \"IsSpecialElement\": true,\r\n              \"SpecialElementName\": \"Else\",\r\n              \"GroupName\": \"\"\r\n            },\r\n            \"ActionsTrue\": {\r\n              \"Children\": [\r\n                {\r\n                  \"$type\": \"AcceptQuestCommand\",\r\n                  \"QuestIds\": [\r\n                    34723\r\n                  ]\r\n                }\r\n              ],\r\n              \"IsSpecialElement\": true,\r\n              \"SpecialElementName\": \"Then\",\r\n              \"GroupName\": \"\"\r\n            },\r\n            \"Conditions\": [\r\n              {\r\n                \"Condition\": null,\r\n                \"IsNot\": false\r\n              },\r\n              {\r\n                \"Condition\": null,\r\n                \"IsNot\": false\r\n              },\r\n              {\r\n                \"Condition\": null,\r\n                \"IsNot\": false\r\n              },\r\n              {\r\n                \"Condition\": {\r\n                  \"$type\": \"CSharpCondition\",\r\n                  \"CSharpCode\": \"!HasQuest(34723)\"\r\n                },\r\n                \"IsNot\": false\r\n              }\r\n            ],\r\n            \"IsNot\": false\r\n          },\r\n          {\r\n            \"$type\": \"If\",\r\n            \"ActionsFalse\": {\r\n              \"Children\": [],\r\n              \"IsSpecialElement\": true,\r\n              \"SpecialElementName\": \"Else\",\r\n              \"GroupName\": \"\"\r\n            },\r\n            \"ActionsTrue\": {\r\n              \"Children\": [\r\n                {\r\n                  \"$type\": \"CSharpAction\",\r\n                  \"CSharpCode\": \"Vector3 destination = new Vector3(2226.6f, 7189.4f, 28.6f);\\r\\nMeshM.Fib = new Fiber<int>(MeshM.Navigate(destination));\\r\\nwhile(MeshM.Fib.Run())\\r\\n{\\r\\n\\tyield return 100;\\r\\n}\\r\\n\"\r\n                },\r\n                {\r\n                  \"$type\": \"KillMobsTemplateScriptAction\",\r\n                  \"Template\": {\r\n                    \"$type\": \"KillMobsTemplate\",\r\n                    \"TargetObjects\": [\r\n                      {\r\n                        \"Hotspot\": {\r\n                          \"Position\": \"2205.747 7167.661 34.17285\",\r\n                          \"GroundPosition\": \"0 0 0\",\r\n                          \"IsGroundPosition\": false,\r\n                          \"ContinentId\": 1116\r\n                        },\r\n                        \"Name\": \"General Kull'krosh\",\r\n                        \"EntryId\": 79588\r\n                      }\r\n                    ],\r\n                    \"HotspotsX\": [\r\n                      {\r\n                        \"Position\": \"2225.625 7187.918 28.60914\",\r\n                        \"GroundPosition\": \"0 0 0\",\r\n                        \"UseCTM\": true,\r\n                        \"IsGroundPosition\": false,\r\n                        \"ContinentId\": 1116\r\n                      }\r\n                    ],\r\n                    \"Blackspots\": [],\r\n                    \"ForceLoot\": false,\r\n                    \"ForcePullMobs\": false,\r\n                    \"GameObjectiveIndex\": 1,\r\n                    \"RunTime\": 5.0\r\n                  },\r\n                  \"TimeLimit\": 0\r\n                }\r\n              ],\r\n              \"IsSpecialElement\": true,\r\n              \"SpecialElementName\": \"Then\",\r\n              \"GroupName\": \"\"\r\n            },\r\n            \"Conditions\": [\r\n              {\r\n                \"Condition\": {\r\n                  \"$type\": \"CSharpCondition\",\r\n                  \"CSharpCode\": \"HasQuest(34723) && !IsQuestObjectiveComplete(34723,4)\"\r\n                },\r\n                \"IsNot\": false\r\n              },\r\n              {\r\n                \"Condition\": null,\r\n                \"IsNot\": false\r\n              },\r\n              {\r\n                \"Condition\": null,\r\n                \"IsNot\": false\r\n              },\r\n              {\r\n                \"Condition\": null,\r\n                \"IsNot\": false\r\n              }\r\n            ],\r\n            \"IsNot\": false\r\n          },\r\n          {\r\n            \"$type\": \"CSharpAction\",\r\n            \"CSharpCode\": \"Vector3 destination = new Vector3(2194.071f, 7107.626f, 2.441848f);\\r\\nMeshM.Fib = new Fiber<int>(MeshM.ExitMeshIfPlayerIsOnIt(15f,destination));\\r\\nwhile(MeshM.Fib.Run())\\r\\n{\\r\\n\\tyield return 100;\\r\\n}\"\r\n          },\r\n          {\r\n            \"$type\": \"If\",\r\n            \"ActionsFalse\": {\r\n              \"Children\": [],\r\n              \"IsSpecialElement\": true,\r\n              \"SpecialElementName\": \"Else\",\r\n              \"GroupName\": \"\"\r\n            },\r\n            \"ActionsTrue\": {\r\n              \"Children\": [\r\n                {\r\n                  \"$type\": \"CSharpAction\",\r\n                  \"CSharpCode\": \"while (!MoveTo(2177f, 7094f, 2.0f))\\r\\n{\\r\\n\\tyield return 100;\\r\\n}\\r\\n\"\r\n                },\r\n                {\r\n                  \"$type\": \"KillMobsTemplateScriptAction\",\r\n                  \"Template\": {\r\n                    \"$type\": \"KillMobsTemplate\",\r\n                    \"TargetObjects\": [\r\n                      {\r\n                        \"Hotspot\": {\r\n                          \"Position\": \"2128.52 7128.776 6.427967\",\r\n                          \"GroundPosition\": \"0 0 0\",\r\n                          \"IsGroundPosition\": false,\r\n                          \"ContinentId\": 1116\r\n                        },\r\n                        \"Name\": \"Rezlorg\",\r\n                        \"EntryId\": 79651\r\n                      }\r\n                    ],\r\n                    \"HotspotsX\": [\r\n                      {\r\n                        \"Position\": \"2147.78 7121.178 5.888776\",\r\n                        \"GroundPosition\": \"0 0 0\",\r\n                        \"IsGroundPosition\": false,\r\n                        \"ContinentId\": 1116\r\n                      }\r\n                    ],\r\n                    \"Blackspots\": [],\r\n                    \"ForceLoot\": false,\r\n                    \"ForcePullMobs\": false,\r\n                    \"GameObjectiveIndex\": 1,\r\n                    \"RunTime\": 5.0\r\n                  },\r\n                  \"TimeLimit\": 0\r\n                }\r\n              ],\r\n              \"IsSpecialElement\": true,\r\n              \"SpecialElementName\": \"Then\",\r\n              \"GroupName\": \"\"\r\n            },\r\n            \"Conditions\": [\r\n              {\r\n                \"Condition\": {\r\n                  \"$type\": \"CSharpCondition\",\r\n                  \"CSharpCode\": \"HasQuest(34723) && !IsQuestObjectiveComplete(34723,3)\"\r\n                },\r\n                \"IsNot\": false\r\n              },\r\n              {\r\n                \"Condition\": null,\r\n                \"IsNot\": false\r\n              },\r\n              {\r\n                \"Condition\": null,\r\n                \"IsNot\": false\r\n              },\r\n              {\r\n                \"Condition\": null,\r\n                \"IsNot\": false\r\n              }\r\n            ],\r\n            \"IsNot\": false\r\n          },\r\n          {\r\n            \"$type\": \"If\",\r\n            \"ActionsFalse\": {\r\n              \"Children\": [],\r\n              \"IsSpecialElement\": true,\r\n              \"SpecialElementName\": \"Else\",\r\n              \"GroupName\": \"\"\r\n            },\r\n            \"ActionsTrue\": {\r\n              \"Children\": [\r\n                {\r\n                  \"$type\": \"CollectObjectsTemplateScriptAction\",\r\n                  \"Template\": {\r\n                    \"$type\": \"CollectObjectsTemplate\",\r\n                    \"TargetObjects\": [\r\n                      {\r\n                        \"Hotspot\": {\r\n                          \"Position\": \"2110.344 7100.014 2.473324\",\r\n                          \"GroundPosition\": \"0 0 0\",\r\n                          \"IsGroundPosition\": false,\r\n                          \"ContinentId\": 1116\r\n                        },\r\n                        \"Name\": \"Iron Supply Crate\",\r\n                        \"EntryId\": 230653\r\n                      }\r\n                    ],\r\n                    \"HotspotsX\": [\r\n                      {\r\n                        \"Position\": \"2059.711 7104.649 2.072248\",\r\n                        \"GroundPosition\": \"0 0 0\",\r\n                        \"IsGroundPosition\": false,\r\n                        \"ContinentId\": 1116\r\n                      },\r\n                      {\r\n                        \"Position\": \"1984.907 7180.434 11.91697\",\r\n                        \"GroundPosition\": \"0 0 0\",\r\n                        \"IsGroundPosition\": false,\r\n                        \"ContinentId\": 1116\r\n                      }\r\n                    ],\r\n                    \"Blackspots\": [],\r\n                    \"IsLoot\": true,\r\n                    \"OpeningCast\": false,\r\n                    \"NoMovement\": false,\r\n                    \"GameObjectiveIndex\": 1,\r\n                    \"RunTime\": 5.0\r\n                  },\r\n                  \"TimeLimit\": 0\r\n                }\r\n              ],\r\n              \"IsSpecialElement\": true,\r\n              \"SpecialElementName\": \"Then\",\r\n              \"GroupName\": \"\"\r\n            },\r\n            \"Conditions\": [\r\n              {\r\n                \"Condition\": {\r\n                  \"$type\": \"CSharpCondition\",\r\n                  \"CSharpCode\": \"HasQuest(34723) && !IsQuestObjectiveComplete(34723,2)\"\r\n                },\r\n                \"IsNot\": false\r\n              },\r\n              {\r\n                \"Condition\": null,\r\n                \"IsNot\": false\r\n              },\r\n              {\r\n                \"Condition\": null,\r\n                \"IsNot\": false\r\n              },\r\n              {\r\n                \"Condition\": null,\r\n                \"IsNot\": false\r\n              }\r\n            ],\r\n            \"IsNot\": false\r\n          },\r\n          {\r\n            \"$type\": \"If\",\r\n            \"ActionsFalse\": {\r\n              \"Children\": [],\r\n              \"IsSpecialElement\": true,\r\n              \"SpecialElementName\": \"Else\",\r\n              \"GroupName\": \"\"\r\n            },\r\n            \"ActionsTrue\": {\r\n              \"Children\": [\r\n                {\r\n                  \"$type\": \"KillMobsTemplateScriptAction\",\r\n                  \"Template\": {\r\n                    \"$type\": \"KillMobsTemplate\",\r\n                    \"TargetObjects\": [\r\n                      {\r\n                        \"Hotspot\": {\r\n                          \"Position\": \"2229.507 7082.295 6.333267\",\r\n                          \"GroundPosition\": \"0 0 0\",\r\n                          \"IsGroundPosition\": false,\r\n                          \"ContinentId\": 1116\r\n                        },\r\n                        \"Name\": \"Iron Guard\",\r\n                        \"EntryId\": 79581\r\n                      },\r\n                      {\r\n                        \"Hotspot\": {\r\n                          \"Position\": \"2125.444 7056.875 1.891053\",\r\n                          \"GroundPosition\": \"0 0 0\",\r\n                          \"IsGroundPosition\": false,\r\n                          \"ContinentId\": 1116\r\n                        },\r\n                        \"Name\": \"Iron Arbalester\",\r\n                        \"EntryId\": 79584\r\n                      },\r\n                      {\r\n                        \"Hotspot\": {\r\n                          \"Position\": \"2128.205 7023.679 3.267627\",\r\n                          \"GroundPosition\": \"0 0 0\",\r\n                          \"IsGroundPosition\": false,\r\n                          \"ContinentId\": 1116\r\n                        },\r\n                        \"Name\": \"Warsong Initiate\",\r\n                        \"EntryId\": 79754\r\n                      }\r\n                    ],\r\n                    \"HotspotsX\": [\r\n                      {\r\n                        \"Position\": \"2136.003 7046.305 1.753784\",\r\n                        \"GroundPosition\": \"0 0 0\",\r\n                        \"IsGroundPosition\": false,\r\n                        \"ContinentId\": 1116\r\n                      },\r\n                      {\r\n                        \"Position\": \"2227.485 7062.097 5.846777\",\r\n                        \"GroundPosition\": \"0 0 0\",\r\n                        \"IsGroundPosition\": false,\r\n                        \"ContinentId\": 1116\r\n                      }\r\n                    ],\r\n                    \"Blackspots\": [\r\n                      \"2034 7015 15 25\",\r\n                      \"2043 7011 27 8.4\"\r\n                    ],\r\n                    \"ForceLoot\": false,\r\n                    \"ForcePullMobs\": false,\r\n                    \"GameObjectiveIndex\": 1,\r\n                    \"RunTime\": 5.0\r\n                  },\r\n                  \"TimeLimit\": 0\r\n                }\r\n              ],\r\n              \"IsSpecialElement\": true,\r\n              \"SpecialElementName\": \"Then\",\r\n              \"GroupName\": \"\"\r\n            },\r\n            \"Conditions\": [\r\n              {\r\n                \"Condition\": {\r\n                  \"$type\": \"CSharpCondition\",\r\n                  \"CSharpCode\": \"HasQuest(34723) && !IsQuestObjectiveComplete(34723,1)\"\r\n                },\r\n                \"IsNot\": false\r\n              },\r\n              {\r\n                \"Condition\": null,\r\n                \"IsNot\": false\r\n              },\r\n              {\r\n                \"Condition\": null,\r\n                \"IsNot\": false\r\n              },\r\n              {\r\n                \"Condition\": null,\r\n                \"IsNot\": false\r\n              }\r\n            ],\r\n            \"IsNot\": false\r\n          }\r\n        ],\r\n        \"IsSpecialElement\": true,\r\n        \"SpecialElementName\": \"Do\",\r\n        \"GroupName\": \"\"\r\n      },\r\n      \"Conditions\": [\r\n        {\r\n          \"Condition\": {\r\n            \"$type\": \"CSharpCondition\",\r\n            \"CSharpCode\": \"!IsQuestCompleted(34723)\"\r\n          },\r\n          \"IsNot\": false\r\n        },\r\n        {\r\n          \"Condition\": null,\r\n          \"IsNot\": false\r\n        },\r\n        {\r\n          \"Condition\": null,\r\n          \"IsNot\": false\r\n        },\r\n        {\r\n          \"Condition\": null,\r\n          \"IsNot\": false\r\n        }\r\n      ],\r\n      \"IsNot\": false\r\n    }\r\n  ],\r\n  \"GroupName\": \"\"\r\n}",
  "ActionOrder": 1,
  "Actions": []
}