{
  "QuestID": 34794,
  "Version": 10,
  "FactionGroup": 1,
  "CreatedOn": "2014-11-28T17:47:38.2216833Z",
  "UpdatedOn": "2015-08-11T08:51:21.5430377Z",
  "Comment": "",
  "CreatedBy": null,
  "AllowUpdates": false,
  "RecommendedLevel": 98,
  "Frequency": 1,
  "QuestStart": {
    "ObjectName": "Rokhan",
    "EntryId": 78487,
    "AdditionalEntryIds": null,
    "ContinentId": 1330,
    "ZoneId": 7004,
    "Position": "5614.007 4563.16 135.1946",
    "TurnInType": 0,
    "IsIndoors": true,
    "MyFaction": 0
  },
  "QuestEnd": {
    "ObjectName": "Stone Guard Brox",
    "EntryId": 80001,
    "AdditionalEntryIds": null,
    "ContinentId": 1116,
    "ZoneId": 6755,
    "Position": "2418.401 4406.193 208.7423",
    "TurnInType": 0,
    "MyFaction": 1
  },
  "ActionOrder": 1,
  "Actions": [
    {
      "$type": "GossipInteractionTemplate",
      "TargetObjects": [
        {
          "Hotspot": {
            "Position": "5575.775 4563.67 136.2915",
            "GroundPosition": "0 0 0",
            "IsGroundPosition": false,
            "ContinentId": 1330
          },
          "Name": "Bron Skyhorn",
          "EntryId": 79407
        }
      ],
      "HotspotsX": [
        {
          "Position": "5579.849 4565.179 136.2998",
          "GroundPosition": "0 0 0",
          "IsGroundPosition": false,
          "ContinentId": 1330
        }
      ],
      "GossipIndex": 2,
      "Dismount": false,
      "GameObjectiveIndex": 1,
      "RunTime": 5.0
    }
  ]
}