{
  "QuestID": 34809,
  "Version": 6,
  "FactionGroup": 1,
  "CreatedOn": "2014-11-29T16:23:42.7998771Z",
  "UpdatedOn": "2016-01-05T23:54:28.8795609Z",
  "Comment": "",
  "CreatedBy": null,
  "AllowUpdates": false,
  "RecommendedLevel": 98,
  "Frequency": 1,
  "QuestStart": {
    "ObjectName": "Gazmolf Futzwangler",
    "EntryId": 79201,
    "AdditionalEntryIds": null,
    "ContinentId": 1116,
    "ZoneId": 6755,
    "Position": "2942.579 5271.724 107.1628",
    "TurnInType": 0,
    "IsIndoors": true,
    "MyFaction": 0
  },
  "QuestEnd": {
    "ObjectName": "Gold-O-Matic 9000",
    "EntryId": 230882,
    "AdditionalEntryIds": [],
    "ContinentId": 1116,
    "ZoneId": 6755,
    "Position": "2942.258 5276.975 107.7395",
    "TurnInType": 1,
    "IsIndoors": true,
    "MyFaction": 1
  },
  "ActionOrder": 1,
  "Actions": [
    {
      "$type": "KillMobsTemplate",
      "TargetObjects": [
        {
          "Hotspot": {
            "Position": "2896.818 5388.144 49.19131",
            "GroundPosition": "0 0 0",
            "IsGroundPosition": false,
            "ContinentId": 1116
          },
          "Name": "Raging Crusher",
          "EntryId": 80144
        }
      ],
      "HotspotsX": [
        {
          "Position": "2908.764 5521.901 16.00285",
          "GroundPosition": "0 0 0",
          "IsGroundPosition": false,
          "ContinentId": 1116
        }
      ],
      "Blackspots": [],
      "ForceLoot": false,
      "ForcePullMobs": false,
      "GameObjectiveIndex": 1,
      "RunTime": 5.0
    }
  ]
}