{
  "QuestID": 34819,
  "Version": 5,
  "FactionGroup": 1,
  "CreatedOn": "2014-11-29T17:24:28.2210034Z",
  "UpdatedOn": "2015-10-25T06:17:12.5881083Z",
  "Comment": "",
  "CreatedBy": null,
  "AllowUpdates": false,
  "RecommendedLevel": 99,
  "Frequency": 1,
  "QuestStart": {
    "ObjectName": "Digrem Orebar",
    "EntryId": 81955,
    "AdditionalEntryIds": null,
    "ContinentId": 1116,
    "ZoneId": 6755,
    "Position": "2930.979 4812.316 128.1305",
    "TurnInType": 0,
    "IsIndoors": true,
    "MyFaction": 0
  },
  "ActionOrder": 1,
  "Actions": [
    {
      "$type": "CollectObjectsTemplate",
      "TargetObjects": [
        {
          "Hotspot": {
            "Position": "3390.784 5084.231 82.97429",
            "GroundPosition": "0 0 0",
            "IsGroundPosition": false,
            "ContinentId": 1116
          },
          "Name": "Nagrand Cherry",
          "EntryId": 232100
        }
      ],
      "HotspotsX": [
        {
          "Position": "3274.321 4862.035 115.1484",
          "GroundPosition": "0 0 0",
          "ContinentId": 1116
        },
        {
          "Position": "3385.41 4844.607 107.1012",
          "GroundPosition": "0 0 0",
          "ContinentId": 1116
        },
        {
          "Position": "3395.669 5105.099 78.16624",
          "GroundPosition": "0 0 0",
          "ContinentId": 1116
        },
        {
          "Position": "3522.342 5049.851 75.18875",
          "GroundPosition": "0 0 0",
          "ContinentId": 1116
        },
        {
          "Position": "3538.364 4885.558 107.3351",
          "GroundPosition": "0 0 0",
          "ContinentId": 1116
        }
      ],
      "Blackspots": [],
      "IsLoot": true,
      "OpeningCast": true,
      "NoMovement": false,
      "GameObjectiveIndex": 1,
      "RunTime": 5.0
    }
  ]
}