{
  "QuestID": 34810,
  "Version": 3,
  "FactionGroup": 1,
  "CreatedOn": "2014-11-29T16:18:17.4022989Z",
  "UpdatedOn": "2015-10-17T08:53:52.8226883Z",
  "Comment": "",
  "CreatedBy": null,
  "AllowUpdates": false,
  "RecommendedLevel": 98,
  "Frequency": 1,
  "QuestStart": {
    "ObjectName": "Gabby Goldsnap",
    "EntryId": 80184,
    "AdditionalEntryIds": null,
    "ContinentId": 1116,
    "ZoneId": 6755,
    "Position": "3074.786 4775.554 128.2754",
    "TurnInType": 0,
    "IsIndoors": true,
    "MyFaction": 0
  },
  "QuestEnd": {
    "ObjectName": "Gazmolf Futzwangler",
    "EntryId": 79201,
    "AdditionalEntryIds": null,
    "ContinentId": 1116,
    "ZoneId": 6755,
    "Position": "2942.579 5271.724 107.1628",
    "TurnInType": 0,
    "MyFaction": 1
  },
  "ActionOrder": 1,
  "Actions": []
}