{
  "QuestID": 34849,
  "Version": 4,
  "FactionGroup": 1,
  "CreatedOn": "2014-11-28T23:49:04.6929144Z",
  "UpdatedOn": "2015-08-12T08:18:45.6053793Z",
  "Comment": "",
  "CreatedBy": null,
  "AllowUpdates": false,
  "RecommendedLevel": 98,
  "Frequency": 1,
  "IsStory": true,
  "QuestStart": {
    "ObjectName": "Lantresor of the Blade",
    "EntryId": 80161,
    "AdditionalEntryIds": null,
    "ContinentId": 1116,
    "ZoneId": 6755,
    "Position": "2857.505 4460.763 175.8514",
    "TurnInType": 0,
    "IsIndoors": true,
    "MyFaction": 0
  },
  "ActionOrder": 1,
  "Actions": [
    {
      "$type": "KillMobsTemplate",
      "TargetObjects": [
        {
          "Hotspot": {
            "Position": "2873.717 4460.199 180.7704",
            "GroundPosition": "0 0 0",
            "IsGroundPosition": false,
            "ContinentId": 1116
          },
          "Name": "Instructor Luhk",
          "EntryId": 80236
        }
      ],
      "HotspotsX": [
        {
          "Position": "2866.694 4412.915 177.1145",
          "GroundPosition": "0 0 0",
          "IsGroundPosition": false,
          "ContinentId": 1116
        }
      ],
      "Blackspots": [],
      "ForceLoot": true,
      "ForcePullMobs": false,
      "GameObjectiveIndex": 1,
      "RunTime": 5.0
    }
  ]
}