{
  "QuestID": 34850,
  "Version": 6,
  "FactionGroup": 1,
  "CreatedOn": "2014-11-28T23:51:25.0550286Z",
  "UpdatedOn": "2015-08-12T07:55:20.3468851Z",
  "Comment": "",
  "CreatedBy": null,
  "AllowUpdates": false,
  "RecommendedLevel": 98,
  "Frequency": 1,
  "IsStory": true,
  "QuestStart": {
    "ObjectName": "Lantresor of the Blade",
    "EntryId": 80161,
    "AdditionalEntryIds": null,
    "ContinentId": 1116,
    "ZoneId": 6755,
    "Position": "2857.505 4460.763 175.8514",
    "TurnInType": 0,
    "IsIndoors": true,
    "MyFaction": 0
  },
  "ActionOrder": 1,
  "Actions": [
    {
      "$type": "CollectObjectsTemplate",
      "TargetObjects": [
        {
          "Hotspot": {
            "Position": "2831.54 4493.285 179.8619",
            "GroundPosition": "0 0 0",
            "IsGroundPosition": false,
            "IsIndoors": true,
            "ContinentId": 1116
          },
          "Name": "Burning Blade Locker",
          "EntryId": 233815
        },
        {
          "Hotspot": {
            "Position": "2759.707 4438.249 179.3848",
            "GroundPosition": "0 0 0",
            "ContinentId": 1116
          },
          "Name": "Burning Blade Locker",
          "EntryId": 230922
        }
      ],
      "HotspotsX": [
        {
          "Position": "2823.525 4484.205 179.8606",
          "GroundPosition": "0 0 0",
          "IsGroundPosition": false,
          "IsIndoors": true,
          "ContinentId": 1116
        },
        {
          "Position": "2764.627 4435.78 179.0707",
          "GroundPosition": "0 0 0",
          "IsGroundPosition": false,
          "IsIndoors": true,
          "ContinentId": 1116
        },
        {
          "Position": "2912.448 4447.84 183.0958",
          "GroundPosition": "0 0 0",
          "IsGroundPosition": false,
          "IsIndoors": true,
          "ContinentId": 1116
        },
        {
          "Position": "2915.554 4277.005 188.4622",
          "GroundPosition": "0 0 0",
          "IsGroundPosition": false,
          "IsIndoors": true,
          "ContinentId": 1116
        }
      ],
      "Blackspots": [
        "2726 4357 186 21.1"
      ],
      "IsLoot": true,
      "OpeningCast": false,
      "NoMovement": false,
      "GameObjectiveIndex": 1,
      "RunTime": 5.0
    }
  ]
}