{
  "QuestID": 34866,
  "Version": 2,
  "FactionGroup": 1,
  "CreatedOn": "2015-08-12T08:07:00.632181Z",
  "UpdatedOn": "2015-08-12T08:07:02.670371Z",
  "Comment": "",
  "CreatedBy": null,
  "AllowUpdates": false,
  "QuestStart": {
    "ObjectName": "Lantresor of the Blade",
    "EntryId": 80161,
    "AdditionalEntryIds": null,
    "ContinentId": 1116,
    "ZoneId": 6755,
    "Position": "2857.505 4460.763 175.8514",
    "TurnInType": 0,
    "IsIndoors": true,
    "MyFaction": 0
  },
  "QuestEnd": {
    "ObjectName": "Lantresor of the Blade",
    "EntryId": 80319,
    "AdditionalEntryIds": null,
    "ContinentId": 1116,
    "ZoneId": 6755,
    "Position": "2806.654 4200.726 170.0162",
    "TurnInType": 0,
    "IsIndoors": true,
    "MyFaction": 1
  },
  "ActionOrder": 1,
  "Actions": []
}