{
  "QuestID": 34869,
  "Version": 9,
  "FactionGroup": 1,
  "CreatedOn": "2014-11-29T15:31:40.4152624Z",
  "UpdatedOn": "2015-10-25T05:50:53.5697718Z",
  "Comment": "",
  "CreatedBy": null,
  "AllowUpdates": false,
  "RecommendedLevel": 99,
  "Frequency": 1,
  "QuestStart": {
    "ObjectName": "Digrem Orebar",
    "EntryId": 81955,
    "AdditionalEntryIds": null,
    "ContinentId": 1116,
    "ZoneId": 6755,
    "Position": "2930.979 4812.316 128.1295",
    "TurnInType": 0,
    "IsIndoors": true,
    "MyFaction": 0
  },
  "ActionOrder": 1,
  "Actions": [
    {
      "$type": "KillMobsTemplate",
      "TargetObjects": [
        {
          "Hotspot": {
            "Position": "2612.974 5068.861 128.4008",
            "GroundPosition": "0 0 0",
            "IsGroundPosition": false,
            "ContinentId": 1116
          },
          "Name": "Ravenous Windroc",
          "EntryId": 79851
        },
        {
          "Hotspot": {
            "Position": "2619.068 5396.025 132.7319",
            "GroundPosition": "0 0 0",
            "IsGroundPosition": false,
            "ContinentId": 1116
          },
          "Name": "Windroc",
          "EntryId": 79398
        }
      ],
      "HotspotsX": [
        {
          "Position": "3282.238 5297.232 75.24727",
          "GroundPosition": "0 0 0",
          "ContinentId": 1116
        }
      ],
      "Blackspots": [],
      "ForceLoot": false,
      "ForcePullMobs": true,
      "GameObjectiveIndex": 1,
      "RunTime": 5.0
    }
  ]
}