{
  "QuestID": 34881,
  "Version": 75,
  "FactionGroup": 1,
  "CreatedOn": "2014-11-29T01:45:20.8249461Z",
  "UpdatedOn": "2016-04-11T22:21:04.5323833Z",
  "Comment": "",
  "CreatedBy": null,
  "AllowUpdates": false,
  "RecommendedLevel": 98,
  "Frequency": 1,
  "QuestStart": {
    "ObjectName": "Incineratus",
    "EntryId": 80593,
    "AdditionalEntryIds": null,
    "ContinentId": 1116,
    "ZoneId": 6755,
    "Position": "4247.078 5259.914 66.14461",
    "TurnInType": 0,
    "MyFaction": 1
  },
  "UseScript": true,
  "ScriptText": "{\r\n  \"Children\": [\r\n    {\r\n      \"$type\": \"ActionSequence\",\r\n      \"Children\": [\r\n        {\r\n          \"$type\": \"LoadCSharpScript\",\r\n          \"FileName\": \"QH.cs\"\r\n        },\r\n        {\r\n          \"$type\": \"CSharpAction\",\r\n          \"CSharpCode\": \"QH.API = this;\"\r\n        },\r\n        {\r\n          \"$type\": \"While\",\r\n          \"LoopActions\": {\r\n            \"Children\": [\r\n              {\r\n                \"$type\": \"While\",\r\n                \"LoopActions\": {\r\n                  \"Children\": [\r\n                    {\r\n                      \"$type\": \"Comment\",\r\n                      \"Text\": \"Attuning to the Flame.\",\r\n                      \"Color\": \"64, 128, 128\"\r\n                    },\r\n                    {\r\n                      \"$type\": \"CollectObjectsTemplateScriptAction\",\r\n                      \"Template\": {\r\n                        \"$type\": \"CollectObjectsTemplate\",\r\n                        \"TargetObjects\": [\r\n                          {\r\n                            \"Hotspot\": {\r\n                              \"Position\": \"4579.393 5482.479 130.9178\",\r\n                              \"GroundPosition\": \"0 0 0\",\r\n                              \"IsGroundPosition\": false,\r\n                              \"ContinentId\": 1116\r\n                            },\r\n                            \"Name\": \"Pillar of Flame\",\r\n                            \"EntryId\": 230963\r\n                          }\r\n                        ],\r\n                        \"HotspotsX\": [\r\n                          {\r\n                            \"Position\": \"4567.687 5482.437 133.6355\",\r\n                            \"GroundPosition\": \"0 0 0\",\r\n                            \"IsGroundPosition\": false,\r\n                            \"ContinentId\": 1116\r\n                          }\r\n                        ],\r\n                        \"Blackspots\": [],\r\n                        \"IsLoot\": false,\r\n                        \"OpeningCast\": true,\r\n                        \"NoMovement\": false,\r\n                        \"GameObjectiveIndex\": 1,\r\n                        \"RunTime\": 5.0\r\n                      },\r\n                      \"TimeLimit\": 0\r\n                    }\r\n                  ],\r\n                  \"IsSpecialElement\": true,\r\n                  \"SpecialElementName\": \"Do\",\r\n                  \"GroupName\": \"\"\r\n                },\r\n                \"Conditions\": [\r\n                  {\r\n                    \"Condition\": {\r\n                      \"$type\": \"CSharpCondition\",\r\n                      \"CSharpCode\": \"HasQuest(34891) && !IsQuestObjectiveComplete(34891,3)\"\r\n                    },\r\n                    \"IsNot\": false\r\n                  },\r\n                  {\r\n                    \"Condition\": null,\r\n                    \"IsNot\": false\r\n                  },\r\n                  {\r\n                    \"Condition\": null,\r\n                    \"IsNot\": false\r\n                  },\r\n                  {\r\n                    \"Condition\": null,\r\n                    \"IsNot\": false\r\n                  }\r\n                ],\r\n                \"IsNot\": false\r\n              },\r\n              {\r\n                \"$type\": \"If\",\r\n                \"ActionsFalse\": {\r\n                  \"Children\": [],\r\n                  \"IsSpecialElement\": true,\r\n                  \"SpecialElementName\": \"Else\",\r\n                  \"GroupName\": \"\"\r\n                },\r\n                \"ActionsTrue\": {\r\n                  \"Children\": [\r\n                    {\r\n                      \"$type\": \"Comment\",\r\n                      \"Text\": \"Let's Go Kill the Volatile Flame Guardian\",\r\n                      \"Color\": \"64, 128, 128\"\r\n                    },\r\n                    {\r\n                      \"$type\": \"MoveTo\",\r\n                      \"Hotspot\": {\r\n                        \"Position\": \"4568.583 5528.386 133.1734\",\r\n                        \"GroundPosition\": \"0 0 0\",\r\n                        \"IsGroundPosition\": false,\r\n                        \"ContinentId\": 1116\r\n                      },\r\n                      \"Method\": \"Navi\"\r\n                    },\r\n                    {\r\n                      \"$type\": \"KillMobsTemplateScriptAction\",\r\n                      \"Template\": {\r\n                        \"$type\": \"KillMobsTemplate\",\r\n                        \"TargetObjects\": [\r\n                          {\r\n                            \"Hotspot\": {\r\n                              \"Position\": \"4606.605 5530.97 127.1021\",\r\n                              \"GroundPosition\": \"0 0 0\",\r\n                              \"IsGroundPosition\": false,\r\n                              \"ContinentId\": 1116\r\n                            },\r\n                            \"Name\": \"Volatile Flame Guardian\",\r\n                            \"EntryId\": 80376\r\n                          }\r\n                        ],\r\n                        \"HotspotsX\": [\r\n                          {\r\n                            \"Position\": \"4568.583 5528.386 133.1734\",\r\n                            \"GroundPosition\": \"0 0 0\",\r\n                            \"IsGroundPosition\": false,\r\n                            \"ContinentId\": 1116\r\n                          }\r\n                        ],\r\n                        \"Blackspots\": [],\r\n                        \"ForceLoot\": false,\r\n                        \"ForcePullMobs\": false,\r\n                        \"GameObjectiveIndex\": 1,\r\n                        \"RunTime\": 5.0\r\n                      },\r\n                      \"TimeLimit\": 0\r\n                    }\r\n                  ],\r\n                  \"IsSpecialElement\": true,\r\n                  \"SpecialElementName\": \"Then\",\r\n                  \"GroupName\": \"\"\r\n                },\r\n                \"Conditions\": [\r\n                  {\r\n                    \"Condition\": {\r\n                      \"$type\": \"CSharpCondition\",\r\n                      \"CSharpCode\": \"HasQuest(34893) && !IsQuestObjectiveComplete(34893,3)\"\r\n                    },\r\n                    \"IsNot\": false\r\n                  },\r\n                  {\r\n                    \"Condition\": null,\r\n                    \"IsNot\": false\r\n                  },\r\n                  {\r\n                    \"Condition\": null,\r\n                    \"IsNot\": false\r\n                  },\r\n                  {\r\n                    \"Condition\": null,\r\n                    \"IsNot\": false\r\n                  }\r\n                ],\r\n                \"IsNot\": false\r\n              },\r\n              {\r\n                \"$type\": \"While\",\r\n                \"LoopActions\": {\r\n                  \"Children\": [\r\n                    {\r\n                      \"$type\": \"CollectObjectsTemplateScriptAction\",\r\n                      \"Template\": {\r\n                        \"$type\": \"CollectObjectsTemplate\",\r\n                        \"TargetObjects\": [\r\n                          {\r\n                            \"Hotspot\": {\r\n                              \"Position\": \"4551.15 5536.467 134.4176\",\r\n                              \"GroundPosition\": \"0 0 0\",\r\n                              \"IsGroundPosition\": false,\r\n                              \"ContinentId\": 1116\r\n                            },\r\n                            \"Name\": \"Volatile Fire Spirit\",\r\n                            \"EntryId\": 80380\r\n                          },\r\n                          {\r\n                            \"Hotspot\": {\r\n                              \"Position\": \"4549.006 5551.503 136.6452\",\r\n                              \"GroundPosition\": \"0 0 0\",\r\n                              \"IsGroundPosition\": false,\r\n                              \"ContinentId\": 1116\r\n                            },\r\n                            \"Name\": \"Living Flame\",\r\n                            \"EntryId\": 80421\r\n                          }\r\n                        ],\r\n                        \"HotspotsX\": [\r\n                          {\r\n                            \"Position\": \"4551.755 5550.395 136.4973\",\r\n                            \"GroundPosition\": \"0 0 0\",\r\n                            \"IsGroundPosition\": false,\r\n                            \"ContinentId\": 1116\r\n                          },\r\n                          {\r\n                            \"Position\": \"4531.743 5617.019 145.5842\",\r\n                            \"GroundPosition\": \"0 0 0\",\r\n                            \"IsGroundPosition\": false,\r\n                            \"ContinentId\": 1116\r\n                          },\r\n                          {\r\n                            \"Position\": \"4566.734 5469.27 133.3167\",\r\n                            \"GroundPosition\": \"0 0 0\",\r\n                            \"IsGroundPosition\": false,\r\n                            \"ContinentId\": 1116\r\n                          }\r\n                        ],\r\n                        \"Blackspots\": [],\r\n                        \"IsLoot\": true,\r\n                        \"OpeningCast\": false,\r\n                        \"NoMovement\": false,\r\n                        \"GameObjectiveIndex\": 1,\r\n                        \"RunTime\": 5.0\r\n                      },\r\n                      \"TimeLimit\": 0\r\n                    }\r\n                  ],\r\n                  \"IsSpecialElement\": true,\r\n                  \"SpecialElementName\": \"Do\",\r\n                  \"GroupName\": \"\"\r\n                },\r\n                \"Conditions\": [\r\n                  {\r\n                    \"Condition\": {\r\n                      \"$type\": \"CSharpCondition\",\r\n                      \"CSharpCode\": \"HasQuest(34881) && !IsQuestObjectiveComplete(34881,3)\"\r\n                    },\r\n                    \"IsNot\": false\r\n                  },\r\n                  {\r\n                    \"Condition\": null,\r\n                    \"IsNot\": false\r\n                  },\r\n                  {\r\n                    \"Condition\": null,\r\n                    \"IsNot\": false\r\n                  },\r\n                  {\r\n                    \"Condition\": null,\r\n                    \"IsNot\": false\r\n                  }\r\n                ],\r\n                \"IsNot\": false\r\n              },\r\n              {\r\n                \"$type\": \"While\",\r\n                \"LoopActions\": {\r\n                  \"Children\": [\r\n                    {\r\n                      \"$type\": \"Comment\",\r\n                      \"Text\": \"Attuning to Water.\",\r\n                      \"Color\": \"64, 128, 128\"\r\n                    },\r\n                    {\r\n                      \"$type\": \"CallBlock\",\r\n                      \"Target\": \"Travel\"\r\n                    },\r\n                    {\r\n                      \"$type\": \"CollectObjectsTemplateScriptAction\",\r\n                      \"Template\": {\r\n                        \"$type\": \"CollectObjectsTemplate\",\r\n                        \"TargetObjects\": [\r\n                          {\r\n                            \"Hotspot\": {\r\n                              \"Position\": \"4529.278 5121.21 246.2648\",\r\n                              \"GroundPosition\": \"0 0 0\",\r\n                              \"IsGroundPosition\": false,\r\n                              \"ContinentId\": 1116\r\n                            },\r\n                            \"Name\": \"Pillar of Water\",\r\n                            \"EntryId\": 230964\r\n                          }\r\n                        ],\r\n                        \"HotspotsX\": [\r\n                          {\r\n                            \"Position\": \"4541.435 5139.79 250.2419\",\r\n                            \"GroundPosition\": \"4541.435 5139.79 248.8495\",\r\n                            \"IsGroundPosition\": false,\r\n                            \"ContinentId\": 1116\r\n                          }\r\n                        ],\r\n                        \"Blackspots\": [],\r\n                        \"IsLoot\": false,\r\n                        \"OpeningCast\": true,\r\n                        \"NoMovement\": false,\r\n                        \"GameObjectiveIndex\": 1,\r\n                        \"RunTime\": 5.0\r\n                      },\r\n                      \"TimeLimit\": 0\r\n                    }\r\n                  ],\r\n                  \"IsSpecialElement\": true,\r\n                  \"SpecialElementName\": \"Do\",\r\n                  \"GroupName\": \"\"\r\n                },\r\n                \"Conditions\": [\r\n                  {\r\n                    \"Condition\": {\r\n                      \"$type\": \"CSharpCondition\",\r\n                      \"CSharpCode\": \"HasQuest(34891) && !IsQuestObjectiveComplete(34891,4)\"\r\n                    },\r\n                    \"IsNot\": false\r\n                  },\r\n                  {\r\n                    \"Condition\": null,\r\n                    \"IsNot\": false\r\n                  },\r\n                  {\r\n                    \"Condition\": null,\r\n                    \"IsNot\": false\r\n                  },\r\n                  {\r\n                    \"Condition\": null,\r\n                    \"IsNot\": false\r\n                  }\r\n                ],\r\n                \"IsNot\": false\r\n              },\r\n              {\r\n                \"$type\": \"If\",\r\n                \"ActionsFalse\": {\r\n                  \"Children\": [],\r\n                  \"IsSpecialElement\": true,\r\n                  \"SpecialElementName\": \"Else\",\r\n                  \"GroupName\": \"\"\r\n                },\r\n                \"ActionsTrue\": {\r\n                  \"Children\": [\r\n                    {\r\n                      \"$type\": \"Comment\",\r\n                      \"Text\": \"\\\"Treasure: A Pile of Dirt\\\"\",\r\n                      \"Color\": \"0, 128, 255\"\r\n                    },\r\n                    {\r\n                      \"$type\": \"CallBlock\",\r\n                      \"Target\": \"Travel\"\r\n                    },\r\n                    {\r\n                      \"$type\": \"MoveTo\",\r\n                      \"Hotspot\": {\r\n                        \"Position\": \"4534.347 5164.875 301.7189\",\r\n                        \"GroundPosition\": \"0 0 0\",\r\n                        \"IsGroundPosition\": false,\r\n                        \"ContinentId\": 1116\r\n                      },\r\n                      \"Method\": \"Navi\"\r\n                    },\r\n                    {\r\n                      \"$type\": \"CSharpAction\",\r\n                      \"CSharpCode\": \"DisableCombat = true;\"\r\n                    },\r\n                    {\r\n                      \"$type\": \"MoveTo\",\r\n                      \"Hotspot\": {\r\n                        \"Position\": \"4527.72 5161.394 298.9883\",\r\n                        \"GroundPosition\": \"0 0 0\",\r\n                        \"NoMount\": true,\r\n                        \"IsGroundPosition\": false,\r\n                        \"ContinentId\": 1116\r\n                      },\r\n                      \"Method\": \"Navi\"\r\n                    },\r\n                    {\r\n                      \"$type\": \"MoveTo\",\r\n                      \"Hotspot\": {\r\n                        \"Position\": \"4510.29 5165.457 276.718\",\r\n                        \"GroundPosition\": \"0 0 0\",\r\n                        \"UseCTM\": true,\r\n                        \"NoMount\": true,\r\n                        \"IsGroundPosition\": false,\r\n                        \"ContinentId\": 1116\r\n                      }\r\n                    },\r\n                    {\r\n                      \"$type\": \"CollectObjectsTemplateScriptAction\",\r\n                      \"Template\": {\r\n                        \"$type\": \"CollectObjectsTemplate\",\r\n                        \"TargetObjects\": [\r\n                          {\r\n                            \"Hotspot\": {\r\n                              \"Position\": \"4514.324 5161.796 275.3882\",\r\n                              \"GroundPosition\": \"0 0 0\",\r\n                              \"IsGroundPosition\": false,\r\n                              \"ContinentId\": 1116\r\n                            },\r\n                            \"Name\": \"A Pile of Dirt\",\r\n                            \"EntryId\": 233452\r\n                          }\r\n                        ],\r\n                        \"HotspotsX\": [],\r\n                        \"Blackspots\": [],\r\n                        \"IsLoot\": true,\r\n                        \"OpeningCast\": false,\r\n                        \"NoMovement\": false,\r\n                        \"GameObjectiveIndex\": 1,\r\n                        \"RunTime\": 5.0\r\n                      },\r\n                      \"TimeLimit\": 0\r\n                    },\r\n                    {\r\n                      \"$type\": \"MoveTo\",\r\n                      \"Hotspot\": {\r\n                        \"Position\": \"4520.665 5142.143 250.1859\",\r\n                        \"GroundPosition\": \"0 0 0\",\r\n                        \"UseCTM\": true,\r\n                        \"NoMount\": true,\r\n                        \"IsGroundPosition\": false,\r\n                        \"ContinentId\": 1116\r\n                      }\r\n                    },\r\n                    {\r\n                      \"$type\": \"CSharpAction\",\r\n                      \"CSharpCode\": \"DisableCombat = false;\"\r\n                    }\r\n                  ],\r\n                  \"IsSpecialElement\": true,\r\n                  \"SpecialElementName\": \"Then\",\r\n                  \"GroupName\": \"\"\r\n                },\r\n                \"Conditions\": [\r\n                  {\r\n                    \"Condition\": {\r\n                      \"$type\": \"CSharpCondition\",\r\n                      \"CSharpCode\": \"!IsQuestCompleted(35951)\"\r\n                    },\r\n                    \"IsNot\": false\r\n                  },\r\n                  {\r\n                    \"Condition\": null,\r\n                    \"IsNot\": false\r\n                  },\r\n                  {\r\n                    \"Condition\": null,\r\n                    \"IsNot\": false\r\n                  },\r\n                  {\r\n                    \"Condition\": null,\r\n                    \"IsNot\": false\r\n                  }\r\n                ],\r\n                \"IsNot\": false\r\n              },\r\n              {\r\n                \"$type\": \"If\",\r\n                \"ActionsFalse\": {\r\n                  \"Children\": [],\r\n                  \"IsSpecialElement\": true,\r\n                  \"SpecialElementName\": \"Else\",\r\n                  \"GroupName\": \"\"\r\n                },\r\n                \"ActionsTrue\": {\r\n                  \"Children\": [\r\n                    {\r\n                      \"$type\": \"Comment\",\r\n                      \"Text\": \"\\\"RARE: Fangler\\\"\",\r\n                      \"Color\": \"0, 128, 255\"\r\n                    },\r\n                    {\r\n                      \"$type\": \"CallBlock\",\r\n                      \"Target\": \"Travel\"\r\n                    },\r\n                    {\r\n                      \"$type\": \"MoveTo\",\r\n                      \"Hotspot\": {\r\n                        \"Position\": \"4516.018 5030.408 248.2695\",\r\n                        \"GroundPosition\": \"0 0 0\",\r\n                        \"IsGroundPosition\": false,\r\n                        \"ContinentId\": 1116\r\n                      },\r\n                      \"Method\": \"Navi\"\r\n                    },\r\n                    {\r\n                      \"$type\": \"If\",\r\n                      \"ActionsFalse\": {\r\n                        \"Children\": [],\r\n                        \"IsSpecialElement\": true,\r\n                        \"SpecialElementName\": \"Else\",\r\n                        \"GroupName\": \"\"\r\n                      },\r\n                      \"ActionsTrue\": {\r\n                        \"Children\": [\r\n                          {\r\n                            \"$type\": \"Comment\",\r\n                            \"Text\": \"Demolisher Outpost Ability is Not Yet Ready. Let's Just Wait a Moment For It. This NPC is Tough...\",\r\n                            \"Color\": \"64, 128, 128\"\r\n                          },\r\n                          {\r\n                            \"$type\": \"CSharpAction\",\r\n                            \"CSharpCode\": \"QH.Fib = new Fiber<int>(QH.WaitForSpell(160241));\\r\\nwhile (QH.Fib.Run())\\r\\n{\\r\\n\\tyield return 100;\\r\\n}\"\r\n                          }\r\n                        ],\r\n                        \"IsSpecialElement\": true,\r\n                        \"SpecialElementName\": \"Then\",\r\n                        \"GroupName\": \"\"\r\n                      },\r\n                      \"Conditions\": [\r\n                        {\r\n                          \"Condition\": {\r\n                            \"$type\": \"CSharpCondition\",\r\n                            \"CSharpCode\": \"QH.RemainingSpellCD(160241) != 0 && !Me.IsOnTransport\"\r\n                          },\r\n                          \"IsNot\": false\r\n                        },\r\n                        {\r\n                          \"Condition\": null,\r\n                          \"IsNot\": false\r\n                        },\r\n                        {\r\n                          \"Condition\": null,\r\n                          \"IsNot\": false\r\n                        },\r\n                        {\r\n                          \"Condition\": null,\r\n                          \"IsNot\": false\r\n                        }\r\n                      ],\r\n                      \"IsNot\": false\r\n                    },\r\n                    {\r\n                      \"$type\": \"CSharpAction\",\r\n                      \"CSharpCode\": \"Me.ClearFocus();\\r\\n\"\r\n                    },\r\n                    {\r\n                      \"$type\": \"If\",\r\n                      \"ActionsFalse\": {\r\n                        \"Children\": [],\r\n                        \"IsSpecialElement\": true,\r\n                        \"SpecialElementName\": \"Else\",\r\n                        \"GroupName\": \"\"\r\n                      },\r\n                      \"ActionsTrue\": {\r\n                        \"Children\": [\r\n                          {\r\n                            \"$type\": \"CSharpAction\",\r\n                            \"CSharpCode\": \"QH.UseGuildBanner();\"\r\n                          }\r\n                        ],\r\n                        \"IsSpecialElement\": true,\r\n                        \"SpecialElementName\": \"Then\",\r\n                        \"GroupName\": \"\"\r\n                      },\r\n                      \"Conditions\": [\r\n                        {\r\n                          \"Condition\": {\r\n                            \"$type\": \"CSharpCondition\",\r\n                            \"CSharpCode\": \"QH.BannerAvailable() && Me.Level < 100 && !QH.HasGuildBannerAura()\"\r\n                          },\r\n                          \"IsNot\": false\r\n                        },\r\n                        {\r\n                          \"Condition\": null,\r\n                          \"IsNot\": false\r\n                        },\r\n                        {\r\n                          \"Condition\": null,\r\n                          \"IsNot\": false\r\n                        },\r\n                        {\r\n                          \"Condition\": null,\r\n                          \"IsNot\": false\r\n                        }\r\n                      ],\r\n                      \"IsNot\": false\r\n                    },\r\n                    {\r\n                      \"$type\": \"While\",\r\n                      \"LoopActions\": {\r\n                        \"Children\": [\r\n                          {\r\n                            \"$type\": \"Comment\",\r\n                            \"Text\": \"Waiting For Fishing line...\",\r\n                            \"Color\": \"64, 128, 128\"\r\n                          },\r\n                          {\r\n                            \"$type\": \"Wait\",\r\n                            \"Delay\": 2.0,\r\n                            \"DelayMax\": 3.0\r\n                          }\r\n                        ],\r\n                        \"IsSpecialElement\": true,\r\n                        \"SpecialElementName\": \"Do\",\r\n                        \"GroupName\": \"\"\r\n                      },\r\n                      \"Conditions\": [\r\n                        {\r\n                          \"Condition\": {\r\n                            \"$type\": \"CSharpCondition\",\r\n                            \"CSharpCode\": \"bool result = true;\\r\\nforeach (var unit in GameObjects)\\r\\n{\\r\\n\\tif (unit.EntryID == 233235)\\r\\n\\t{\\r\\n\\t\\tresult = false;\\r\\n\\t\\tbreak;\\r\\n\\t}\\r\\n}\\r\\nreturn result;\"\r\n                          },\r\n                          \"IsNot\": false\r\n                        },\r\n                        {\r\n                          \"Condition\": null,\r\n                          \"IsNot\": false\r\n                        },\r\n                        {\r\n                          \"Condition\": null,\r\n                          \"IsNot\": false\r\n                        },\r\n                        {\r\n                          \"Condition\": null,\r\n                          \"IsNot\": false\r\n                        }\r\n                      ],\r\n                      \"IsNot\": false\r\n                    },\r\n                    {\r\n                      \"$type\": \"Comment\",\r\n                      \"Text\": \"Abandoned Fishing Rod Found!!\",\r\n                      \"Color\": \"64, 128, 128\"\r\n                    },\r\n                    {\r\n                      \"$type\": \"MoveTo\",\r\n                      \"Hotspot\": {\r\n                        \"Position\": \"4513.342 5032.874 248.8582\",\r\n                        \"GroundPosition\": \"0 0 0\",\r\n                        \"IsGroundPosition\": false,\r\n                        \"ContinentId\": 1116\r\n                      },\r\n                      \"Method\": \"Navi\"\r\n                    },\r\n                    {\r\n                      \"$type\": \"While\",\r\n                      \"LoopActions\": {\r\n                        \"Children\": [\r\n                          {\r\n                            \"$type\": \"CSharpAction\",\r\n                            \"CSharpCode\": \"Print(\\\"Activating Demolisher!\\\");\\r\\nDisableCombat = true;\\r\\nMoveToStop();\\r\\nExecuteLua(\\\"DraenorZoneAbilityFrame:Show(); DraenorZoneAbilityFrame.SpellButton:Click()\\\");\\r\\nyield return 3500;\\r\\n\"\r\n                          }\r\n                        ],\r\n                        \"IsSpecialElement\": true,\r\n                        \"SpecialElementName\": \"Do\",\r\n                        \"GroupName\": \"\"\r\n                      },\r\n                      \"Conditions\": [\r\n                        {\r\n                          \"Condition\": {\r\n                            \"$type\": \"CSharpCondition\",\r\n                            \"CSharpCode\": \"!Me.IsOnTransport\"\r\n                          },\r\n                          \"IsNot\": false\r\n                        },\r\n                        {\r\n                          \"Condition\": null,\r\n                          \"IsNot\": false\r\n                        },\r\n                        {\r\n                          \"Condition\": null,\r\n                          \"IsNot\": false\r\n                        },\r\n                        {\r\n                          \"Condition\": null,\r\n                          \"IsNot\": false\r\n                        }\r\n                      ],\r\n                      \"IsNot\": false\r\n                    },\r\n                    {\r\n                      \"$type\": \"While\",\r\n                      \"LoopActions\": {\r\n                        \"Children\": [\r\n                          {\r\n                            \"$type\": \"Comment\",\r\n                            \"Text\": \"Pulling the Rod!!!\",\r\n                            \"Color\": \"64, 128, 128\"\r\n                          },\r\n                          {\r\n                            \"$type\": \"GossipTemplateScriptAction\",\r\n                            \"Template\": {\r\n                              \"$type\": \"GossipInteractionTemplate\",\r\n                              \"TargetObjects\": [\r\n                                {\r\n                                  \"Hotspot\": {\r\n                                    \"Position\": \"4511.143 5033.73 248.908\",\r\n                                    \"GroundPosition\": \"0 0 0\",\r\n                                    \"IsGroundPosition\": false,\r\n                                    \"IsOnTransport\": true,\r\n                                    \"ContinentId\": 1116\r\n                                  },\r\n                                  \"Name\": \"Abandoned Fishing Rod\",\r\n                                  \"EntryId\": 233235\r\n                                }\r\n                              ],\r\n                              \"HotspotsX\": [\r\n                                {\r\n                                  \"Position\": \"4514.549 5032.671 251.7293\",\r\n                                  \"GroundPosition\": \"0 0 0\",\r\n                                  \"IsGroundPosition\": false,\r\n                                  \"IsOnTransport\": true,\r\n                                  \"ContinentId\": 1116\r\n                                }\r\n                              ],\r\n                              \"GossipIndex\": 1,\r\n                              \"Dismount\": false,\r\n                              \"GameObjectiveIndex\": 1,\r\n                              \"RunTime\": 5.0\r\n                            },\r\n                            \"TimeLimit\": 5\r\n                          },\r\n                          {\r\n                            \"$type\": \"Wait\",\r\n                            \"Delay\": 1.0,\r\n                            \"DelayMax\": 0.0\r\n                          }\r\n                        ],\r\n                        \"IsSpecialElement\": true,\r\n                        \"SpecialElementName\": \"Do\",\r\n                        \"GroupName\": \"\"\r\n                      },\r\n                      \"Conditions\": [\r\n                        {\r\n                          \"Condition\": {\r\n                            \"$type\": \"CSharpCondition\",\r\n                            \"CSharpCode\": \"bool result = true;\\r\\nforeach (var unit in Units)\\r\\n{\\r\\n\\tif (unit.EntryID == 82975)\\r\\n\\t{\\r\\n\\t\\tresult = false;\\r\\n\\t\\tbreak;\\r\\n\\t}\\r\\n}\\r\\nreturn result;\"\r\n                          },\r\n                          \"IsNot\": false\r\n                        },\r\n                        {\r\n                          \"Condition\": null,\r\n                          \"IsNot\": false\r\n                        },\r\n                        {\r\n                          \"Condition\": null,\r\n                          \"IsNot\": false\r\n                        },\r\n                        {\r\n                          \"Condition\": null,\r\n                          \"IsNot\": false\r\n                        }\r\n                      ],\r\n                      \"IsNot\": false\r\n                    },\r\n                    {\r\n                      \"$type\": \"While\",\r\n                      \"LoopActions\": {\r\n                        \"Children\": [\r\n                          {\r\n                            \"$type\": \"CSharpAction\",\r\n                            \"CSharpCode\": \"QH.SetFocusUnit(82975)\"\r\n                          },\r\n                          {\r\n                            \"$type\": \"Wait\",\r\n                            \"Delay\": 1.0,\r\n                            \"DelayMax\": 1.0\r\n                          }\r\n                        ],\r\n                        \"IsSpecialElement\": true,\r\n                        \"SpecialElementName\": \"Do\",\r\n                        \"GroupName\": \"\"\r\n                      },\r\n                      \"Conditions\": [\r\n                        {\r\n                          \"Condition\": {\r\n                            \"$type\": \"CSharpCondition\",\r\n                            \"CSharpCode\": \"Me.Focus == null && !IsQuestCompleted(35836)\"\r\n                          },\r\n                          \"IsNot\": false\r\n                        },\r\n                        {\r\n                          \"Condition\": null,\r\n                          \"IsNot\": false\r\n                        },\r\n                        {\r\n                          \"Condition\": null,\r\n                          \"IsNot\": false\r\n                        },\r\n                        {\r\n                          \"Condition\": null,\r\n                          \"IsNot\": false\r\n                        }\r\n                      ],\r\n                      \"IsNot\": false\r\n                    },\r\n                    {\r\n                      \"$type\": \"Comment\",\r\n                      \"Text\": \"\\\"Fangler Has Been Found!\\\"\",\r\n                      \"Color\": \"0, 128, 192\"\r\n                    },\r\n                    {\r\n                      \"$type\": \"If\",\r\n                      \"ActionsFalse\": {\r\n                        \"Children\": [],\r\n                        \"IsSpecialElement\": true,\r\n                        \"SpecialElementName\": \"Else\",\r\n                        \"GroupName\": \"\"\r\n                      },\r\n                      \"ActionsTrue\": {\r\n                        \"Children\": [\r\n                          {\r\n                            \"$type\": \"CSharpAction\",\r\n                            \"CSharpCode\": \"Vector3 loc1 = new Vector3(4480.8f, 5047.8f, 213.8f);\\r\\n\\r\\nwhile (Me.Distance2DTo(loc1) > 5 && !CTM(loc1))\\r\\n{\\r\\n\\tyield return 100;\\r\\n}\\r\\n\"\r\n                          }\r\n                        ],\r\n                        \"IsSpecialElement\": true,\r\n                        \"SpecialElementName\": \"Then\",\r\n                        \"GroupName\": \"\"\r\n                      },\r\n                      \"Conditions\": [\r\n                        {\r\n                          \"Condition\": {\r\n                            \"$type\": \"CSharpCondition\",\r\n                            \"CSharpCode\": \"Me.Focus != null\"\r\n                          },\r\n                          \"IsNot\": false\r\n                        },\r\n                        {\r\n                          \"Condition\": null,\r\n                          \"IsNot\": false\r\n                        },\r\n                        {\r\n                          \"Condition\": null,\r\n                          \"IsNot\": false\r\n                        },\r\n                        {\r\n                          \"Condition\": null,\r\n                          \"IsNot\": false\r\n                        }\r\n                      ],\r\n                      \"IsNot\": false\r\n                    },\r\n                    {\r\n                      \"$type\": \"While\",\r\n                      \"LoopActions\": {\r\n                        \"Children\": [\r\n                          {\r\n                            \"$type\": \"CallBlock\",\r\n                            \"Target\": \"Garrison Ability\"\r\n                          },\r\n                          {\r\n                            \"$type\": \"While\",\r\n                            \"LoopActions\": {\r\n                              \"Children\": [\r\n                                {\r\n                                  \"$type\": \"CSharpAction\",\r\n                                  \"CSharpCode\": \"ExecuteLua(\\\"OverrideActionBarLeaveFrameLeaveButton:Click()\\\");\\r\\nyield return 2000;\\r\\n\"\r\n                                }\r\n                              ],\r\n                              \"IsSpecialElement\": true,\r\n                              \"SpecialElementName\": \"Do\",\r\n                              \"GroupName\": \"\"\r\n                            },\r\n                            \"Conditions\": [\r\n                              {\r\n                                \"Condition\": {\r\n                                  \"$type\": \"CSharpCondition\",\r\n                                  \"CSharpCode\": \"Me.IsOnTransport\"\r\n                                },\r\n                                \"IsNot\": false\r\n                              },\r\n                              {\r\n                                \"Condition\": null,\r\n                                \"IsNot\": false\r\n                              },\r\n                              {\r\n                                \"Condition\": null,\r\n                                \"IsNot\": false\r\n                              },\r\n                              {\r\n                                \"Condition\": null,\r\n                                \"IsNot\": false\r\n                              }\r\n                            ],\r\n                            \"IsNot\": false\r\n                          },\r\n                          {\r\n                            \"$type\": \"CSharpAction\",\r\n                            \"CSharpCode\": \"DisableCombat = false;\\r\\n\"\r\n                          }\r\n                        ],\r\n                        \"IsSpecialElement\": true,\r\n                        \"SpecialElementName\": \"Do\",\r\n                        \"GroupName\": \"\"\r\n                      },\r\n                      \"Conditions\": [\r\n                        {\r\n                          \"Condition\": {\r\n                            \"$type\": \"CSharpCondition\",\r\n                            \"CSharpCode\": \"Me.Focus != null && !IsQuestCompleted(35836)\"\r\n                          },\r\n                          \"IsNot\": false\r\n                        },\r\n                        {\r\n                          \"Condition\": null,\r\n                          \"IsNot\": false\r\n                        },\r\n                        {\r\n                          \"Condition\": null,\r\n                          \"IsNot\": false\r\n                        },\r\n                        {\r\n                          \"Condition\": null,\r\n                          \"IsNot\": false\r\n                        }\r\n                      ],\r\n                      \"IsNot\": false,\r\n                      \"CheckFrequently\": true\r\n                    },\r\n                    {\r\n                      \"$type\": \"Wait\",\r\n                      \"Delay\": 2.0,\r\n                      \"DelayMax\": 0.0\r\n                    },\r\n                    {\r\n                      \"$type\": \"CSharpAction\",\r\n                      \"CSharpCode\": \"DisableCombat = false;\\r\\n\"\r\n                    },\r\n                    {\r\n                      \"$type\": \"MoveTo\",\r\n                      \"Hotspot\": {\r\n                        \"Position\": \"4498.479 5030.637 244.6177\",\r\n                        \"GroundPosition\": \"0 0 0\",\r\n                        \"UseCTM\": true,\r\n                        \"IsGroundPosition\": false,\r\n                        \"InWater\": true,\r\n                        \"ContinentId\": 1116\r\n                      }\r\n                    },\r\n                    {\r\n                      \"$type\": \"MoveTo\",\r\n                      \"Hotspot\": {\r\n                        \"Position\": \"4503.966 5021.019 246.6705\",\r\n                        \"GroundPosition\": \"0 0 0\",\r\n                        \"UseCTM\": true,\r\n                        \"IsGroundPosition\": false,\r\n                        \"ContinentId\": 1116\r\n                      }\r\n                    },\r\n                    {\r\n                      \"$type\": \"MoveTo\",\r\n                      \"Hotspot\": {\r\n                        \"Position\": \"4510.129 5013.342 248.2417\",\r\n                        \"GroundPosition\": \"0 0 0\",\r\n                        \"UseCTM\": true,\r\n                        \"IsGroundPosition\": false,\r\n                        \"ContinentId\": 1116\r\n                      }\r\n                    }\r\n                  ],\r\n                  \"IsSpecialElement\": true,\r\n                  \"SpecialElementName\": \"Then\",\r\n                  \"GroupName\": \"\"\r\n                },\r\n                \"Conditions\": [\r\n                  {\r\n                    \"Condition\": {\r\n                      \"$type\": \"CSharpCondition\",\r\n                      \"CSharpCode\": \"!IsQuestCompleted(35836)\"\r\n                    },\r\n                    \"IsNot\": false\r\n                  },\r\n                  {\r\n                    \"Condition\": null,\r\n                    \"IsNot\": false\r\n                  },\r\n                  {\r\n                    \"Condition\": null,\r\n                    \"IsNot\": false\r\n                  },\r\n                  {\r\n                    \"Condition\": null,\r\n                    \"IsNot\": false\r\n                  }\r\n                ],\r\n                \"IsNot\": false\r\n              },\r\n              {\r\n                \"$type\": \"If\",\r\n                \"ActionsFalse\": {\r\n                  \"Children\": [],\r\n                  \"IsSpecialElement\": true,\r\n                  \"SpecialElementName\": \"Else\",\r\n                  \"GroupName\": \"\"\r\n                },\r\n                \"ActionsTrue\": {\r\n                  \"Children\": [\r\n                    {\r\n                      \"$type\": \"Comment\",\r\n                      \"Text\": \"Let's Go Kill the Volatile Water Guardian\",\r\n                      \"Color\": \"64, 128, 128\"\r\n                    },\r\n                    {\r\n                      \"$type\": \"CallBlock\",\r\n                      \"Target\": \"Travel\"\r\n                    },\r\n                    {\r\n                      \"$type\": \"MoveTo\",\r\n                      \"Hotspot\": {\r\n                        \"Position\": \"4406.755 5063.419 267.5724\",\r\n                        \"GroundPosition\": \"0 0 0\",\r\n                        \"IsGroundPosition\": false,\r\n                        \"ContinentId\": 1116\r\n                      },\r\n                      \"Method\": \"Navi\"\r\n                    },\r\n                    {\r\n                      \"$type\": \"KillMobsTemplateScriptAction\",\r\n                      \"Template\": {\r\n                        \"$type\": \"KillMobsTemplate\",\r\n                        \"TargetObjects\": [\r\n                          {\r\n                            \"Hotspot\": {\r\n                              \"Position\": \"4390.486 5034.233 265.8418\",\r\n                              \"GroundPosition\": \"0 0 0\",\r\n                              \"IsGroundPosition\": false,\r\n                              \"ContinentId\": 1116\r\n                            },\r\n                            \"Name\": \"Tainted Water Guardian\",\r\n                            \"EntryId\": 80377\r\n                          }\r\n                        ],\r\n                        \"HotspotsX\": [\r\n                          {\r\n                            \"Position\": \"4406.755 5063.419 267.5724\",\r\n                            \"GroundPosition\": \"0 0 0\",\r\n                            \"IsGroundPosition\": false,\r\n                            \"ContinentId\": 1116\r\n                          }\r\n                        ],\r\n                        \"Blackspots\": [],\r\n                        \"ForceLoot\": false,\r\n                        \"ForcePullMobs\": false,\r\n                        \"GameObjectiveIndex\": 1,\r\n                        \"RunTime\": 5.0\r\n                      },\r\n                      \"TimeLimit\": 0\r\n                    }\r\n                  ],\r\n                  \"IsSpecialElement\": true,\r\n                  \"SpecialElementName\": \"Then\",\r\n                  \"GroupName\": \"\"\r\n                },\r\n                \"Conditions\": [\r\n                  {\r\n                    \"Condition\": {\r\n                      \"$type\": \"CSharpCondition\",\r\n                      \"CSharpCode\": \"HasQuest(34893) && !IsQuestObjectiveComplete(34893,4)\"\r\n                    },\r\n                    \"IsNot\": false\r\n                  },\r\n                  {\r\n                    \"Condition\": null,\r\n                    \"IsNot\": false\r\n                  },\r\n                  {\r\n                    \"Condition\": null,\r\n                    \"IsNot\": false\r\n                  },\r\n                  {\r\n                    \"Condition\": null,\r\n                    \"IsNot\": false\r\n                  }\r\n                ],\r\n                \"IsNot\": false\r\n              },\r\n              {\r\n                \"$type\": \"While\",\r\n                \"LoopActions\": {\r\n                  \"Children\": [\r\n                    {\r\n                      \"$type\": \"CallBlock\",\r\n                      \"Target\": \"Travel\"\r\n                    },\r\n                    {\r\n                      \"$type\": \"KillMobsTemplateScriptAction\",\r\n                      \"Template\": {\r\n                        \"$type\": \"KillMobsTemplate\",\r\n                        \"TargetObjects\": [\r\n                          {\r\n                            \"Hotspot\": {\r\n                              \"Position\": \"4393.552 4995.733 246.3387\",\r\n                              \"GroundPosition\": \"0 0 0\",\r\n                              \"IsGroundPosition\": false,\r\n                              \"InWater\": true,\r\n                              \"ContinentId\": 1116\r\n                            },\r\n                            \"Name\": \"Tumultuous Water Spirit\",\r\n                            \"EntryId\": 80379\r\n                          }\r\n                        ],\r\n                        \"HotspotsX\": [\r\n                          {\r\n                            \"Position\": \"4567.683 5159.976 247.8658\",\r\n                            \"GroundPosition\": \"0 0 0\",\r\n                            \"IsGroundPosition\": false,\r\n                            \"ContinentId\": 1116\r\n                          },\r\n                          {\r\n                            \"Position\": \"4490.808 5107.077 248.0345\",\r\n                            \"GroundPosition\": \"0 0 0\",\r\n                            \"IsGroundPosition\": false,\r\n                            \"ContinentId\": 1116\r\n                          },\r\n                          {\r\n                            \"Position\": \"4473.769 4989.419 247.4998\",\r\n                            \"GroundPosition\": \"0 0 0\",\r\n                            \"IsGroundPosition\": false,\r\n                            \"ContinentId\": 1116\r\n                          }\r\n                        ],\r\n                        \"Blackspots\": [],\r\n                        \"ForceLoot\": false,\r\n                        \"ForcePullMobs\": false,\r\n                        \"GameObjectiveIndex\": 1,\r\n                        \"RunTime\": 5.0\r\n                      },\r\n                      \"TimeLimit\": 0\r\n                    }\r\n                  ],\r\n                  \"IsSpecialElement\": true,\r\n                  \"SpecialElementName\": \"Do\",\r\n                  \"GroupName\": \"\"\r\n                },\r\n                \"Conditions\": [\r\n                  {\r\n                    \"Condition\": {\r\n                      \"$type\": \"CSharpCondition\",\r\n                      \"CSharpCode\": \"HasQuest(34881) && !IsQuestObjectiveComplete(34881,4)\"\r\n                    },\r\n                    \"IsNot\": false\r\n                  },\r\n                  {\r\n                    \"Condition\": null,\r\n                    \"IsNot\": false\r\n                  },\r\n                  {\r\n                    \"Condition\": null,\r\n                    \"IsNot\": false\r\n                  },\r\n                  {\r\n                    \"Condition\": null,\r\n                    \"IsNot\": false\r\n                  }\r\n                ],\r\n                \"IsNot\": false\r\n              },\r\n              {\r\n                \"$type\": \"If\",\r\n                \"ActionsFalse\": {\r\n                  \"Children\": [],\r\n                  \"IsSpecialElement\": true,\r\n                  \"SpecialElementName\": \"Else\",\r\n                  \"GroupName\": \"\"\r\n                },\r\n                \"ActionsTrue\": {\r\n                  \"Children\": [\r\n                    {\r\n                      \"$type\": \"Comment\",\r\n                      \"Text\": \"\\\"Treasure: Elemental Shackles\\\"\",\r\n                      \"Color\": \"0, 128, 255\"\r\n                    },\r\n                    {\r\n                      \"$type\": \"MoveTo\",\r\n                      \"Hotspot\": {\r\n                        \"Position\": \"4481.496 4946.342 250.496\",\r\n                        \"GroundPosition\": \"4480.709 4947.667 251.3672\",\r\n                        \"IsGroundPosition\": false,\r\n                        \"ContinentId\": 1116\r\n                      },\r\n                      \"Method\": \"Navi\"\r\n                    },\r\n                    {\r\n                      \"$type\": \"CSharpAction\",\r\n                      \"CSharpCode\": \"DisableCombat = true;\\r\\n\"\r\n                    },\r\n                    {\r\n                      \"$type\": \"MoveTo\",\r\n                      \"Hotspot\": {\r\n                        \"Position\": \"4493.847 4924.667 254.4082\",\r\n                        \"GroundPosition\": \"4493.847 4924.667 255.6082\",\r\n                        \"IsGroundPosition\": false,\r\n                        \"ContinentId\": 1116\r\n                      },\r\n                      \"Method\": \"Navi\"\r\n                    },\r\n                    {\r\n                      \"$type\": \"MoveTo\",\r\n                      \"Hotspot\": {\r\n                        \"Position\": \"4456.917 4909.815 282.3118\",\r\n                        \"GroundPosition\": \"4456.917 4909.815 280.6732\",\r\n                        \"UseCTM\": true,\r\n                        \"IsGroundPosition\": false,\r\n                        \"ContinentId\": 1116\r\n                      }\r\n                    },\r\n                    {\r\n                      \"$type\": \"CSharpAction\",\r\n                      \"CSharpCode\": \"Vector3 pos = new Vector3(4385.149f, 4869.09f, 286.2195f);\\r\\nwhile(Me.Distance2DTo(pos) > 1 && !CTM(pos))\\r\\n{\\r\\n\\tyield return 25;\\r\\n}\\r\\n\"\r\n                    },\r\n                    {\r\n                      \"$type\": \"MoveTo\",\r\n                      \"Hotspot\": {\r\n                        \"Position\": \"4370.62 4858.564 278.4458\",\r\n                        \"GroundPosition\": \"4370.62 4858.564 278.1896\",\r\n                        \"UseCTM\": true,\r\n                        \"Jump\": true,\r\n                        \"IsGroundPosition\": false,\r\n                        \"ContinentId\": 1116\r\n                      }\r\n                    },\r\n                    {\r\n                      \"$type\": \"Wait\",\r\n                      \"Delay\": 2.0,\r\n                      \"DelayMax\": 3.0\r\n                    },\r\n                    {\r\n                      \"$type\": \"If\",\r\n                      \"ActionsFalse\": {\r\n                        \"Children\": [\r\n                          {\r\n                            \"$type\": \"Comment\",\r\n                            \"Text\": \"Jump Missed!!!  That's ok, we'll try again another time.  Please Report if Player is Unable to Make this Jump again. TY!\",\r\n                            \"Color\": \"Red\"\r\n                          }\r\n                        ],\r\n                        \"IsSpecialElement\": true,\r\n                        \"SpecialElementName\": \"Else\",\r\n                        \"GroupName\": \"\"\r\n                      },\r\n                      \"ActionsTrue\": {\r\n                        \"Children\": [\r\n                          {\r\n                            \"$type\": \"Comment\",\r\n                            \"Text\": \"Phew! We Made It!\",\r\n                            \"Color\": \"64, 128, 128\"\r\n                          },\r\n                          {\r\n                            \"$type\": \"MoveTo\",\r\n                            \"Hotspot\": {\r\n                              \"Position\": \"4335.649 4832.93 277.6742\",\r\n                              \"GroundPosition\": \"4335.649 4832.93 277.0448\",\r\n                              \"UseCTM\": true,\r\n                              \"IsGroundPosition\": false,\r\n                              \"ContinentId\": 1116\r\n                            }\r\n                          },\r\n                          {\r\n                            \"$type\": \"CollectObjectsTemplateScriptAction\",\r\n                            \"Template\": {\r\n                              \"$type\": \"CollectObjectsTemplate\",\r\n                              \"TargetObjects\": [\r\n                                {\r\n                                  \"Hotspot\": {\r\n                                    \"Position\": \"4334.327 4830.916 277.1243\",\r\n                                    \"GroundPosition\": \"0 0 0\",\r\n                                    \"IsGroundPosition\": false,\r\n                                    \"ContinentId\": 1116\r\n                                  },\r\n                                  \"Name\": \"Elemental Shackles\",\r\n                                  \"EntryId\": 233598\r\n                                }\r\n                              ],\r\n                              \"HotspotsX\": [\r\n                                {\r\n                                  \"Position\": \"4335.092 4832.521 277.436\",\r\n                                  \"GroundPosition\": \"0 0 0\",\r\n                                  \"UseCTM\": true,\r\n                                  \"IsGroundPosition\": false,\r\n                                  \"ContinentId\": 1116\r\n                                }\r\n                              ],\r\n                              \"Blackspots\": [],\r\n                              \"IsLoot\": true,\r\n                              \"OpeningCast\": false,\r\n                              \"NoMovement\": false,\r\n                              \"GameObjectiveIndex\": 1,\r\n                              \"RunTime\": 5.0\r\n                            },\r\n                            \"TimeLimit\": 0\r\n                          },\r\n                          {\r\n                            \"$type\": \"MoveTo\",\r\n                            \"Hotspot\": {\r\n                              \"Position\": \"4358.604 4862.705 279.4885\",\r\n                              \"GroundPosition\": \"0 0 0\",\r\n                              \"UseCTM\": true,\r\n                              \"IsGroundPosition\": false,\r\n                              \"ContinentId\": 1116\r\n                            }\r\n                          },\r\n                          {\r\n                            \"$type\": \"MoveTo\",\r\n                            \"Hotspot\": {\r\n                              \"Position\": \"4361.848 4904.185 232.1993\",\r\n                              \"GroundPosition\": \"0 0 0\",\r\n                              \"UseCTM\": true,\r\n                              \"IsGroundPosition\": false,\r\n                              \"ContinentId\": 1116\r\n                            }\r\n                          },\r\n                          {\r\n                            \"$type\": \"CSharpAction\",\r\n                            \"CSharpCode\": \"DisableCombat = false;\"\r\n                          }\r\n                        ],\r\n                        \"IsSpecialElement\": true,\r\n                        \"SpecialElementName\": \"Then\",\r\n                        \"GroupName\": \"\"\r\n                      },\r\n                      \"Conditions\": [\r\n                        {\r\n                          \"Condition\": {\r\n                            \"$type\": \"CSharpCondition\",\r\n                            \"CSharpCode\": \"QH.IsClose(4370.6f, 4858.6f, 278.4f,15)\"\r\n                          },\r\n                          \"IsNot\": false\r\n                        },\r\n                        {\r\n                          \"Condition\": null,\r\n                          \"IsNot\": false\r\n                        },\r\n                        {\r\n                          \"Condition\": null,\r\n                          \"IsNot\": false\r\n                        },\r\n                        {\r\n                          \"Condition\": null,\r\n                          \"IsNot\": false\r\n                        }\r\n                      ],\r\n                      \"IsNot\": false\r\n                    }\r\n                  ],\r\n                  \"IsSpecialElement\": true,\r\n                  \"SpecialElementName\": \"Then\",\r\n                  \"GroupName\": \"\"\r\n                },\r\n                \"Conditions\": [\r\n                  {\r\n                    \"Condition\": {\r\n                      \"$type\": \"CSharpCondition\",\r\n                      \"CSharpCode\": \"!IsQuestCompleted(36036)\"\r\n                    },\r\n                    \"IsNot\": false\r\n                  },\r\n                  {\r\n                    \"Condition\": null,\r\n                    \"IsNot\": false\r\n                  },\r\n                  {\r\n                    \"Condition\": null,\r\n                    \"IsNot\": false\r\n                  },\r\n                  {\r\n                    \"Condition\": null,\r\n                    \"IsNot\": false\r\n                  }\r\n                ],\r\n                \"IsNot\": false\r\n              },\r\n              {\r\n                \"$type\": \"While\",\r\n                \"LoopActions\": {\r\n                  \"Children\": [\r\n                    {\r\n                      \"$type\": \"Comment\",\r\n                      \"Text\": \"Attuning to the Earth.\",\r\n                      \"Color\": \"64, 128, 128\"\r\n                    },\r\n                    {\r\n                      \"$type\": \"CollectObjectsTemplateScriptAction\",\r\n                      \"Template\": {\r\n                        \"$type\": \"CollectObjectsTemplate\",\r\n                        \"TargetObjects\": [\r\n                          {\r\n                            \"Hotspot\": {\r\n                              \"Position\": \"4484.75 4809.202 177.8754\",\r\n                              \"GroundPosition\": \"0 0 0\",\r\n                              \"IsGroundPosition\": false,\r\n                              \"ContinentId\": 1116\r\n                            },\r\n                            \"Name\": \"Pillar of Earth\",\r\n                            \"EntryId\": 230961\r\n                          }\r\n                        ],\r\n                        \"HotspotsX\": [\r\n                          {\r\n                            \"Position\": \"4467.268 4806.108 178.0446\",\r\n                            \"GroundPosition\": \"4467.268 4806.108 178.4175\",\r\n                            \"IsGroundPosition\": false,\r\n                            \"ContinentId\": 1116\r\n                          }\r\n                        ],\r\n                        \"Blackspots\": [],\r\n                        \"IsLoot\": false,\r\n                        \"OpeningCast\": true,\r\n                        \"NoMovement\": false,\r\n                        \"GameObjectiveIndex\": 1,\r\n                        \"RunTime\": 5.0\r\n                      },\r\n                      \"TimeLimit\": 0\r\n                    }\r\n                  ],\r\n                  \"IsSpecialElement\": true,\r\n                  \"SpecialElementName\": \"Do\",\r\n                  \"GroupName\": \"\"\r\n                },\r\n                \"Conditions\": [\r\n                  {\r\n                    \"Condition\": {\r\n                      \"$type\": \"CSharpCondition\",\r\n                      \"CSharpCode\": \"HasQuest(34891) && !IsQuestObjectiveComplete(34891,1)\"\r\n                    },\r\n                    \"IsNot\": false\r\n                  },\r\n                  {\r\n                    \"Condition\": null,\r\n                    \"IsNot\": false\r\n                  },\r\n                  {\r\n                    \"Condition\": null,\r\n                    \"IsNot\": false\r\n                  },\r\n                  {\r\n                    \"Condition\": null,\r\n                    \"IsNot\": false\r\n                  }\r\n                ],\r\n                \"IsNot\": false\r\n              },\r\n              {\r\n                \"$type\": \"If\",\r\n                \"ActionsFalse\": {\r\n                  \"Children\": [],\r\n                  \"IsSpecialElement\": true,\r\n                  \"SpecialElementName\": \"Else\",\r\n                  \"GroupName\": \"\"\r\n                },\r\n                \"ActionsTrue\": {\r\n                  \"Children\": [\r\n                    {\r\n                      \"$type\": \"Comment\",\r\n                      \"Text\": \"Let's Go Kill the Volatile Earth Guardian\",\r\n                      \"Color\": \"64, 128, 128\"\r\n                    },\r\n                    {\r\n                      \"$type\": \"MoveTo\",\r\n                      \"Hotspot\": {\r\n                        \"Position\": \"4345.271 4668.548 205.6089\",\r\n                        \"GroundPosition\": \"0 0 0\",\r\n                        \"IsGroundPosition\": false,\r\n                        \"ContinentId\": 1116\r\n                      },\r\n                      \"Method\": \"Navi\"\r\n                    },\r\n                    {\r\n                      \"$type\": \"KillMobsTemplateScriptAction\",\r\n                      \"Template\": {\r\n                        \"$type\": \"KillMobsTemplate\",\r\n                        \"TargetObjects\": [\r\n                          {\r\n                            \"Hotspot\": {\r\n                              \"Position\": \"4376.412 4682.601 214.4189\",\r\n                              \"GroundPosition\": \"0 0 0\",\r\n                              \"IsGroundPosition\": false,\r\n                              \"ContinentId\": 1116\r\n                            },\r\n                            \"Name\": \"Unstable Earth Guardian\",\r\n                            \"EntryId\": 80374\r\n                          }\r\n                        ],\r\n                        \"HotspotsX\": [\r\n                          {\r\n                            \"Position\": \"4345.271 4668.548 205.6089\",\r\n                            \"GroundPosition\": \"0 0 0\",\r\n                            \"IsGroundPosition\": false,\r\n                            \"ContinentId\": 1116\r\n                          }\r\n                        ],\r\n                        \"Blackspots\": [],\r\n                        \"ForceLoot\": false,\r\n                        \"ForcePullMobs\": false,\r\n                        \"GameObjectiveIndex\": 1,\r\n                        \"RunTime\": 5.0\r\n                      },\r\n                      \"TimeLimit\": 0\r\n                    }\r\n                  ],\r\n                  \"IsSpecialElement\": true,\r\n                  \"SpecialElementName\": \"Then\",\r\n                  \"GroupName\": \"\"\r\n                },\r\n                \"Conditions\": [\r\n                  {\r\n                    \"Condition\": {\r\n                      \"$type\": \"CSharpCondition\",\r\n                      \"CSharpCode\": \"HasQuest(34893) && !IsQuestObjectiveComplete(34893,1)\"\r\n                    },\r\n                    \"IsNot\": false\r\n                  },\r\n                  {\r\n                    \"Condition\": null,\r\n                    \"IsNot\": false\r\n                  },\r\n                  {\r\n                    \"Condition\": null,\r\n                    \"IsNot\": false\r\n                  },\r\n                  {\r\n                    \"Condition\": null,\r\n                    \"IsNot\": false\r\n                  }\r\n                ],\r\n                \"IsNot\": false\r\n              },\r\n              {\r\n                \"$type\": \"While\",\r\n                \"LoopActions\": {\r\n                  \"Children\": [\r\n                    {\r\n                      \"$type\": \"KillMobsTemplateScriptAction\",\r\n                      \"Template\": {\r\n                        \"$type\": \"KillMobsTemplate\",\r\n                        \"TargetObjects\": [\r\n                          {\r\n                            \"Hotspot\": {\r\n                              \"Position\": \"4335.266 4674.694 204.9152\",\r\n                              \"GroundPosition\": \"0 0 0\",\r\n                              \"IsGroundPosition\": false,\r\n                              \"ContinentId\": 1116\r\n                            },\r\n                            \"Name\": \"Unstable Earth Spirit\",\r\n                            \"EntryId\": 80382\r\n                          }\r\n                        ],\r\n                        \"HotspotsX\": [\r\n                          {\r\n                            \"Position\": \"4264.455 4640.569 205.5194\",\r\n                            \"GroundPosition\": \"0 0 0\",\r\n                            \"IsGroundPosition\": false,\r\n                            \"ContinentId\": 1116\r\n                          },\r\n                          {\r\n                            \"Position\": \"4252.945 4803.713 192.8345\",\r\n                            \"GroundPosition\": \"0 0 0\",\r\n                            \"IsGroundPosition\": false,\r\n                            \"ContinentId\": 1116\r\n                          }\r\n                        ],\r\n                        \"Blackspots\": [],\r\n                        \"ForceLoot\": true,\r\n                        \"ForcePullMobs\": false,\r\n                        \"GameObjectiveIndex\": 1,\r\n                        \"RunTime\": 5.0\r\n                      },\r\n                      \"TimeLimit\": 0\r\n                    }\r\n                  ],\r\n                  \"IsSpecialElement\": true,\r\n                  \"SpecialElementName\": \"Do\",\r\n                  \"GroupName\": \"\"\r\n                },\r\n                \"Conditions\": [\r\n                  {\r\n                    \"Condition\": {\r\n                      \"$type\": \"CSharpCondition\",\r\n                      \"CSharpCode\": \"HasQuest(34881) && !IsQuestObjectiveComplete(34881,1)\"\r\n                    },\r\n                    \"IsNot\": false\r\n                  },\r\n                  {\r\n                    \"Condition\": null,\r\n                    \"IsNot\": false\r\n                  },\r\n                  {\r\n                    \"Condition\": null,\r\n                    \"IsNot\": false\r\n                  },\r\n                  {\r\n                    \"Condition\": null,\r\n                    \"IsNot\": false\r\n                  }\r\n                ],\r\n                \"IsNot\": false\r\n              },\r\n              {\r\n                \"$type\": \"While\",\r\n                \"LoopActions\": {\r\n                  \"Children\": [\r\n                    {\r\n                      \"$type\": \"Comment\",\r\n                      \"Text\": \"Attuning to the Wind.\",\r\n                      \"Color\": \"64, 128, 128\"\r\n                    },\r\n                    {\r\n                      \"$type\": \"CollectObjectsTemplateScriptAction\",\r\n                      \"Template\": {\r\n                        \"$type\": \"CollectObjectsTemplate\",\r\n                        \"TargetObjects\": [\r\n                          {\r\n                            \"Hotspot\": {\r\n                              \"Position\": \"3998.571 4867.406 259.79\",\r\n                              \"GroundPosition\": \"0 0 0\",\r\n                              \"IsGroundPosition\": false,\r\n                              \"ContinentId\": 1116\r\n                            },\r\n                            \"Name\": \"Pillar of Wind\",\r\n                            \"EntryId\": 230962\r\n                          }\r\n                        ],\r\n                        \"HotspotsX\": [\r\n                          {\r\n                            \"Position\": \"4011.091 4872.226 262.375\",\r\n                            \"GroundPosition\": \"0 0 0\",\r\n                            \"IsGroundPosition\": false,\r\n                            \"ContinentId\": 1116\r\n                          }\r\n                        ],\r\n                        \"Blackspots\": [],\r\n                        \"IsLoot\": false,\r\n                        \"OpeningCast\": true,\r\n                        \"NoMovement\": false,\r\n                        \"GameObjectiveIndex\": 1,\r\n                        \"RunTime\": 5.0\r\n                      },\r\n                      \"TimeLimit\": 0\r\n                    }\r\n                  ],\r\n                  \"IsSpecialElement\": true,\r\n                  \"SpecialElementName\": \"Do\",\r\n                  \"GroupName\": \"\"\r\n                },\r\n                \"Conditions\": [\r\n                  {\r\n                    \"Condition\": {\r\n                      \"$type\": \"CSharpCondition\",\r\n                      \"CSharpCode\": \"HasQuest(34891) && !IsQuestObjectiveComplete(34891,2)\"\r\n                    },\r\n                    \"IsNot\": false\r\n                  },\r\n                  {\r\n                    \"Condition\": null,\r\n                    \"IsNot\": false\r\n                  },\r\n                  {\r\n                    \"Condition\": null,\r\n                    \"IsNot\": false\r\n                  },\r\n                  {\r\n                    \"Condition\": null,\r\n                    \"IsNot\": false\r\n                  }\r\n                ],\r\n                \"IsNot\": false\r\n              },\r\n              {\r\n                \"$type\": \"If\",\r\n                \"ActionsFalse\": {\r\n                  \"Children\": [],\r\n                  \"IsSpecialElement\": true,\r\n                  \"SpecialElementName\": \"Else\",\r\n                  \"GroupName\": \"\"\r\n                },\r\n                \"ActionsTrue\": {\r\n                  \"Children\": [\r\n                    {\r\n                      \"$type\": \"Comment\",\r\n                      \"Text\": \"Let's Go Kill the Corrupted Wind Guardian\",\r\n                      \"Color\": \"64, 128, 128\"\r\n                    },\r\n                    {\r\n                      \"$type\": \"MoveTo\",\r\n                      \"Hotspot\": {\r\n                        \"Position\": \"3956.339 4803.88 285.6557\",\r\n                        \"GroundPosition\": \"0 0 0\",\r\n                        \"IsGroundPosition\": false,\r\n                        \"ContinentId\": 1116\r\n                      },\r\n                      \"Method\": \"Navi\"\r\n                    },\r\n                    {\r\n                      \"$type\": \"KillMobsTemplateScriptAction\",\r\n                      \"Template\": {\r\n                        \"$type\": \"KillMobsTemplate\",\r\n                        \"TargetObjects\": [\r\n                          {\r\n                            \"Hotspot\": {\r\n                              \"Position\": \"3967.264 4783.481 285.92\",\r\n                              \"GroundPosition\": \"0 0 0\",\r\n                              \"IsGroundPosition\": false,\r\n                              \"ContinentId\": 1116\r\n                            },\r\n                            \"Name\": \"Corrupted Wind Guardian\",\r\n                            \"EntryId\": 80375\r\n                          }\r\n                        ],\r\n                        \"HotspotsX\": [\r\n                          {\r\n                            \"Position\": \"3956.339 4803.88 285.6557\",\r\n                            \"GroundPosition\": \"0 0 0\",\r\n                            \"IsGroundPosition\": false,\r\n                            \"ContinentId\": 1116\r\n                          }\r\n                        ],\r\n                        \"Blackspots\": [],\r\n                        \"ForceLoot\": false,\r\n                        \"ForcePullMobs\": false,\r\n                        \"GameObjectiveIndex\": 1,\r\n                        \"RunTime\": 5.0\r\n                      },\r\n                      \"TimeLimit\": 0\r\n                    }\r\n                  ],\r\n                  \"IsSpecialElement\": true,\r\n                  \"SpecialElementName\": \"Then\",\r\n                  \"GroupName\": \"\"\r\n                },\r\n                \"Conditions\": [\r\n                  {\r\n                    \"Condition\": {\r\n                      \"$type\": \"CSharpCondition\",\r\n                      \"CSharpCode\": \"HasQuest(34893) && !IsQuestObjectiveComplete(34893,2)\"\r\n                    },\r\n                    \"IsNot\": false\r\n                  },\r\n                  {\r\n                    \"Condition\": null,\r\n                    \"IsNot\": false\r\n                  },\r\n                  {\r\n                    \"Condition\": null,\r\n                    \"IsNot\": false\r\n                  },\r\n                  {\r\n                    \"Condition\": null,\r\n                    \"IsNot\": false\r\n                  }\r\n                ],\r\n                \"IsNot\": false\r\n              },\r\n              {\r\n                \"$type\": \"While\",\r\n                \"LoopActions\": {\r\n                  \"Children\": [\r\n                    {\r\n                      \"$type\": \"CollectObjectsTemplateScriptAction\",\r\n                      \"Template\": {\r\n                        \"$type\": \"CollectObjectsTemplate\",\r\n                        \"TargetObjects\": [\r\n                          {\r\n                            \"Hotspot\": {\r\n                              \"Position\": \"4041.772 4794.384 263.7094\",\r\n                              \"GroundPosition\": \"0 0 0\",\r\n                              \"IsGroundPosition\": false,\r\n                              \"ContinentId\": 1116\r\n                            },\r\n                            \"Name\": \"Corrupted Wind Spirit\",\r\n                            \"EntryId\": 80381\r\n                          },\r\n                          {\r\n                            \"Hotspot\": {\r\n                              \"Position\": \"4096.45 4756.59 258.5933\",\r\n                              \"GroundPosition\": \"0 0 0\",\r\n                              \"IsGroundPosition\": false,\r\n                              \"ContinentId\": 1116\r\n                            },\r\n                            \"Name\": \"Living Wind\",\r\n                            \"EntryId\": 82889\r\n                          }\r\n                        ],\r\n                        \"HotspotsX\": [\r\n                          {\r\n                            \"Position\": \"4024.405 4816.403 265.2407\",\r\n                            \"GroundPosition\": \"0 0 0\",\r\n                            \"IsGroundPosition\": false,\r\n                            \"ContinentId\": 1116\r\n                          },\r\n                          {\r\n                            \"Position\": \"4129.222 4846.997 261.025\",\r\n                            \"GroundPosition\": \"0 0 0\",\r\n                            \"IsGroundPosition\": false,\r\n                            \"ContinentId\": 1116\r\n                          }\r\n                        ],\r\n                        \"Blackspots\": [],\r\n                        \"IsLoot\": true,\r\n                        \"OpeningCast\": false,\r\n                        \"NoMovement\": false,\r\n                        \"GameObjectiveIndex\": 1,\r\n                        \"RunTime\": 5.0\r\n                      },\r\n                      \"TimeLimit\": 0\r\n                    }\r\n                  ],\r\n                  \"IsSpecialElement\": true,\r\n                  \"SpecialElementName\": \"Do\",\r\n                  \"GroupName\": \"\"\r\n                },\r\n                \"Conditions\": [\r\n                  {\r\n                    \"Condition\": {\r\n                      \"$type\": \"CSharpCondition\",\r\n                      \"CSharpCode\": \"HasQuest(34881) && !IsQuestObjectiveComplete(34881,2)\"\r\n                    },\r\n                    \"IsNot\": false\r\n                  },\r\n                  {\r\n                    \"Condition\": null,\r\n                    \"IsNot\": false\r\n                  },\r\n                  {\r\n                    \"Condition\": null,\r\n                    \"IsNot\": false\r\n                  },\r\n                  {\r\n                    \"Condition\": null,\r\n                    \"IsNot\": false\r\n                  }\r\n                ],\r\n                \"IsNot\": false\r\n              }\r\n            ],\r\n            \"IsSpecialElement\": true,\r\n            \"SpecialElementName\": \"Do\",\r\n            \"GroupName\": \"\"\r\n          },\r\n          \"Conditions\": [\r\n            {\r\n              \"Condition\": {\r\n                \"$type\": \"CSharpCondition\",\r\n                \"CSharpCode\": \"(HasQuest(34891) && !IsQuestInLogAndComplete(34891)) || (HasQuest(34881) && !IsQuestInLogAndComplete(34881)) || (HasQuest(34893) && !IsQuestInLogAndComplete(34893))\"\r\n              },\r\n              \"IsNot\": false\r\n            },\r\n            {\r\n              \"Condition\": null,\r\n              \"IsNot\": false\r\n            },\r\n            {\r\n              \"Condition\": null,\r\n              \"IsNot\": false\r\n            },\r\n            {\r\n              \"Condition\": null,\r\n              \"IsNot\": false\r\n            }\r\n          ],\r\n          \"IsNot\": false\r\n        }\r\n      ],\r\n      \"GroupName\": \"Quests\"\r\n    },\r\n    {\r\n      \"$type\": \"EndThread\",\r\n      \"ThreadName\": null\r\n    },\r\n    {\r\n      \"$type\": \"ActionSequence\",\r\n      \"Children\": [\r\n        {\r\n          \"$type\": \"CSharpAction\",\r\n          \"CSharpCode\": \"QH.Fib = new Fiber<int>(QH.DemolisherGarrisonAbility());\\r\\nwhile(QH.Fib.Run())\\r\\n{\\r\\n\\tyield return 100;\\r\\n}\\r\\n\"\r\n        }\r\n      ],\r\n      \"GroupName\": \"Garrison Ability\"\r\n    },\r\n    {\r\n      \"$type\": \"ActionSequence\",\r\n      \"Children\": [\r\n        {\r\n          \"$type\": \"If\",\r\n          \"IsExtendedInEditor\": false,\r\n          \"ActionsFalse\": {\r\n            \"Children\": [],\r\n            \"IsSpecialElement\": true,\r\n            \"SpecialElementName\": \"Else\",\r\n            \"GroupName\": \"\"\r\n          },\r\n          \"ActionsTrue\": {\r\n            \"Children\": [\r\n              {\r\n                \"$type\": \"MoveTo\",\r\n                \"Hotspot\": {\r\n                  \"Position\": \"4383.429 5400.347 100.4437\",\r\n                  \"GroundPosition\": \"0 0 0\",\r\n                  \"IsGroundPosition\": false,\r\n                  \"ContinentId\": 1116\r\n                },\r\n                \"Method\": \"Navi\"\r\n              }\r\n            ],\r\n            \"IsExtendedInEditor\": false,\r\n            \"IsSpecialElement\": true,\r\n            \"SpecialElementName\": \"Then\",\r\n            \"GroupName\": \"\"\r\n          },\r\n          \"Conditions\": [\r\n            {\r\n              \"Condition\": {\r\n                \"$type\": \"CSharpCondition\",\r\n                \"CSharpCode\": \"(!QH.IsClose(4541.4f, 5139.8f, 250.2f, 150) && Me.Position.Y < 5368 && Me.Position.Z < 90)\"\r\n              },\r\n              \"IsNot\": false\r\n            },\r\n            {\r\n              \"Condition\": null,\r\n              \"IsNot\": false\r\n            },\r\n            {\r\n              \"Condition\": null,\r\n              \"IsNot\": false\r\n            },\r\n            {\r\n              \"Condition\": null,\r\n              \"IsNot\": false\r\n            }\r\n          ],\r\n          \"IsNot\": false\r\n        },\r\n        {\r\n          \"$type\": \"If\",\r\n          \"IsExtendedInEditor\": false,\r\n          \"ActionsFalse\": {\r\n            \"Children\": [],\r\n            \"IsSpecialElement\": true,\r\n            \"SpecialElementName\": \"Else\",\r\n            \"GroupName\": \"\"\r\n          },\r\n          \"ActionsTrue\": {\r\n            \"Children\": [\r\n              {\r\n                \"$type\": \"MoveTo\",\r\n                \"Hotspot\": {\r\n                  \"Position\": \"4523.942 5371.691 183.4473\",\r\n                  \"GroundPosition\": \"4523.942 5371.691 184.9194\",\r\n                  \"IsGroundPosition\": false,\r\n                  \"ContinentId\": 1116\r\n                },\r\n                \"Method\": \"Navi\"\r\n              }\r\n            ],\r\n            \"IsExtendedInEditor\": false,\r\n            \"IsSpecialElement\": true,\r\n            \"SpecialElementName\": \"Then\",\r\n            \"GroupName\": \"\"\r\n          },\r\n          \"Conditions\": [\r\n            {\r\n              \"Condition\": {\r\n                \"$type\": \"CSharpCondition\",\r\n                \"CSharpCode\": \"Me.Position.Y > 5368\"\r\n              },\r\n              \"IsNot\": false\r\n            },\r\n            {\r\n              \"Condition\": null,\r\n              \"IsNot\": false\r\n            },\r\n            {\r\n              \"Condition\": null,\r\n              \"IsNot\": false\r\n            },\r\n            {\r\n              \"Condition\": null,\r\n              \"IsNot\": false\r\n            }\r\n          ],\r\n          \"IsNot\": false\r\n        }\r\n      ],\r\n      \"GroupName\": \"Travel\"\r\n    }\r\n  ],\r\n  \"GroupName\": \"\"\r\n}",
  "ActionOrder": 1,
  "Actions": []
}