{
  "QuestID": 34894,
  "Version": 3,
  "FactionGroup": 1,
  "CreatedOn": "2014-11-29T03:17:07.5728942Z",
  "UpdatedOn": "2016-04-08T19:15:20.8071669Z",
  "Comment": "",
  "CreatedBy": null,
  "AllowUpdates": false,
  "RecommendedLevel": 98,
  "Frequency": 1,
  "QuestStart": {
    "ObjectName": "Gar'rok",
    "EntryId": 80434,
    "AdditionalEntryIds": null,
    "ContinentId": 1116,
    "ZoneId": 6755,
    "Position": "4062.486 5047.749 160.7085",
    "TurnInType": 0,
    "IsIndoors": true,
    "MyFaction": 0
  },
  "ActionOrder": 1,
  "Actions": [
    {
      "$type": "CollectObjectsTemplate",
      "TargetObjects": [
        {
          "Hotspot": {
            "Position": "4545.492 5298.422 133.8337",
            "GroundPosition": "0 0 0",
            "IsGroundPosition": false,
            "IsIndoors": true,
            "ContinentId": 1116
          },
          "Name": "Ember Blossom",
          "EntryId": 231091
        }
      ],
      "HotspotsX": [
        {
          "Position": "4540.844 5302.811 134.4344",
          "GroundPosition": "0 0 0",
          "IsGroundPosition": false,
          "IsIndoors": true,
          "ContinentId": 1116
        }
      ],
      "Blackspots": [],
      "IsLoot": true,
      "OpeningCast": false,
      "NoMovement": false,
      "GameObjectiveIndex": 1,
      "RunTime": 5.0
    }
  ]
}