{
  "QuestID": 34900,
  "Version": 12,
  "FactionGroup": 1,
  "CreatedOn": "2014-11-29T19:14:33.2235333Z",
  "UpdatedOn": "2016-05-20T10:07:32.0330724Z",
  "Comment": "",
  "CreatedBy": null,
  "AllowUpdates": false,
  "RecommendedLevel": 99,
  "Frequency": 1,
  "QuestStart": {
    "ObjectName": "Digrem Orebar",
    "EntryId": 81955,
    "AdditionalEntryIds": null,
    "ContinentId": 1116,
    "ZoneId": 6755,
    "Position": "2930.979 4812.316 128.1305",
    "TurnInType": 0,
    "IsIndoors": true,
    "MyFaction": 0
  },
  "UseScript": true,
  "ScriptText": "{\r\n  \"Children\": [\r\n    {\r\n      \"$type\": \"LoadCSharpScript\",\r\n      \"FileName\": \"QH.cs\"\r\n    },\r\n    {\r\n      \"$type\": \"CSharpAction\",\r\n      \"CSharpCode\": \"QH.API = this;\"\r\n    },\r\n    {\r\n      \"$type\": \"While\",\r\n      \"LoopActions\": {\r\n        \"Children\": [\r\n          {\r\n            \"$type\": \"CollectObjectsTemplateScriptAction\",\r\n            \"Template\": {\r\n              \"$type\": \"CollectObjectsTemplate\",\r\n              \"TargetObjects\": [\r\n                {\r\n                  \"Hotspot\": {\r\n                    \"Position\": \"3033.548 5824.761 87.34782\",\r\n                    \"GroundPosition\": \"0 0 0\",\r\n                    \"IsGroundPosition\": false,\r\n                    \"ContinentId\": 1116\r\n                  },\r\n                  \"Name\": \"Tenderhoof Meadowstomper\",\r\n                  \"EntryId\": 78459,\r\n                  \"CSharpCode\": \"unit.HasFlag(UnitNPCFlags.SPELLCLICK) &&  !unit.IsDead\"\r\n                }\r\n              ],\r\n              \"HotspotsX\": [\r\n                {\r\n                  \"Position\": \"3131.989 5220.021 90.24055\",\r\n                  \"GroundPosition\": \"0 0 0\",\r\n                  \"IsGroundPosition\": false,\r\n                  \"IsOnTransport\": true,\r\n                  \"ContinentId\": 1116\r\n                },\r\n                {\r\n                  \"Position\": \"3225.904 5408.11 77.58192\",\r\n                  \"GroundPosition\": \"0 0 0\",\r\n                  \"IsGroundPosition\": false,\r\n                  \"IsOnTransport\": true,\r\n                  \"ContinentId\": 1116\r\n                },\r\n                {\r\n                  \"Position\": \"3254.424 5629.3 55.78405\",\r\n                  \"GroundPosition\": \"0 0 0\",\r\n                  \"IsGroundPosition\": false,\r\n                  \"IsOnTransport\": true,\r\n                  \"ContinentId\": 1116\r\n                },\r\n                {\r\n                  \"Position\": \"3078.169 5780.241 86.65249\",\r\n                  \"GroundPosition\": \"0 0 0\",\r\n                  \"IsGroundPosition\": false,\r\n                  \"IsOnTransport\": true,\r\n                  \"ContinentId\": 1116\r\n                },\r\n                {\r\n                  \"Position\": \"2871.394 5854.047 71.00741\",\r\n                  \"GroundPosition\": \"0 0 0\",\r\n                  \"IsGroundPosition\": false,\r\n                  \"IsOnTransport\": true,\r\n                  \"ContinentId\": 1116\r\n                },\r\n                {\r\n                  \"Position\": \"2754.674 5682.78 90.61094\",\r\n                  \"GroundPosition\": \"0 0 0\",\r\n                  \"IsGroundPosition\": false,\r\n                  \"IsOnTransport\": true,\r\n                  \"ContinentId\": 1116\r\n                },\r\n                {\r\n                  \"Position\": \"2757.658 5386.634 120.9489\",\r\n                  \"GroundPosition\": \"0 0 0\",\r\n                  \"IsGroundPosition\": false,\r\n                  \"IsOnTransport\": true,\r\n                  \"ContinentId\": 1116\r\n                },\r\n                {\r\n                  \"Position\": \"2902.149 5230.742 117.7532\",\r\n                  \"GroundPosition\": \"0 0 0\",\r\n                  \"IsGroundPosition\": false,\r\n                  \"IsOnTransport\": true,\r\n                  \"ContinentId\": 1116\r\n                },\r\n                {\r\n                  \"Position\": \"3077.343 5167.774 93.91429\",\r\n                  \"GroundPosition\": \"0 0 0\",\r\n                  \"IsGroundPosition\": false,\r\n                  \"IsOnTransport\": true,\r\n                  \"ContinentId\": 1116\r\n                }\r\n              ],\r\n              \"Blackspots\": [],\r\n              \"IsLoot\": false,\r\n              \"OpeningCast\": true,\r\n              \"NoMovement\": false,\r\n              \"GameObjectiveIndex\": 1,\r\n              \"RunTime\": 5.0\r\n            },\r\n            \"TimeLimit\": 0\r\n          },\r\n          {\r\n            \"$type\": \"If\",\r\n            \"ActionsFalse\": {\r\n              \"Children\": [],\r\n              \"IsSpecialElement\": true,\r\n              \"SpecialElementName\": \"Else\",\r\n              \"GroupName\": \"\"\r\n            },\r\n            \"ActionsTrue\": {\r\n              \"Children\": [\r\n                {\r\n                  \"$type\": \"CSharpAction\",\r\n                  \"CSharpCode\": \"Me.ClearFocus();\\r\\n\"\r\n                },\r\n                {\r\n                  \"$type\": \"CSharpAction\",\r\n                  \"CSharpCode\": \"QH.SetFocusUnit(82119)\"\r\n                },\r\n                {\r\n                  \"$type\": \"Wait\",\r\n                  \"Delay\": 1.0,\r\n                  \"DelayMax\": 0.0\r\n                },\r\n                {\r\n                  \"$type\": \"If\",\r\n                  \"ActionsFalse\": {\r\n                    \"Children\": [],\r\n                    \"IsSpecialElement\": true,\r\n                    \"SpecialElementName\": \"Else\",\r\n                    \"GroupName\": \"\"\r\n                  },\r\n                  \"ActionsTrue\": {\r\n                    \"Children\": [\r\n                      {\r\n                        \"$type\": \"Comment\",\r\n                        \"Text\": \"Banthar Located!!! Let's Kill Her Quickly...\",\r\n                        \"Color\": \"64, 128, 128\"\r\n                      },\r\n                      {\r\n                        \"$type\": \"KillMobsTemplateScriptAction\",\r\n                        \"Template\": {\r\n                          \"$type\": \"KillMobsTemplate\",\r\n                          \"TargetObjects\": [\r\n                            {\r\n                              \"Hotspot\": {\r\n                                \"Position\": \"3253.45 5573.889 63.21471\",\r\n                                \"GroundPosition\": \"0 0 0\",\r\n                                \"IsGroundPosition\": false,\r\n                                \"ContinentId\": 1116\r\n                              },\r\n                              \"Name\": \"Banthar\",\r\n                              \"EntryId\": 82119\r\n                            }\r\n                          ],\r\n                          \"HotspotsX\": [],\r\n                          \"Blackspots\": [],\r\n                          \"ForceLoot\": false,\r\n                          \"ForcePullMobs\": false,\r\n                          \"GameObjectiveIndex\": 1,\r\n                          \"RunTime\": 5.0\r\n                        },\r\n                        \"TimeLimit\": 60\r\n                      }\r\n                    ],\r\n                    \"IsSpecialElement\": true,\r\n                    \"SpecialElementName\": \"Then\",\r\n                    \"GroupName\": \"\"\r\n                  },\r\n                  \"Conditions\": [\r\n                    {\r\n                      \"Condition\": {\r\n                        \"$type\": \"CSharpCondition\",\r\n                        \"CSharpCode\": \"Me.Focus != null && Me.Focus.EntryID == 82119 && !Me.Focus.IsDead && Me.Focus.Distance < 100\"\r\n                      },\r\n                      \"IsNot\": false\r\n                    },\r\n                    {\r\n                      \"Condition\": null,\r\n                      \"IsNot\": false\r\n                    },\r\n                    {\r\n                      \"Condition\": null,\r\n                      \"IsNot\": false\r\n                    },\r\n                    {\r\n                      \"Condition\": null,\r\n                      \"IsNot\": false\r\n                    }\r\n                  ],\r\n                  \"IsNot\": false\r\n                }\r\n              ],\r\n              \"IsSpecialElement\": true,\r\n              \"SpecialElementName\": \"Then\",\r\n              \"GroupName\": \"\"\r\n            },\r\n            \"Conditions\": [\r\n              {\r\n                \"Condition\": {\r\n                  \"$type\": \"CSharpCondition\",\r\n                  \"CSharpCode\": \"HasQuest(35375) && !IsQuestInLogAndComplete(35375)\"\r\n                },\r\n                \"IsNot\": false\r\n              },\r\n              {\r\n                \"Condition\": null,\r\n                \"IsNot\": false\r\n              },\r\n              {\r\n                \"Condition\": null,\r\n                \"IsNot\": false\r\n              },\r\n              {\r\n                \"Condition\": null,\r\n                \"IsNot\": false\r\n              }\r\n            ],\r\n            \"IsNot\": false\r\n          }\r\n        ],\r\n        \"IsSpecialElement\": true,\r\n        \"SpecialElementName\": \"Do\",\r\n        \"GroupName\": \"\"\r\n      },\r\n      \"Conditions\": [\r\n        {\r\n          \"Condition\": {\r\n            \"$type\": \"CSharpCondition\",\r\n            \"CSharpCode\": \"HasQuest(34900) && !IsQuestInLogAndComplete(34900)\"\r\n          },\r\n          \"IsNot\": false\r\n        },\r\n        {\r\n          \"Condition\": null,\r\n          \"IsNot\": false\r\n        },\r\n        {\r\n          \"Condition\": null,\r\n          \"IsNot\": false\r\n        },\r\n        {\r\n          \"Condition\": null,\r\n          \"IsNot\": false\r\n        }\r\n      ],\r\n      \"IsNot\": false\r\n    }\r\n  ],\r\n  \"GroupName\": \"\"\r\n}",
  "ActionOrder": 1,
  "Actions": []
}