{
  "QuestID": 34900,
  "Version": 7,
  "FactionGroup": 1,
  "CreatedOn": "2014-11-29T19:14:33.2235333Z",
  "UpdatedOn": "2015-10-25T09:52:15.0879356Z",
  "Comment": "",
  "CreatedBy": null,
  "AllowUpdates": false,
  "RecommendedLevel": 99,
  "Frequency": 1,
  "QuestStart": {
    "ObjectName": "Digrem Orebar",
    "EntryId": 81955,
    "AdditionalEntryIds": null,
    "ContinentId": 1116,
    "ZoneId": 6755,
    "Position": "2930.979 4812.316 128.1305",
    "TurnInType": 0,
    "IsIndoors": true,
    "MyFaction": 0
  },
  "ActionOrder": 1,
  "Actions": [
    {
      "$type": "CollectObjectsTemplate",
      "TargetObjects": [
        {
          "Hotspot": {
            "Position": "2744.425 5090.081 165.663",
            "GroundPosition": "0 0 0",
            "IsGroundPosition": false,
            "ContinentId": 1116
          },
          "Name": "Tenderhoof Meadowstomper",
          "EntryId": 78459
        }
      ],
      "HotspotsX": [
        {
          "Position": "2747.281 4889.604 164.0447",
          "GroundPosition": "0 0 0",
          "IsGroundPosition": false,
          "ContinentId": 1116
        },
        {
          "Position": "2784.104 5242.719 129.5519",
          "GroundPosition": "0 0 0",
          "ContinentId": 1116
        }
      ],
      "Blackspots": [],
      "IsLoot": false,
      "OpeningCast": true,
      "NoMovement": false,
      "GameObjectiveIndex": 1,
      "RunTime": 5.0
    }
  ]
}