{
  "QuestID": 34915,
  "Version": 4,
  "FactionGroup": 1,
  "CreatedOn": "2014-11-29T16:05:26.6940523Z",
  "UpdatedOn": "2016-01-05T11:19:36.1984288Z",
  "Comment": "",
  "CreatedBy": null,
  "AllowUpdates": false,
  "RecommendedLevel": 98,
  "Frequency": 1,
  "IsStory": true,
  "QuestStart": {
    "ObjectName": "Shadow Hunter Kajassa",
    "EntryId": 80429,
    "AdditionalEntryIds": null,
    "ContinentId": 1116,
    "ZoneId": 6755,
    "Position": "2482.116 5418.397 136.8112",
    "TurnInType": 0,
    "IsIndoors": true,
    "MyFaction": 0
  },
  "ActionOrder": 1,
  "Actions": [
    {
      "$type": "KillMobsTemplate",
      "TargetObjects": [
        {
          "Hotspot": {
            "Position": "2517.567 5528.697 141.0453",
            "GroundPosition": "0 0 0",
            "IsGroundPosition": false,
            "ContinentId": 1116
          },
          "Name": "Savage Warwolf",
          "EntryId": 79755
        },
        {
          "Hotspot": {
            "Position": "2492.465 5561.839 142.1375",
            "GroundPosition": "0 0 0",
            "IsGroundPosition": false,
            "ContinentId": 1116
          },
          "Name": "Warsong Raider",
          "EntryId": 79744
        },
        {
          "Hotspot": {
            "Position": "2516.636 5490.434 148.5809",
            "GroundPosition": "0 0 0",
            "IsGroundPosition": false,
            "ContinentId": 1116
          },
          "Name": "Invading Warsinger",
          "EntryId": 79753
        }
      ],
      "HotspotsX": [
        {
          "Position": "2427.963 5463.694 152.5289",
          "GroundPosition": "0 0 0",
          "ContinentId": 1116
        },
        {
          "Position": "2487.396 5481.979 151.4573",
          "GroundPosition": "0 0 0",
          "ContinentId": 1116
        }
      ],
      "Blackspots": [],
      "ForceLoot": false,
      "ForcePullMobs": false,
      "GameObjectiveIndex": 1,
      "RunTime": 5.0
    }
  ]
}