{
  "QuestID": 34941,
  "Version": 3,
  "FactionGroup": 1,
  "CreatedOn": "2014-11-29T03:31:36.7698078Z",
  "UpdatedOn": "2016-04-09T04:18:52.8791034Z",
  "Comment": "",
  "CreatedBy": null,
  "AllowUpdates": false,
  "RecommendedLevel": 98,
  "Frequency": 1,
  "QuestStart": {
    "ObjectName": "Gar'rok",
    "EntryId": 80434,
    "AdditionalEntryIds": null,
    "ContinentId": 1116,
    "ZoneId": 6755,
    "Position": "4062.486 5047.749 160.7083",
    "TurnInType": 0,
    "IsIndoors": true,
    "MyFaction": 0
  },
  "QuestEnd": {
    "ObjectName": "Kalandrios",
    "EntryId": 80595,
    "AdditionalEntryIds": null,
    "ContinentId": 1116,
    "ZoneId": 6755,
    "Position": "4177.374 5177.474 64.45303",
    "TurnInType": 0,
    "MyFaction": 1
  },
  "ActionOrder": 1,
  "Actions": [
    {
      "$type": "GossipInteractionTemplate",
      "TargetObjects": [
        {
          "Hotspot": {
            "Position": "4062.486 5047.749 160.7083",
            "GroundPosition": "0 0 0",
            "IsGroundPosition": false,
            "ContinentId": 1116
          },
          "Name": "Gar'rok",
          "EntryId": 80434
        }
      ],
      "HotspotsX": [],
      "GossipIndex": 1,
      "Dismount": false,
      "GameObjectiveIndex": 1,
      "RunTime": 5.0
    }
  ]
}