{
  "QuestID": 34943,
  "Version": 4,
  "FactionGroup": 1,
  "CreatedOn": "2014-11-29T01:39:33.2909464Z",
  "UpdatedOn": "2016-04-08T07:55:44.3656319Z",
  "Comment": "",
  "CreatedBy": null,
  "AllowUpdates": false,
  "RecommendedLevel": 98,
  "Frequency": 1,
  "QuestStart": {
    "ObjectName": "Kalandrios",
    "EntryId": 80595,
    "AdditionalEntryIds": null,
    "ContinentId": 1116,
    "ZoneId": 6755,
    "Position": "4177.374 5177.474 64.45313",
    "TurnInType": 0,
    "IsIndoors": true,
    "MyFaction": 0
  },
  "QuestEnd": {
    "ObjectName": "Gar'rok",
    "EntryId": 80434,
    "AdditionalEntryIds": null,
    "ContinentId": 1116,
    "ZoneId": 6755,
    "Position": "4062.486 5047.749 160.7085",
    "TurnInType": 0,
    "MyFaction": 1
  },
  "ActionOrder": 1,
  "Actions": []
}