{
  "QuestID": 34965,
  "Version": 9,
  "FactionGroup": 1,
  "CreatedOn": "2014-11-29T01:35:46.4074139Z",
  "UpdatedOn": "2016-05-21T07:16:35.6226105Z",
  "Comment": "",
  "CreatedBy": null,
  "AllowUpdates": false,
  "RecommendedLevel": 98,
  "Frequency": 1,
  "QuestStart": {
    "ObjectName": "Farseer Drek'Thar",
    "EntryId": 80597,
    "AdditionalEntryIds": null,
    "ContinentId": 1116,
    "ZoneId": 6755,
    "Position": "4179.664 5238.654 65.45081",
    "TurnInType": 0,
    "IsIndoors": true,
    "MyFaction": 0
  },
  "ActionOrder": 1,
  "Actions": [
    {
      "$type": "GossipInteractionTemplate",
      "TargetObjects": [
        {
          "Hotspot": {
            "Position": "4179.664 5238.654 65.45081",
            "GroundPosition": "0 0 0",
            "IsGroundPosition": false,
            "ContinentId": 1116
          },
          "Name": "Farseer Drek'Thar",
          "EntryId": 80597
        }
      ],
      "HotspotsX": [],
      "GossipIndex": 1,
      "Dismount": false,
      "GameObjectiveIndex": 0,
      "RunTime": 5.0
    },
    {
      "$type": "WaitTemplate",
      "TimeSeconds": 65.0,
      "GameObjectiveIndex": 2,
      "RunTime": 5.0
    }
  ]
}