{
  "QuestID": 35024,
  "Version": 2,
  "FactionGroup": 1,
  "CreatedOn": "2016-04-12T16:37:34.5917374Z",
  "UpdatedOn": "2016-04-12T16:37:40.9389133Z",
  "Comment": "",
  "CreatedBy": null,
  "AllowUpdates": false,
  "QuestStart": {
    "ObjectName": "Gar'rok",
    "EntryId": 80864,
    "AdditionalEntryIds": null,
    "ContinentId": 1116,
    "ZoneId": 6755,
    "Position": "2774.334 7014.063 11.02614",
    "TurnInType": 0,
    "IsIndoors": true,
    "MyFaction": 0
  },
  "ActionOrder": 1,
  "Actions": [
    {
      "$type": "KillMobsTemplate",
      "TargetObjects": [
        {
          "Hotspot": {
            "Position": "2817.156 7196.831 35.43383",
            "GroundPosition": "0 0 0",
            "IsGroundPosition": false,
            "ContinentId": 1116
          },
          "Name": "Golmash Hellscream",
          "EntryId": 80747
        }
      ],
      "HotspotsX": [
        {
          "Position": "2819.826 7161.501 35.12381",
          "GroundPosition": "0 0 0",
          "IsGroundPosition": false,
          "ContinentId": 1116
        }
      ],
      "Blackspots": [],
      "ForceLoot": false,
      "ForcePullMobs": false,
      "GameObjectiveIndex": 1,
      "RunTime": 5.0
    }
  ]
}