{
  "QuestID": 35023,
  "Version": 5,
  "FactionGroup": 1,
  "CreatedOn": "2014-11-29T15:04:36.7091101Z",
  "UpdatedOn": "2016-04-12T16:03:25.1637976Z",
  "Comment": "",
  "CreatedBy": null,
  "AllowUpdates": false,
  "RecommendedLevel": 99,
  "Frequency": 1,
  "QuestStart": {
    "ObjectName": "Dahaka",
    "EntryId": 80866,
    "AdditionalEntryIds": null,
    "ContinentId": 1116,
    "ZoneId": 6755,
    "Position": "2776.23 7015.759 11.01582",
    "TurnInType": 0,
    "IsIndoors": true,
    "MyFaction": 0
  },
  "ActionOrder": 1,
  "Actions": [
    {
      "$type": "KillMobsTemplate",
      "TargetObjects": [
        {
          "Hotspot": {
            "Position": "2755.342 7071.76 13.58706",
            "GroundPosition": "0 0 0",
            "IsGroundPosition": false,
            "ContinentId": 1116
          },
          "Name": "Tormented Echo",
          "EntryId": 80748
        }
      ],
      "HotspotsX": [
        {
          "Position": "2767.805 7060.561 14.22885",
          "GroundPosition": "0 0 0",
          "ContinentId": 1116
        },
        {
          "Position": "2812.664 7135.618 28.56584",
          "GroundPosition": "0 0 0",
          "ContinentId": 1116
        },
        {
          "Position": "2893.6 7157.527 23.04089",
          "GroundPosition": "0 0 0",
          "ContinentId": 1116
        }
      ],
      "Blackspots": [],
      "ForceLoot": false,
      "ForcePullMobs": false,
      "GameObjectiveIndex": 1,
      "RunTime": 5.0
    }
  ]
}