{
  "QuestID": 35083,
  "Version": 19,
  "FactionGroup": 1,
  "CreatedOn": "2014-11-29T13:54:47.3680234Z",
  "UpdatedOn": "2016-04-12T02:53:19.1588289Z",
  "Comment": "",
  "CreatedBy": null,
  "AllowUpdates": false,
  "RecommendedLevel": 99,
  "Frequency": 1,
  "QuestStart": {
    "ObjectName": "Shamanstone",
    "EntryId": 233263,
    "AdditionalEntryIds": null,
    "ContinentId": 1116,
    "ZoneId": 6755,
    "Position": "2806.828 6158.688 57.06825",
    "TurnInType": 1,
    "IsIndoors": true,
    "MyFaction": 1
  },
  "QuestEnd": {
    "ObjectName": "Shamanstone",
    "EntryId": 233263,
    "AdditionalEntryIds": [],
    "ContinentId": 1116,
    "ZoneId": 6755,
    "Position": "2324.057 6355.702 48.90668",
    "TurnInType": 1,
    "IsIndoors": true,
    "MyFaction": 1
  },
  "UseScript": true,
  "ScriptText": "{\r\n  \"Children\": [\r\n    {\r\n      \"$type\": \"ActionSequence\",\r\n      \"Children\": [\r\n        {\r\n          \"$type\": \"LoadCSharpScript\",\r\n          \"FileName\": \"QH.cs\"\r\n        },\r\n        {\r\n          \"$type\": \"CSharpAction\",\r\n          \"CSharpCode\": \"QH.API = this;\"\r\n        },\r\n        {\r\n          \"$type\": \"While\",\r\n          \"LoopActions\": {\r\n            \"Children\": [\r\n              {\r\n                \"$type\": \"While\",\r\n                \"LoopActions\": {\r\n                  \"Children\": [\r\n                    {\r\n                      \"$type\": \"CollectObjectsTemplateScriptAction\",\r\n                      \"Template\": {\r\n                        \"$type\": \"CollectObjectsTemplate\",\r\n                        \"TargetObjects\": [\r\n                          {\r\n                            \"Hotspot\": {\r\n                              \"Position\": \"2540.892 6346.757 47.50848\",\r\n                              \"GroundPosition\": \"0 0 0\",\r\n                              \"IsGroundPosition\": false,\r\n                              \"ContinentId\": 1116\r\n                            },\r\n                            \"Name\": \"Ritual Totem\",\r\n                            \"EntryId\": 81705\r\n                          }\r\n                        ],\r\n                        \"HotspotsX\": [\r\n                          {\r\n                            \"Position\": \"2524.564 6321.53 47.34444\",\r\n                            \"GroundPosition\": \"0 0 0\",\r\n                            \"IsGroundPosition\": false,\r\n                            \"ContinentId\": 1116\r\n                          }\r\n                        ],\r\n                        \"Blackspots\": [],\r\n                        \"IsLoot\": true,\r\n                        \"OpeningCast\": false,\r\n                        \"NoMovement\": false,\r\n                        \"GameObjectiveIndex\": 1,\r\n                        \"RunTime\": 5.0\r\n                      },\r\n                      \"TimeLimit\": 0\r\n                    }\r\n                  ],\r\n                  \"IsSpecialElement\": true,\r\n                  \"SpecialElementName\": \"Do\",\r\n                  \"GroupName\": \"\"\r\n                },\r\n                \"Conditions\": [\r\n                  {\r\n                    \"Condition\": {\r\n                      \"$type\": \"CSharpCondition\",\r\n                      \"CSharpCode\": \"HasQuest(35083) && !IsQuestObjectiveComplete(35083,2)\"\r\n                    },\r\n                    \"IsNot\": false\r\n                  },\r\n                  {\r\n                    \"Condition\": null,\r\n                    \"IsNot\": false\r\n                  },\r\n                  {\r\n                    \"Condition\": null,\r\n                    \"IsNot\": false\r\n                  },\r\n                  {\r\n                    \"Condition\": null,\r\n                    \"IsNot\": false\r\n                  }\r\n                ],\r\n                \"IsNot\": false\r\n              },\r\n              {\r\n                \"$type\": \"If\",\r\n                \"ActionsFalse\": {\r\n                  \"Children\": [],\r\n                  \"IsSpecialElement\": true,\r\n                  \"SpecialElementName\": \"Else\",\r\n                  \"GroupName\": \"\"\r\n                },\r\n                \"ActionsTrue\": {\r\n                  \"Children\": [\r\n                    {\r\n                      \"$type\": \"Comment\",\r\n                      \"Text\": \"\\\"Treasure: Warsong Cache\\\"\",\r\n                      \"Color\": \"0, 128, 255\"\r\n                    },\r\n                    {\r\n                      \"$type\": \"MoveTo\",\r\n                      \"Hotspot\": {\r\n                        \"Position\": \"2634.264 6357.813 45.67276\",\r\n                        \"GroundPosition\": \"0 0 0\",\r\n                        \"IsGroundPosition\": false,\r\n                        \"ContinentId\": 1116\r\n                      },\r\n                      \"Method\": \"Navi\"\r\n                    },\r\n                    {\r\n                      \"$type\": \"CSharpAction\",\r\n                      \"CSharpCode\": \"DisableCombat = true;\\r\\n\"\r\n                    },\r\n                    {\r\n                      \"$type\": \"MoveTo\",\r\n                      \"Hotspot\": {\r\n                        \"Position\": \"2635.229 6363.189 47.07081\",\r\n                        \"GroundPosition\": \"0 0 0\",\r\n                        \"IsGroundPosition\": false,\r\n                        \"ContinentId\": 1116\r\n                      },\r\n                      \"Method\": \"Navi\"\r\n                    },\r\n                    {\r\n                      \"$type\": \"MoveTo\",\r\n                      \"Hotspot\": {\r\n                        \"Position\": \"2637.587 6375.282 49.62018\",\r\n                        \"GroundPosition\": \"0 0 0\",\r\n                        \"UseCTM\": true,\r\n                        \"NoMount\": true,\r\n                        \"IsGroundPosition\": false,\r\n                        \"IsIndoors\": true,\r\n                        \"ContinentId\": 1116\r\n                      }\r\n                    },\r\n                    {\r\n                      \"$type\": \"CollectObjectsTemplateScriptAction\",\r\n                      \"Template\": {\r\n                        \"$type\": \"CollectObjectsTemplate\",\r\n                        \"TargetObjects\": [\r\n                          {\r\n                            \"Hotspot\": {\r\n                              \"Position\": \"2642.108 6373.464 49.61965\",\r\n                              \"GroundPosition\": \"0 0 0\",\r\n                              \"IsGroundPosition\": false,\r\n                              \"IsIndoors\": true,\r\n                              \"ContinentId\": 1116\r\n                            },\r\n                            \"Name\": \"Warsong Cache\",\r\n                            \"EntryId\": 233135\r\n                          }\r\n                        ],\r\n                        \"HotspotsX\": [\r\n                          {\r\n                            \"Position\": \"2641.506 6374.293 49.67326\",\r\n                            \"GroundPosition\": \"0 0 0\",\r\n                            \"UseCTM\": true,\r\n                            \"IsGroundPosition\": false,\r\n                            \"IsIndoors\": true,\r\n                            \"ContinentId\": 1116\r\n                          }\r\n                        ],\r\n                        \"Blackspots\": [],\r\n                        \"IsLoot\": true,\r\n                        \"OpeningCast\": false,\r\n                        \"NoMovement\": false,\r\n                        \"GameObjectiveIndex\": 1,\r\n                        \"RunTime\": 5.0\r\n                      },\r\n                      \"TimeLimit\": 0\r\n                    },\r\n                    {\r\n                      \"$type\": \"MoveTo\",\r\n                      \"Hotspot\": {\r\n                        \"Position\": \"2637.658 6375.439 49.62091\",\r\n                        \"GroundPosition\": \"0 0 0\",\r\n                        \"UseCTM\": true,\r\n                        \"NoMount\": true,\r\n                        \"IsGroundPosition\": false,\r\n                        \"IsIndoors\": true,\r\n                        \"ContinentId\": 1116\r\n                      }\r\n                    },\r\n                    {\r\n                      \"$type\": \"MoveTo\",\r\n                      \"Hotspot\": {\r\n                        \"Position\": \"2635.974 6366.269 47.62953\",\r\n                        \"GroundPosition\": \"0 0 0\",\r\n                        \"UseCTM\": true,\r\n                        \"NoMount\": true,\r\n                        \"IsGroundPosition\": false,\r\n                        \"ContinentId\": 1116\r\n                      }\r\n                    },\r\n                    {\r\n                      \"$type\": \"CSharpAction\",\r\n                      \"CSharpCode\": \"DisableCombat = false;\"\r\n                    }\r\n                  ],\r\n                  \"IsSpecialElement\": true,\r\n                  \"SpecialElementName\": \"Then\",\r\n                  \"GroupName\": \"\"\r\n                },\r\n                \"Conditions\": [\r\n                  {\r\n                    \"Condition\": {\r\n                      \"$type\": \"CSharpCondition\",\r\n                      \"CSharpCode\": \"!IsQuestCompleted(35695)\"\r\n                    },\r\n                    \"IsNot\": false\r\n                  },\r\n                  {\r\n                    \"Condition\": null,\r\n                    \"IsNot\": false\r\n                  },\r\n                  {\r\n                    \"Condition\": null,\r\n                    \"IsNot\": false\r\n                  },\r\n                  {\r\n                    \"Condition\": null,\r\n                    \"IsNot\": false\r\n                  }\r\n                ],\r\n                \"IsNot\": false\r\n              },\r\n              {\r\n                \"$type\": \"If\",\r\n                \"ActionsFalse\": {\r\n                  \"Children\": [],\r\n                  \"IsSpecialElement\": true,\r\n                  \"SpecialElementName\": \"Else\",\r\n                  \"GroupName\": \"\"\r\n                },\r\n                \"ActionsTrue\": {\r\n                  \"Children\": [\r\n                    {\r\n                      \"$type\": \"Comment\",\r\n                      \"Text\": \"\\\"RARE: Gar'lua\\\"\",\r\n                      \"Color\": \"0, 128, 255\"\r\n                    },\r\n                    {\r\n                      \"$type\": \"MoveTo\",\r\n                      \"Hotspot\": {\r\n                        \"Position\": \"2799.191 6412.578 46.47883\",\r\n                        \"GroundPosition\": \"0 0 0\",\r\n                        \"IsGroundPosition\": false,\r\n                        \"ContinentId\": 1116\r\n                      },\r\n                      \"Method\": \"Navi\"\r\n                    },\r\n                    {\r\n                      \"$type\": \"MoveTo\",\r\n                      \"Hotspot\": {\r\n                        \"Position\": \"2810.057 6369.587 47.60735\",\r\n                        \"GroundPosition\": \"0 0 0\",\r\n                        \"IsGroundPosition\": false,\r\n                        \"ContinentId\": 1116\r\n                      },\r\n                      \"Method\": \"Navi\"\r\n                    },\r\n                    {\r\n                      \"$type\": \"CSharpAction\",\r\n                      \"CSharpCode\": \"Me.ClearFocus();\\r\\n\"\r\n                    },\r\n                    {\r\n                      \"$type\": \"If\",\r\n                      \"ActionsFalse\": {\r\n                        \"Children\": [],\r\n                        \"IsSpecialElement\": true,\r\n                        \"SpecialElementName\": \"Else\",\r\n                        \"GroupName\": \"\"\r\n                      },\r\n                      \"ActionsTrue\": {\r\n                        \"Children\": [\r\n                          {\r\n                            \"$type\": \"Comment\",\r\n                            \"Text\": \"Demolisher Outpost Ability is Not Yet Ready. Let's Just Wait a Moment For It. This NPC is Tough...\",\r\n                            \"Color\": \"64, 128, 128\"\r\n                          },\r\n                          {\r\n                            \"$type\": \"CSharpAction\",\r\n                            \"CSharpCode\": \"QH.Fib = new Fiber<int>(QH.WaitForSpell(160241));\\r\\nwhile (QH.Fib.Run())\\r\\n{\\r\\n\\tyield return 100;\\r\\n}\"\r\n                          }\r\n                        ],\r\n                        \"IsSpecialElement\": true,\r\n                        \"SpecialElementName\": \"Then\",\r\n                        \"GroupName\": \"\"\r\n                      },\r\n                      \"Conditions\": [\r\n                        {\r\n                          \"Condition\": {\r\n                            \"$type\": \"CSharpCondition\",\r\n                            \"CSharpCode\": \"QH.RemainingSpellCD(160241) != 0 && !Me.IsOnTransport\"\r\n                          },\r\n                          \"IsNot\": false\r\n                        },\r\n                        {\r\n                          \"Condition\": null,\r\n                          \"IsNot\": false\r\n                        },\r\n                        {\r\n                          \"Condition\": null,\r\n                          \"IsNot\": false\r\n                        },\r\n                        {\r\n                          \"Condition\": null,\r\n                          \"IsNot\": false\r\n                        }\r\n                      ],\r\n                      \"IsNot\": false\r\n                    },\r\n                    {\r\n                      \"$type\": \"If\",\r\n                      \"ActionsFalse\": {\r\n                        \"Children\": [],\r\n                        \"IsSpecialElement\": true,\r\n                        \"SpecialElementName\": \"Else\",\r\n                        \"GroupName\": \"\"\r\n                      },\r\n                      \"ActionsTrue\": {\r\n                        \"Children\": [\r\n                          {\r\n                            \"$type\": \"CSharpAction\",\r\n                            \"CSharpCode\": \"QH.UseGuildBanner();\"\r\n                          }\r\n                        ],\r\n                        \"IsSpecialElement\": true,\r\n                        \"SpecialElementName\": \"Then\",\r\n                        \"GroupName\": \"\"\r\n                      },\r\n                      \"Conditions\": [\r\n                        {\r\n                          \"Condition\": {\r\n                            \"$type\": \"CSharpCondition\",\r\n                            \"CSharpCode\": \"QH.BannerAvailable() && Me.Level < 100 && !QH.HasGuildBannerAura()\"\r\n                          },\r\n                          \"IsNot\": false\r\n                        },\r\n                        {\r\n                          \"Condition\": null,\r\n                          \"IsNot\": false\r\n                        },\r\n                        {\r\n                          \"Condition\": null,\r\n                          \"IsNot\": false\r\n                        },\r\n                        {\r\n                          \"Condition\": null,\r\n                          \"IsNot\": false\r\n                        }\r\n                      ],\r\n                      \"IsNot\": false\r\n                    },\r\n                    {\r\n                      \"$type\": \"While\",\r\n                      \"LoopActions\": {\r\n                        \"Children\": [\r\n                          {\r\n                            \"$type\": \"Comment\",\r\n                            \"Text\": \"Waiting For Gar'lua...\",\r\n                            \"Color\": \"64, 128, 128\"\r\n                          },\r\n                          {\r\n                            \"$type\": \"CSharpAction\",\r\n                            \"CSharpCode\": \"QH.SetFocusUnit(82764)\"\r\n                          },\r\n                          {\r\n                            \"$type\": \"Wait\",\r\n                            \"Delay\": 2.0,\r\n                            \"DelayMax\": 3.0\r\n                          }\r\n                        ],\r\n                        \"IsSpecialElement\": true,\r\n                        \"SpecialElementName\": \"Do\",\r\n                        \"GroupName\": \"\"\r\n                      },\r\n                      \"Conditions\": [\r\n                        {\r\n                          \"Condition\": {\r\n                            \"$type\": \"CSharpCondition\",\r\n                            \"CSharpCode\": \"Me.Focus == null && !IsQuestCompleted(35715)\"\r\n                          },\r\n                          \"IsNot\": false\r\n                        },\r\n                        {\r\n                          \"Condition\": null,\r\n                          \"IsNot\": false\r\n                        },\r\n                        {\r\n                          \"Condition\": null,\r\n                          \"IsNot\": false\r\n                        },\r\n                        {\r\n                          \"Condition\": null,\r\n                          \"IsNot\": false\r\n                        }\r\n                      ],\r\n                      \"IsNot\": false\r\n                    },\r\n                    {\r\n                      \"$type\": \"Comment\",\r\n                      \"Text\": \"\\\"Gar'lua Has Been Found!\\\"\",\r\n                      \"Color\": \"0, 128, 192\"\r\n                    },\r\n                    {\r\n                      \"$type\": \"While\",\r\n                      \"LoopActions\": {\r\n                        \"Children\": [\r\n                          {\r\n                            \"$type\": \"CallBlock\",\r\n                            \"Target\": \"Garrison Ability\"\r\n                          },\r\n                          {\r\n                            \"$type\": \"While\",\r\n                            \"LoopActions\": {\r\n                              \"Children\": [\r\n                                {\r\n                                  \"$type\": \"CSharpAction\",\r\n                                  \"CSharpCode\": \"ExecuteLua(\\\"OverrideActionBarLeaveFrameLeaveButton:Click()\\\");\\r\\nyield return 2000;\\r\\n\"\r\n                                }\r\n                              ],\r\n                              \"IsSpecialElement\": true,\r\n                              \"SpecialElementName\": \"Do\",\r\n                              \"GroupName\": \"\"\r\n                            },\r\n                            \"Conditions\": [\r\n                              {\r\n                                \"Condition\": {\r\n                                  \"$type\": \"CSharpCondition\",\r\n                                  \"CSharpCode\": \"Me.IsOnTransport\"\r\n                                },\r\n                                \"IsNot\": false\r\n                              },\r\n                              {\r\n                                \"Condition\": null,\r\n                                \"IsNot\": false\r\n                              },\r\n                              {\r\n                                \"Condition\": null,\r\n                                \"IsNot\": false\r\n                              },\r\n                              {\r\n                                \"Condition\": null,\r\n                                \"IsNot\": false\r\n                              }\r\n                            ],\r\n                            \"IsNot\": false\r\n                          },\r\n                          {\r\n                            \"$type\": \"CSharpAction\",\r\n                            \"CSharpCode\": \"DisableCombat = false;\\r\\n\"\r\n                          },\r\n                          {\r\n                            \"$type\": \"KillMobsTemplateScriptAction\",\r\n                            \"Template\": {\r\n                              \"$type\": \"KillMobsTemplate\",\r\n                              \"TargetObjects\": [\r\n                                {\r\n                                  \"Name\": \"Gar'lua\",\r\n                                  \"EntryId\": 82764,\r\n                                  \"CSharpCode\": \"\"\r\n                                }\r\n                              ],\r\n                              \"HotspotsX\": [],\r\n                              \"Blackspots\": [],\r\n                              \"ForceLoot\": true,\r\n                              \"ForcePullMobs\": false,\r\n                              \"GameObjectiveIndex\": 1,\r\n                              \"RunTime\": 5.0\r\n                            },\r\n                            \"TimeLimit\": 5\r\n                          }\r\n                        ],\r\n                        \"IsSpecialElement\": true,\r\n                        \"SpecialElementName\": \"Do\",\r\n                        \"GroupName\": \"\"\r\n                      },\r\n                      \"Conditions\": [\r\n                        {\r\n                          \"Condition\": {\r\n                            \"$type\": \"CSharpCondition\",\r\n                            \"CSharpCode\": \"Me.Focus != null && !IsQuestCompleted(35715)\"\r\n                          },\r\n                          \"IsNot\": false\r\n                        },\r\n                        {\r\n                          \"Condition\": null,\r\n                          \"IsNot\": false\r\n                        },\r\n                        {\r\n                          \"Condition\": null,\r\n                          \"IsNot\": false\r\n                        },\r\n                        {\r\n                          \"Condition\": null,\r\n                          \"IsNot\": false\r\n                        }\r\n                      ],\r\n                      \"IsNot\": false,\r\n                      \"CheckFrequently\": true\r\n                    },\r\n                    {\r\n                      \"$type\": \"Wait\",\r\n                      \"Delay\": 1.0,\r\n                      \"DelayMax\": 0.0\r\n                    },\r\n                    {\r\n                      \"$type\": \"CSharpAction\",\r\n                      \"CSharpCode\": \"DisableCombat = false;\\r\\n\"\r\n                    }\r\n                  ],\r\n                  \"IsSpecialElement\": true,\r\n                  \"SpecialElementName\": \"Then\",\r\n                  \"GroupName\": \"\"\r\n                },\r\n                \"Conditions\": [\r\n                  {\r\n                    \"Condition\": {\r\n                      \"$type\": \"CSharpCondition\",\r\n                      \"CSharpCode\": \"!IsQuestCompleted(35715)\"\r\n                    },\r\n                    \"IsNot\": false\r\n                  },\r\n                  {\r\n                    \"Condition\": null,\r\n                    \"IsNot\": false\r\n                  },\r\n                  {\r\n                    \"Condition\": null,\r\n                    \"IsNot\": false\r\n                  },\r\n                  {\r\n                    \"Condition\": null,\r\n                    \"IsNot\": false\r\n                  }\r\n                ],\r\n                \"IsNot\": false\r\n              },\r\n              {\r\n                \"$type\": \"While\",\r\n                \"LoopActions\": {\r\n                  \"Children\": [\r\n                    {\r\n                      \"$type\": \"MoveTo\",\r\n                      \"Hotspot\": {\r\n                        \"Position\": \"2813.024 6331.634 50.82599\",\r\n                        \"GroundPosition\": \"0 0 0\",\r\n                        \"IsGroundPosition\": false,\r\n                        \"IsIndoors\": true,\r\n                        \"ContinentId\": 1116\r\n                      },\r\n                      \"Method\": \"Navi\"\r\n                    },\r\n                    {\r\n                      \"$type\": \"CollectObjectsTemplateScriptAction\",\r\n                      \"Template\": {\r\n                        \"$type\": \"CollectObjectsTemplate\",\r\n                        \"TargetObjects\": [\r\n                          {\r\n                            \"Hotspot\": {\r\n                              \"Position\": \"2811.829 6328.718 51.41116\",\r\n                              \"GroundPosition\": \"0 0 0\",\r\n                              \"IsGroundPosition\": false,\r\n                              \"ContinentId\": 1116\r\n                            },\r\n                            \"Name\": \"Warsong Command Brief\",\r\n                            \"EntryId\": 233350\r\n                          }\r\n                        ],\r\n                        \"HotspotsX\": [\r\n                          {\r\n                            \"Position\": \"2813.024 6331.634 50.82599\",\r\n                            \"GroundPosition\": \"0 0 0\",\r\n                            \"IsGroundPosition\": false,\r\n                            \"IsIndoors\": true,\r\n                            \"ContinentId\": 1116\r\n                          }\r\n                        ],\r\n                        \"Blackspots\": [],\r\n                        \"IsLoot\": true,\r\n                        \"OpeningCast\": false,\r\n                        \"NoMovement\": false,\r\n                        \"GameObjectiveIndex\": 1,\r\n                        \"RunTime\": 5.0\r\n                      },\r\n                      \"TimeLimit\": 0\r\n                    }\r\n                  ],\r\n                  \"IsSpecialElement\": true,\r\n                  \"SpecialElementName\": \"Do\",\r\n                  \"GroupName\": \"\"\r\n                },\r\n                \"Conditions\": [\r\n                  {\r\n                    \"Condition\": {\r\n                      \"$type\": \"CSharpCondition\",\r\n                      \"CSharpCode\": \"HasQuest(35271) && !IsQuestObjectiveComplete(35271,1)\"\r\n                    },\r\n                    \"IsNot\": false\r\n                  },\r\n                  {\r\n                    \"Condition\": null,\r\n                    \"IsNot\": false\r\n                  },\r\n                  {\r\n                    \"Condition\": null,\r\n                    \"IsNot\": false\r\n                  },\r\n                  {\r\n                    \"Condition\": null,\r\n                    \"IsNot\": false\r\n                  }\r\n                ],\r\n                \"IsNot\": false\r\n              },\r\n              {\r\n                \"$type\": \"While\",\r\n                \"LoopActions\": {\r\n                  \"Children\": [\r\n                    {\r\n                      \"$type\": \"CollectObjectsTemplateScriptAction\",\r\n                      \"Template\": {\r\n                        \"$type\": \"CollectObjectsTemplate\",\r\n                        \"TargetObjects\": [\r\n                          {\r\n                            \"Hotspot\": {\r\n                              \"Position\": \"2701.682 6558.542 37.99578\",\r\n                              \"GroundPosition\": \"0 0 0\",\r\n                              \"IsGroundPosition\": false,\r\n                              \"ContinentId\": 1116\r\n                            },\r\n                            \"Name\": \"Ritual Totem\",\r\n                            \"EntryId\": 81190\r\n                          }\r\n                        ],\r\n                        \"HotspotsX\": [\r\n                          {\r\n                            \"Position\": \"2728.21 6556.743 45.60852\",\r\n                            \"GroundPosition\": \"0 0 0\",\r\n                            \"IsGroundPosition\": false,\r\n                            \"ContinentId\": 1116\r\n                          }\r\n                        ],\r\n                        \"Blackspots\": [],\r\n                        \"IsLoot\": true,\r\n                        \"OpeningCast\": false,\r\n                        \"NoMovement\": false,\r\n                        \"GameObjectiveIndex\": 1,\r\n                        \"RunTime\": 5.0\r\n                      },\r\n                      \"TimeLimit\": 0\r\n                    }\r\n                  ],\r\n                  \"IsSpecialElement\": true,\r\n                  \"SpecialElementName\": \"Do\",\r\n                  \"GroupName\": \"\"\r\n                },\r\n                \"Conditions\": [\r\n                  {\r\n                    \"Condition\": {\r\n                      \"$type\": \"CSharpCondition\",\r\n                      \"CSharpCode\": \"HasQuest(35083) && !IsQuestObjectiveComplete(35083,1)\"\r\n                    },\r\n                    \"IsNot\": false\r\n                  },\r\n                  {\r\n                    \"Condition\": null,\r\n                    \"IsNot\": false\r\n                  },\r\n                  {\r\n                    \"Condition\": null,\r\n                    \"IsNot\": false\r\n                  },\r\n                  {\r\n                    \"Condition\": null,\r\n                    \"IsNot\": false\r\n                  }\r\n                ],\r\n                \"IsNot\": false\r\n              },\r\n              {\r\n                \"$type\": \"If\",\r\n                \"ActionsFalse\": {\r\n                  \"Children\": [],\r\n                  \"IsSpecialElement\": true,\r\n                  \"SpecialElementName\": \"Else\",\r\n                  \"GroupName\": \"\"\r\n                },\r\n                \"ActionsTrue\": {\r\n                  \"Children\": [\r\n                    {\r\n                      \"$type\": \"Comment\",\r\n                      \"Text\": \"\\\"Treasure: Genedar Debris\\\"\",\r\n                      \"Color\": \"0, 128, 255\"\r\n                    },\r\n                    {\r\n                      \"$type\": \"MoveTo\",\r\n                      \"Hotspot\": {\r\n                        \"Position\": \"2662.625 6602.067 33.56948\",\r\n                        \"GroundPosition\": \"0 0 0\",\r\n                        \"IsGroundPosition\": false,\r\n                        \"ContinentId\": 1116\r\n                      },\r\n                      \"Method\": \"Navi\"\r\n                    },\r\n                    {\r\n                      \"$type\": \"MoveTo\",\r\n                      \"Hotspot\": {\r\n                        \"Position\": \"2651.41 6611.583 25.64762\",\r\n                        \"GroundPosition\": \"0 0 0\",\r\n                        \"UseCTM\": true,\r\n                        \"IsGroundPosition\": false,\r\n                        \"ContinentId\": 1116\r\n                      }\r\n                    },\r\n                    {\r\n                      \"$type\": \"MoveTo\",\r\n                      \"Hotspot\": {\r\n                        \"Position\": \"2648.277 6595.908 27.05087\",\r\n                        \"GroundPosition\": \"0 0 0\",\r\n                        \"UseCTM\": true,\r\n                        \"IsGroundPosition\": false,\r\n                        \"ContinentId\": 1116\r\n                      }\r\n                    },\r\n                    {\r\n                      \"$type\": \"MoveTo\",\r\n                      \"Hotspot\": {\r\n                        \"Position\": \"2647.284 6580.621 22.68169\",\r\n                        \"GroundPosition\": \"0 0 0\",\r\n                        \"UseCTM\": true,\r\n                        \"IsGroundPosition\": false,\r\n                        \"ContinentId\": 1116\r\n                      }\r\n                    },\r\n                    {\r\n                      \"$type\": \"CollectObjectsTemplateScriptAction\",\r\n                      \"Template\": {\r\n                        \"$type\": \"CollectObjectsTemplate\",\r\n                        \"TargetObjects\": [\r\n                          {\r\n                            \"Hotspot\": {\r\n                              \"Position\": \"2648.761 6580.662 22.82538\",\r\n                              \"GroundPosition\": \"0 0 0\",\r\n                              \"IsGroundPosition\": false,\r\n                              \"ContinentId\": 1116\r\n                            },\r\n                            \"Name\": \"Genedar Debris\",\r\n                            \"EntryId\": 233549\r\n                          }\r\n                        ],\r\n                        \"HotspotsX\": [\r\n                          {\r\n                            \"Position\": \"2647.284 6580.621 22.68169\",\r\n                            \"GroundPosition\": \"0 0 0\",\r\n                            \"UseCTM\": true,\r\n                            \"IsGroundPosition\": false,\r\n                            \"ContinentId\": 1116\r\n                          }\r\n                        ],\r\n                        \"Blackspots\": [],\r\n                        \"IsLoot\": true,\r\n                        \"OpeningCast\": false,\r\n                        \"NoMovement\": false,\r\n                        \"GameObjectiveIndex\": 1,\r\n                        \"RunTime\": 5.0\r\n                      },\r\n                      \"TimeLimit\": 0\r\n                    }\r\n                  ],\r\n                  \"IsSpecialElement\": true,\r\n                  \"SpecialElementName\": \"Then\",\r\n                  \"GroupName\": \"\"\r\n                },\r\n                \"Conditions\": [\r\n                  {\r\n                    \"Condition\": {\r\n                      \"$type\": \"CSharpCondition\",\r\n                      \"CSharpCode\": \"!IsQuestCompleted(35999)\"\r\n                    },\r\n                    \"IsNot\": false\r\n                  },\r\n                  {\r\n                    \"Condition\": null,\r\n                    \"IsNot\": false\r\n                  },\r\n                  {\r\n                    \"Condition\": null,\r\n                    \"IsNot\": false\r\n                  },\r\n                  {\r\n                    \"Condition\": null,\r\n                    \"IsNot\": false\r\n                  }\r\n                ],\r\n                \"IsNot\": false\r\n              },\r\n              {\r\n                \"$type\": \"If\",\r\n                \"ActionsFalse\": {\r\n                  \"Children\": [],\r\n                  \"IsSpecialElement\": true,\r\n                  \"SpecialElementName\": \"Else\",\r\n                  \"GroupName\": \"\"\r\n                },\r\n                \"ActionsTrue\": {\r\n                  \"Children\": [\r\n                    {\r\n                      \"$type\": \"Comment\",\r\n                      \"Text\": \"\\\"Treasure: Fragment of Oshu'gun\\\"\",\r\n                      \"Color\": \"0, 128, 255\"\r\n                    },\r\n                    {\r\n                      \"$type\": \"MoveTo\",\r\n                      \"Hotspot\": {\r\n                        \"Position\": \"2413.527 6710.038 8.532767\",\r\n                        \"GroundPosition\": \"0 0 0\",\r\n                        \"IsGroundPosition\": false,\r\n                        \"ContinentId\": 1116\r\n                      },\r\n                      \"Method\": \"Navi\"\r\n                    },\r\n                    {\r\n                      \"$type\": \"CollectObjectsTemplateScriptAction\",\r\n                      \"Template\": {\r\n                        \"$type\": \"CollectObjectsTemplate\",\r\n                        \"TargetObjects\": [\r\n                          {\r\n                            \"Hotspot\": {\r\n                              \"Position\": \"2414.811 6706.011 9.838943\",\r\n                              \"GroundPosition\": \"0 0 0\",\r\n                              \"IsGroundPosition\": false,\r\n                              \"ContinentId\": 1116\r\n                            },\r\n                            \"Name\": \"Fragment of Oshu'gun\",\r\n                            \"EntryId\": 233560\r\n                          }\r\n                        ],\r\n                        \"HotspotsX\": [\r\n                          {\r\n                            \"Position\": \"2413.527 6710.038 8.532767\",\r\n                            \"GroundPosition\": \"0 0 0\",\r\n                            \"IsGroundPosition\": false,\r\n                            \"ContinentId\": 1116\r\n                          }\r\n                        ],\r\n                        \"Blackspots\": [],\r\n                        \"IsLoot\": true,\r\n                        \"OpeningCast\": false,\r\n                        \"NoMovement\": false,\r\n                        \"GameObjectiveIndex\": 1,\r\n                        \"RunTime\": 5.0\r\n                      },\r\n                      \"TimeLimit\": 0\r\n                    }\r\n                  ],\r\n                  \"IsSpecialElement\": true,\r\n                  \"SpecialElementName\": \"Then\",\r\n                  \"GroupName\": \"\"\r\n                },\r\n                \"Conditions\": [\r\n                  {\r\n                    \"Condition\": {\r\n                      \"$type\": \"CSharpCondition\",\r\n                      \"CSharpCode\": \"!IsQuestCompleted(36020)\"\r\n                    },\r\n                    \"IsNot\": false\r\n                  },\r\n                  {\r\n                    \"Condition\": null,\r\n                    \"IsNot\": false\r\n                  },\r\n                  {\r\n                    \"Condition\": null,\r\n                    \"IsNot\": false\r\n                  },\r\n                  {\r\n                    \"Condition\": null,\r\n                    \"IsNot\": false\r\n                  }\r\n                ],\r\n                \"IsNot\": false\r\n              },\r\n              {\r\n                \"$type\": \"If\",\r\n                \"ActionsFalse\": {\r\n                  \"Children\": [],\r\n                  \"IsSpecialElement\": true,\r\n                  \"SpecialElementName\": \"Else\",\r\n                  \"GroupName\": \"\"\r\n                },\r\n                \"ActionsTrue\": {\r\n                  \"Children\": [\r\n                    {\r\n                      \"$type\": \"Comment\",\r\n                      \"Text\": \"\\\"Treasure: Genedar Debris\\\"\",\r\n                      \"Color\": \"0, 128, 255\"\r\n                    },\r\n                    {\r\n                      \"$type\": \"MoveTo\",\r\n                      \"Hotspot\": {\r\n                        \"Position\": \"2376.179 6780.712 27.45077\",\r\n                        \"GroundPosition\": \"0 0 0\",\r\n                        \"IsGroundPosition\": false,\r\n                        \"ContinentId\": 1116\r\n                      },\r\n                      \"Method\": \"Navi\"\r\n                    },\r\n                    {\r\n                      \"$type\": \"CollectObjectsTemplateScriptAction\",\r\n                      \"Template\": {\r\n                        \"$type\": \"CollectObjectsTemplate\",\r\n                        \"TargetObjects\": [\r\n                          {\r\n                            \"Hotspot\": {\r\n                              \"Position\": \"2366.674 6772.226 28.61595\",\r\n                              \"GroundPosition\": \"0 0 0\",\r\n                              \"IsGroundPosition\": false,\r\n                              \"ContinentId\": 1116\r\n                            },\r\n                            \"Name\": \"Genedar Debris\",\r\n                            \"EntryId\": 233551\r\n                          }\r\n                        ],\r\n                        \"HotspotsX\": [\r\n                          {\r\n                            \"Position\": \"2376.179 6780.712 27.45077\",\r\n                            \"GroundPosition\": \"0 0 0\",\r\n                            \"IsGroundPosition\": false,\r\n                            \"ContinentId\": 1116\r\n                          }\r\n                        ],\r\n                        \"Blackspots\": [],\r\n                        \"IsLoot\": true,\r\n                        \"OpeningCast\": false,\r\n                        \"NoMovement\": false,\r\n                        \"GameObjectiveIndex\": 1,\r\n                        \"RunTime\": 5.0\r\n                      },\r\n                      \"TimeLimit\": 0\r\n                    }\r\n                  ],\r\n                  \"IsSpecialElement\": true,\r\n                  \"SpecialElementName\": \"Then\",\r\n                  \"GroupName\": \"\"\r\n                },\r\n                \"Conditions\": [\r\n                  {\r\n                    \"Condition\": {\r\n                      \"$type\": \"CSharpCondition\",\r\n                      \"CSharpCode\": \"!IsQuestCompleted(36002)\"\r\n                    },\r\n                    \"IsNot\": false\r\n                  },\r\n                  {\r\n                    \"Condition\": null,\r\n                    \"IsNot\": false\r\n                  },\r\n                  {\r\n                    \"Condition\": null,\r\n                    \"IsNot\": false\r\n                  },\r\n                  {\r\n                    \"Condition\": null,\r\n                    \"IsNot\": false\r\n                  }\r\n                ],\r\n                \"IsNot\": false\r\n              },\r\n              {\r\n                \"$type\": \"If\",\r\n                \"ActionsFalse\": {\r\n                  \"Children\": [],\r\n                  \"IsSpecialElement\": true,\r\n                  \"SpecialElementName\": \"Else\",\r\n                  \"GroupName\": \"\"\r\n                },\r\n                \"ActionsTrue\": {\r\n                  \"Children\": [\r\n                    {\r\n                      \"$type\": \"MoveTo\",\r\n                      \"Hotspot\": {\r\n                        \"Position\": \"2216.443 6636.218 32.65094\",\r\n                        \"GroundPosition\": \"0 0 0\",\r\n                        \"IsGroundPosition\": false,\r\n                        \"ContinentId\": 1116\r\n                      },\r\n                      \"Method\": \"Navi\"\r\n                    }\r\n                  ],\r\n                  \"IsSpecialElement\": true,\r\n                  \"SpecialElementName\": \"Then\",\r\n                  \"GroupName\": \"\"\r\n                },\r\n                \"Conditions\": [\r\n                  {\r\n                    \"Condition\": {\r\n                      \"$type\": \"CSharpCondition\",\r\n                      \"CSharpCode\": \"QH.IsClose(2376.2f, 6780.7f, 27.5f,30) || QH.IsClose(2413.5f, 6710.0f, 8.5f,30)\"\r\n                    },\r\n                    \"IsNot\": false\r\n                  },\r\n                  {\r\n                    \"Condition\": null,\r\n                    \"IsNot\": false\r\n                  },\r\n                  {\r\n                    \"Condition\": null,\r\n                    \"IsNot\": false\r\n                  },\r\n                  {\r\n                    \"Condition\": null,\r\n                    \"IsNot\": false\r\n                  }\r\n                ],\r\n                \"IsNot\": false\r\n              },\r\n              {\r\n                \"$type\": \"While\",\r\n                \"LoopActions\": {\r\n                  \"Children\": [\r\n                    {\r\n                      \"$type\": \"CollectObjectsTemplateScriptAction\",\r\n                      \"Template\": {\r\n                        \"$type\": \"CollectObjectsTemplate\",\r\n                        \"TargetObjects\": [\r\n                          {\r\n                            \"Hotspot\": {\r\n                              \"Position\": \"2235.057 6449.094 43.04388\",\r\n                              \"GroundPosition\": \"0 0 0\",\r\n                              \"IsGroundPosition\": false,\r\n                              \"ContinentId\": 1116\r\n                            },\r\n                            \"Name\": \"Ritual Totem\",\r\n                            \"EntryId\": 81706\r\n                          }\r\n                        ],\r\n                        \"HotspotsX\": [\r\n                          {\r\n                            \"Position\": \"2237.763 6426.845 42.79468\",\r\n                            \"GroundPosition\": \"0 0 0\",\r\n                            \"IsGroundPosition\": false,\r\n                            \"ContinentId\": 1116\r\n                          }\r\n                        ],\r\n                        \"Blackspots\": [],\r\n                        \"IsLoot\": true,\r\n                        \"OpeningCast\": false,\r\n                        \"NoMovement\": false,\r\n                        \"GameObjectiveIndex\": 1,\r\n                        \"RunTime\": 5.0\r\n                      },\r\n                      \"TimeLimit\": 0\r\n                    }\r\n                  ],\r\n                  \"IsSpecialElement\": true,\r\n                  \"SpecialElementName\": \"Do\",\r\n                  \"GroupName\": \"\"\r\n                },\r\n                \"Conditions\": [\r\n                  {\r\n                    \"Condition\": {\r\n                      \"$type\": \"CSharpCondition\",\r\n                      \"CSharpCode\": \"HasQuest(35083) && !IsQuestObjectiveComplete(35083,3)\"\r\n                    },\r\n                    \"IsNot\": false\r\n                  },\r\n                  {\r\n                    \"Condition\": null,\r\n                    \"IsNot\": false\r\n                  },\r\n                  {\r\n                    \"Condition\": null,\r\n                    \"IsNot\": false\r\n                  },\r\n                  {\r\n                    \"Condition\": null,\r\n                    \"IsNot\": false\r\n                  }\r\n                ],\r\n                \"IsNot\": false\r\n              },\r\n              {\r\n                \"$type\": \"If\",\r\n                \"ActionsFalse\": {\r\n                  \"Children\": [],\r\n                  \"IsSpecialElement\": true,\r\n                  \"SpecialElementName\": \"Else\",\r\n                  \"GroupName\": \"\"\r\n                },\r\n                \"ActionsTrue\": {\r\n                  \"Children\": [\r\n                    {\r\n                      \"$type\": \"MoveTo\",\r\n                      \"Hotspot\": {\r\n                        \"Position\": \"2376.54 6248.976 61.72347\",\r\n                        \"GroundPosition\": \"0 0 0\",\r\n                        \"IsGroundPosition\": false,\r\n                        \"ContinentId\": 1116\r\n                      },\r\n                      \"Method\": \"Navi\"\r\n                    },\r\n                    {\r\n                      \"$type\": \"MoveTo\",\r\n                      \"Hotspot\": {\r\n                        \"Position\": \"2364.098 6225.667 62.80676\",\r\n                        \"GroundPosition\": \"0 0 0\",\r\n                        \"IsGroundPosition\": false,\r\n                        \"ContinentId\": 1116\r\n                      },\r\n                      \"Method\": \"Navi\"\r\n                    },\r\n                    {\r\n                      \"$type\": \"KillMobsTemplateScriptAction\",\r\n                      \"Template\": {\r\n                        \"$type\": \"KillMobsTemplate\",\r\n                        \"TargetObjects\": [\r\n                          {\r\n                            \"Hotspot\": {\r\n                              \"Position\": \"2373.342 6241.18 62.9681\",\r\n                              \"GroundPosition\": \"0 0 0\",\r\n                              \"IsGroundPosition\": false,\r\n                              \"ContinentId\": 1116\r\n                            },\r\n                            \"Name\": \"Ritualist Kuhlrath\",\r\n                            \"EntryId\": 81142\r\n                          }\r\n                        ],\r\n                        \"HotspotsX\": [\r\n                          {\r\n                            \"Position\": \"2375.824 6214.66 64.97451\",\r\n                            \"GroundPosition\": \"0 0 0\",\r\n                            \"IsGroundPosition\": false,\r\n                            \"ContinentId\": 1116\r\n                          }\r\n                        ],\r\n                        \"Blackspots\": [],\r\n                        \"ForceLoot\": false,\r\n                        \"ForcePullMobs\": false,\r\n                        \"GameObjectiveIndex\": 1,\r\n                        \"RunTime\": 5.0\r\n                      },\r\n                      \"TimeLimit\": 0\r\n                    }\r\n                  ],\r\n                  \"IsSpecialElement\": true,\r\n                  \"SpecialElementName\": \"Then\",\r\n                  \"GroupName\": \"\"\r\n                },\r\n                \"Conditions\": [\r\n                  {\r\n                    \"Condition\": {\r\n                      \"$type\": \"CSharpCondition\",\r\n                      \"CSharpCode\": \"HasQuest(35084) && !IsQuestObjectiveComplete(35084,1)\"\r\n                    },\r\n                    \"IsNot\": false\r\n                  },\r\n                  {\r\n                    \"Condition\": null,\r\n                    \"IsNot\": false\r\n                  },\r\n                  {\r\n                    \"Condition\": null,\r\n                    \"IsNot\": false\r\n                  },\r\n                  {\r\n                    \"Condition\": null,\r\n                    \"IsNot\": false\r\n                  }\r\n                ],\r\n                \"IsNot\": false\r\n              },\r\n              {\r\n                \"$type\": \"While\",\r\n                \"LoopActions\": {\r\n                  \"Children\": [\r\n                    {\r\n                      \"$type\": \"MoveTo\",\r\n                      \"Hotspot\": {\r\n                        \"Position\": \"2377.706 6211.56 66.94836\",\r\n                        \"GroundPosition\": \"0 0 0\",\r\n                        \"IsGroundPosition\": false,\r\n                        \"ContinentId\": 1116\r\n                      },\r\n                      \"Method\": \"Navi\"\r\n                    },\r\n                    {\r\n                      \"$type\": \"MoveTo\",\r\n                      \"Hotspot\": {\r\n                        \"Position\": \"2382.332 6208.368 67.6105\",\r\n                        \"GroundPosition\": \"0 0 0\",\r\n                        \"NoMount\": true,\r\n                        \"IsGroundPosition\": false,\r\n                        \"IsIndoors\": true,\r\n                        \"ContinentId\": 1116\r\n                      },\r\n                      \"Method\": \"Navi\"\r\n                    },\r\n                    {\r\n                      \"$type\": \"CollectObjectsTemplateScriptAction\",\r\n                      \"Template\": {\r\n                        \"$type\": \"CollectObjectsTemplate\",\r\n                        \"TargetObjects\": [\r\n                          {\r\n                            \"Hotspot\": {\r\n                              \"Position\": \"2385.42 6211.614 68.86607\",\r\n                              \"GroundPosition\": \"0 0 0\",\r\n                              \"IsGroundPosition\": false,\r\n                              \"IsIndoors\": true,\r\n                              \"ContinentId\": 1116\r\n                            },\r\n                            \"Name\": \"Nagrand Scouting Report\",\r\n                            \"EntryId\": 232025\r\n                          }\r\n                        ],\r\n                        \"HotspotsX\": [\r\n                          {\r\n                            \"Position\": \"2384.213 6210.513 67.6105\",\r\n                            \"GroundPosition\": \"0 0 0\",\r\n                            \"IsGroundPosition\": false,\r\n                            \"IsIndoors\": true,\r\n                            \"ContinentId\": 1116\r\n                          }\r\n                        ],\r\n                        \"Blackspots\": [],\r\n                        \"IsLoot\": true,\r\n                        \"OpeningCast\": false,\r\n                        \"NoMovement\": false,\r\n                        \"GameObjectiveIndex\": 1,\r\n                        \"RunTime\": 5.0\r\n                      },\r\n                      \"TimeLimit\": 0\r\n                    }\r\n                  ],\r\n                  \"IsSpecialElement\": true,\r\n                  \"SpecialElementName\": \"Do\",\r\n                  \"GroupName\": \"\"\r\n                },\r\n                \"Conditions\": [\r\n                  {\r\n                    \"Condition\": {\r\n                      \"$type\": \"CSharpCondition\",\r\n                      \"CSharpCode\": \"HasQuest(35271) && !IsQuestObjectiveComplete(35271,4)\"\r\n                    },\r\n                    \"IsNot\": false\r\n                  },\r\n                  {\r\n                    \"Condition\": null,\r\n                    \"IsNot\": false\r\n                  },\r\n                  {\r\n                    \"Condition\": null,\r\n                    \"IsNot\": false\r\n                  },\r\n                  {\r\n                    \"Condition\": null,\r\n                    \"IsNot\": false\r\n                  }\r\n                ],\r\n                \"IsNot\": false\r\n              },\r\n              {\r\n                \"$type\": \"While\",\r\n                \"LoopActions\": {\r\n                  \"Children\": [\r\n                    {\r\n                      \"$type\": \"MoveTo\",\r\n                      \"Hotspot\": {\r\n                        \"Position\": \"2345.825 6355.061 54.09632\",\r\n                        \"GroundPosition\": \"0 0 0\",\r\n                        \"IsGroundPosition\": false,\r\n                        \"ContinentId\": 1116\r\n                      },\r\n                      \"Method\": \"Navi\"\r\n                    },\r\n                    {\r\n                      \"$type\": \"CSharpAction\",\r\n                      \"CSharpCode\": \"DisableCombat = true;\\r\\n\"\r\n                    },\r\n                    {\r\n                      \"$type\": \"MoveTo\",\r\n                      \"Hotspot\": {\r\n                        \"Position\": \"2348.491 6357.73 54.42435\",\r\n                        \"GroundPosition\": \"0 0 0\",\r\n                        \"IsGroundPosition\": false,\r\n                        \"ContinentId\": 1116\r\n                      },\r\n                      \"Method\": \"Navi\"\r\n                    },\r\n                    {\r\n                      \"$type\": \"MoveTo\",\r\n                      \"Hotspot\": {\r\n                        \"Position\": \"2354.971 6365.397 56.28071\",\r\n                        \"GroundPosition\": \"0 0 0\",\r\n                        \"UseCTM\": true,\r\n                        \"NoMount\": true,\r\n                        \"IsGroundPosition\": false,\r\n                        \"IsIndoors\": true,\r\n                        \"ContinentId\": 1116\r\n                      }\r\n                    },\r\n                    {\r\n                      \"$type\": \"MoveTo\",\r\n                      \"Hotspot\": {\r\n                        \"Position\": \"2358.065 6365.352 56.33355\",\r\n                        \"GroundPosition\": \"0 0 0\",\r\n                        \"UseCTM\": true,\r\n                        \"NoMount\": true,\r\n                        \"IsGroundPosition\": false,\r\n                        \"IsIndoors\": true,\r\n                        \"ContinentId\": 1116\r\n                      }\r\n                    },\r\n                    {\r\n                      \"$type\": \"CollectObjectsTemplateScriptAction\",\r\n                      \"Template\": {\r\n                        \"$type\": \"CollectObjectsTemplate\",\r\n                        \"TargetObjects\": [\r\n                          {\r\n                            \"Hotspot\": {\r\n                              \"Position\": \"2359.799 6365.278 57.15569\",\r\n                              \"GroundPosition\": \"0 0 0\",\r\n                              \"IsGroundPosition\": false,\r\n                              \"IsIndoors\": true,\r\n                              \"ContinentId\": 1116\r\n                            },\r\n                            \"Name\": \"Warsong Outrider Orders\",\r\n                            \"EntryId\": 233349\r\n                          }\r\n                        ],\r\n                        \"HotspotsX\": [\r\n                          {\r\n                            \"Position\": \"2358.065 6365.352 56.33355\",\r\n                            \"GroundPosition\": \"0 0 0\",\r\n                            \"UseCTM\": true,\r\n                            \"IsGroundPosition\": false,\r\n                            \"IsIndoors\": true,\r\n                            \"ContinentId\": 1116\r\n                          }\r\n                        ],\r\n                        \"Blackspots\": [],\r\n                        \"IsLoot\": true,\r\n                        \"OpeningCast\": false,\r\n                        \"NoMovement\": false,\r\n                        \"GameObjectiveIndex\": 1,\r\n                        \"RunTime\": 5.0\r\n                      },\r\n                      \"TimeLimit\": 0\r\n                    },\r\n                    {\r\n                      \"$type\": \"MoveTo\",\r\n                      \"Hotspot\": {\r\n                        \"Position\": \"2355.646 6365.831 56.28183\",\r\n                        \"GroundPosition\": \"0 0 0\",\r\n                        \"UseCTM\": true,\r\n                        \"NoMount\": true,\r\n                        \"IsGroundPosition\": false,\r\n                        \"IsIndoors\": true,\r\n                        \"ContinentId\": 1116\r\n                      }\r\n                    },\r\n                    {\r\n                      \"$type\": \"MoveTo\",\r\n                      \"Hotspot\": {\r\n                        \"Position\": \"2346.631 6355.898 54.21735\",\r\n                        \"GroundPosition\": \"0 0 0\",\r\n                        \"UseCTM\": true,\r\n                        \"NoMount\": true,\r\n                        \"IsGroundPosition\": false,\r\n                        \"ContinentId\": 1116\r\n                      }\r\n                    },\r\n                    {\r\n                      \"$type\": \"CSharpAction\",\r\n                      \"CSharpCode\": \"DisableCombat = false;\\r\\n\"\r\n                    }\r\n                  ],\r\n                  \"IsSpecialElement\": true,\r\n                  \"SpecialElementName\": \"Do\",\r\n                  \"GroupName\": \"\"\r\n                },\r\n                \"Conditions\": [\r\n                  {\r\n                    \"Condition\": {\r\n                      \"$type\": \"CSharpCondition\",\r\n                      \"CSharpCode\": \"HasQuest(35271) && !IsQuestObjectiveComplete(35271,3)\"\r\n                    },\r\n                    \"IsNot\": false\r\n                  },\r\n                  {\r\n                    \"Condition\": null,\r\n                    \"IsNot\": false\r\n                  },\r\n                  {\r\n                    \"Condition\": null,\r\n                    \"IsNot\": false\r\n                  },\r\n                  {\r\n                    \"Condition\": null,\r\n                    \"IsNot\": false\r\n                  }\r\n                ],\r\n                \"IsNot\": false\r\n              },\r\n              {\r\n                \"$type\": \"While\",\r\n                \"LoopActions\": {\r\n                  \"Children\": [\r\n                    {\r\n                      \"$type\": \"MoveTo\",\r\n                      \"Hotspot\": {\r\n                        \"Position\": \"2783.632 6623.133 33.78458\",\r\n                        \"GroundPosition\": \"0 0 0\",\r\n                        \"IsGroundPosition\": false,\r\n                        \"ContinentId\": 1116\r\n                      },\r\n                      \"Method\": \"Navi\"\r\n                    },\r\n                    {\r\n                      \"$type\": \"CSharpAction\",\r\n                      \"CSharpCode\": \"DisableCombat = true;\\r\\n\"\r\n                    },\r\n                    {\r\n                      \"$type\": \"MoveTo\",\r\n                      \"Hotspot\": {\r\n                        \"Position\": \"2789.671 6628.261 33.80877\",\r\n                        \"GroundPosition\": \"0 0 0\",\r\n                        \"IsGroundPosition\": false,\r\n                        \"ContinentId\": 1116\r\n                      },\r\n                      \"Method\": \"Navi\"\r\n                    },\r\n                    {\r\n                      \"$type\": \"MoveTo\",\r\n                      \"Hotspot\": {\r\n                        \"Position\": \"2798.179 6636.571 35.77007\",\r\n                        \"GroundPosition\": \"0 0 0\",\r\n                        \"UseCTM\": true,\r\n                        \"NoMount\": true,\r\n                        \"IsGroundPosition\": false,\r\n                        \"IsIndoors\": true,\r\n                        \"ContinentId\": 1116\r\n                      }\r\n                    },\r\n                    {\r\n                      \"$type\": \"CollectObjectsTemplateScriptAction\",\r\n                      \"Template\": {\r\n                        \"$type\": \"CollectObjectsTemplate\",\r\n                        \"TargetObjects\": [\r\n                          {\r\n                            \"Hotspot\": {\r\n                              \"Position\": \"2803.482 6636.551 36.16773\",\r\n                              \"GroundPosition\": \"0 0 0\",\r\n                              \"IsGroundPosition\": false,\r\n                              \"ContinentId\": 1116\r\n                            },\r\n                            \"Name\": \"Mixed Unit Tactics\",\r\n                            \"EntryId\": 233351\r\n                          }\r\n                        ],\r\n                        \"HotspotsX\": [\r\n                          {\r\n                            \"Position\": \"2801.074 6636.777 35.76955\",\r\n                            \"GroundPosition\": \"0 0 0\",\r\n                            \"UseCTM\": true,\r\n                            \"IsGroundPosition\": false,\r\n                            \"IsIndoors\": true,\r\n                            \"ContinentId\": 1116\r\n                          }\r\n                        ],\r\n                        \"Blackspots\": [],\r\n                        \"IsLoot\": true,\r\n                        \"OpeningCast\": false,\r\n                        \"NoMovement\": false,\r\n                        \"GameObjectiveIndex\": 1,\r\n                        \"RunTime\": 5.0\r\n                      },\r\n                      \"TimeLimit\": 0\r\n                    },\r\n                    {\r\n                      \"$type\": \"MoveTo\",\r\n                      \"Hotspot\": {\r\n                        \"Position\": \"2798.179 6636.571 35.77007\",\r\n                        \"GroundPosition\": \"0 0 0\",\r\n                        \"UseCTM\": true,\r\n                        \"NoMount\": true,\r\n                        \"IsGroundPosition\": false,\r\n                        \"IsIndoors\": true,\r\n                        \"ContinentId\": 1116\r\n                      }\r\n                    },\r\n                    {\r\n                      \"$type\": \"MoveTo\",\r\n                      \"Hotspot\": {\r\n                        \"Position\": \"2788.594 6627.872 33.81004\",\r\n                        \"GroundPosition\": \"0 0 0\",\r\n                        \"UseCTM\": true,\r\n                        \"NoMount\": true,\r\n                        \"IsGroundPosition\": false,\r\n                        \"ContinentId\": 1116\r\n                      }\r\n                    }\r\n                  ],\r\n                  \"IsSpecialElement\": true,\r\n                  \"SpecialElementName\": \"Do\",\r\n                  \"GroupName\": \"\"\r\n                },\r\n                \"Conditions\": [\r\n                  {\r\n                    \"Condition\": {\r\n                      \"$type\": \"CSharpCondition\",\r\n                      \"CSharpCode\": \"HasQuest(35271) && !IsQuestObjectiveComplete(35271,2)\"\r\n                    },\r\n                    \"IsNot\": false\r\n                  },\r\n                  {\r\n                    \"Condition\": null,\r\n                    \"IsNot\": false\r\n                  },\r\n                  {\r\n                    \"Condition\": null,\r\n                    \"IsNot\": false\r\n                  },\r\n                  {\r\n                    \"Condition\": null,\r\n                    \"IsNot\": false\r\n                  }\r\n                ],\r\n                \"IsNot\": false\r\n              }\r\n            ],\r\n            \"IsSpecialElement\": true,\r\n            \"SpecialElementName\": \"Do\",\r\n            \"GroupName\": \"\"\r\n          },\r\n          \"Conditions\": [\r\n            {\r\n              \"Condition\": {\r\n                \"$type\": \"CSharpCondition\",\r\n                \"CSharpCode\": \"(HasQuest(35083) && !IsQuestInLogAndComplete(35083)) || (HasQuest(35084) && !IsQuestInLogAndComplete(35084)) || (HasQuest(35271) && !IsQuestInLogAndComplete(35271))\"\r\n              },\r\n              \"IsNot\": false\r\n            },\r\n            {\r\n              \"Condition\": null,\r\n              \"IsNot\": false\r\n            },\r\n            {\r\n              \"Condition\": null,\r\n              \"IsNot\": false\r\n            },\r\n            {\r\n              \"Condition\": null,\r\n              \"IsNot\": false\r\n            }\r\n          ],\r\n          \"IsNot\": false\r\n        },\r\n        {\r\n          \"$type\": \"EndThread\",\r\n          \"ThreadName\": null\r\n        },\r\n        {\r\n          \"$type\": \"ActionSequence\",\r\n          \"Children\": [\r\n            {\r\n              \"$type\": \"CSharpAction\",\r\n              \"CSharpCode\": \"QH.Fib = new Fiber<int>(QH.DemolisherGarrisonAbility());\\r\\nwhile(QH.Fib.Run())\\r\\n{\\r\\n\\tyield return 100;\\r\\n}\\r\\n\"\r\n            }\r\n          ],\r\n          \"GroupName\": \"Garrison Ability\"\r\n        }\r\n      ],\r\n      \"GroupName\": \"Quest\"\r\n    }\r\n  ],\r\n  \"GroupName\": \"\"\r\n}",
  "ActionOrder": 1,
  "Actions": []
}