{
  "QuestID": 35085,
  "Version": 9,
  "FactionGroup": 1,
  "CreatedOn": "2016-04-11T22:27:56.5086689Z",
  "UpdatedOn": "2016-05-21T10:33:48.3059053Z",
  "Comment": "",
  "CreatedBy": null,
  "AllowUpdates": false,
  "RecommendedLevel": 99,
  "Frequency": 1,
  "QuestStart": {
    "ObjectName": "Shamanstone",
    "EntryId": 233263,
    "AdditionalEntryIds": null,
    "ContinentId": 1116,
    "ZoneId": 6755,
    "Position": "2747.995 6652.047 29.30395",
    "TurnInType": 1,
    "IsIndoors": true,
    "MyFaction": 1
  },
  "QuestEnd": {
    "ObjectName": "Shamanstone",
    "EntryId": 233263,
    "AdditionalEntryIds": [],
    "ContinentId": 1116,
    "ZoneId": 6755,
    "Position": "2324.057 6355.702 48.90668",
    "TurnInType": 1,
    "IsIndoors": true,
    "MyFaction": 1
  },
  "ActionOrder": 1,
  "Actions": [
    {
      "$type": "MoveToTemplate",
      "Hotspots": [
        {
          "Position": "2285.386 6424.804 42.50544",
          "GroundPosition": "0 0 0",
          "ContinentId": 1116
        },
        {
          "Position": "2256.981 6456.46 44.92723",
          "GroundPosition": "0 0 0",
          "IsGroundPosition": false,
          "ContinentId": 1116
        }
      ],
      "PreventMounting": false,
      "GameObjectiveIndex": 0,
      "RunTime": 5.0
    },
    {
      "$type": "CollectObjectsTemplate",
      "TargetObjects": [
        {
          "Hotspot": {
            "Position": "2689.018 6579.452 37.99578",
            "GroundPosition": "0 0 0",
            "IsGroundPosition": false,
            "ContinentId": 1116
          },
          "Name": "Nether Beacon",
          "EntryId": 232147
        }
      ],
      "HotspotsX": [
        {
          "Position": "2256.981 6456.46 44.92723",
          "GroundPosition": "0 0 0",
          "IsGroundPosition": false,
          "ContinentId": 1116
        }
      ],
      "Blackspots": [],
      "IsLoot": true,
      "OpeningCast": false,
      "NoMovement": false,
      "GameObjectiveIndex": 1,
      "RunTime": 5.0
    }
  ]
}