{
  "QuestID": 35085,
  "Version": 6,
  "FactionGroup": 1,
  "CreatedOn": "2016-04-11T22:27:56.5086689Z",
  "UpdatedOn": "2016-04-12T03:03:11.6073422Z",
  "Comment": "",
  "CreatedBy": null,
  "AllowUpdates": false,
  "QuestStart": {
    "ObjectName": "Shamanstone",
    "EntryId": 233263,
    "AdditionalEntryIds": null,
    "ContinentId": 1116,
    "ZoneId": 6755,
    "Position": "2747.995 6652.047 29.30395",
    "TurnInType": 1,
    "IsIndoors": true,
    "MyFaction": 1
  },
  "QuestEnd": {
    "ObjectName": "Shamanstone",
    "EntryId": 233263,
    "AdditionalEntryIds": [],
    "ContinentId": 1116,
    "ZoneId": 6755,
    "Position": "2324.057 6355.702 48.90668",
    "TurnInType": 1,
    "IsIndoors": true,
    "MyFaction": 1
  },
  "ActionOrder": 1,
  "Actions": [
    {
      "$type": "CollectObjectsTemplate",
      "TargetObjects": [
        {
          "Hotspot": {
            "Position": "2689.018 6579.452 37.99578",
            "GroundPosition": "0 0 0",
            "IsGroundPosition": false,
            "ContinentId": 1116
          },
          "Name": "Nether Beacon",
          "EntryId": 232147
        }
      ],
      "HotspotsX": [
        {
          "Position": "2256.742 6457.385 45.16587",
          "GroundPosition": "0 0 0",
          "IsGroundPosition": false,
          "ContinentId": 1116
        }
      ],
      "Blackspots": [],
      "IsLoot": true,
      "OpeningCast": false,
      "NoMovement": false,
      "GameObjectiveIndex": 1,
      "RunTime": 5.0
    }
  ]
}