{
  "QuestID": 35095,
  "Version": 2,
  "FactionGroup": 1,
  "CreatedOn": "2016-04-12T17:48:44.933101Z",
  "UpdatedOn": "2016-04-12T17:48:55.9130188Z",
  "Comment": "",
  "CreatedBy": null,
  "AllowUpdates": false,
  "RecommendedLevel": 99,
  "Frequency": 1,
  "QuestStart": {
    "ObjectName": "Thrall",
    "EntryId": 80003,
    "AdditionalEntryIds": null,
    "ContinentId": 1116,
    "ZoneId": 6755,
    "Position": "3217.496 4607.062 143.8811",
    "TurnInType": 0,
    "MyFaction": 1
  },
  "QuestEnd": {
    "ObjectName": "Durotan",
    "EntryId": 81186,
    "AdditionalEntryIds": null,
    "ContinentId": 1116,
    "ZoneId": 6755,
    "Position": "3098.438 6550.573 16.09389",
    "TurnInType": 0,
    "MyFaction": 1
  },
  "ActionOrder": 1,
  "Actions": []
}