{
  "QuestID": 35097,
  "Version": 4,
  "FactionGroup": 1,
  "CreatedOn": "2014-11-29T14:53:30.6860503Z",
  "UpdatedOn": "2016-04-12T18:09:10.0876306Z",
  "Comment": "",
  "CreatedBy": null,
  "AllowUpdates": false,
  "RecommendedLevel": 100,
  "Frequency": 1,
  "IsStory": true,
  "QuestStart": {
    "ObjectName": "Uruk Foecleaver",
    "EntryId": 81086,
    "AdditionalEntryIds": null,
    "ContinentId": 1116,
    "ZoneId": 6755,
    "Position": "3330.818 6158.694 19.80283",
    "TurnInType": 0,
    "IsIndoors": true,
    "MyFaction": 0
  },
  "QuestEnd": {
    "ObjectName": "Durotan",
    "EntryId": 81186,
    "AdditionalEntryIds": null,
    "ContinentId": 1116,
    "ZoneId": 6755,
    "Position": "3098.438 6550.573 16.09382",
    "TurnInType": 0,
    "MyFaction": 1
  },
  "ActionOrder": 1,
  "Actions": [
    {
      "$type": "KillMobsTemplate",
      "TargetObjects": [
        {
          "Hotspot": {
            "Position": "3154.075 6163.611 11.41155",
            "GroundPosition": "0 0 0",
            "IsGroundPosition": false,
            "ContinentId": 1116
          },
          "Name": "Uruk Foecleaver",
          "EntryId": 80264
        }
      ],
      "HotspotsX": [
        {
          "Position": "3157.728 6157.551 12.19649",
          "GroundPosition": "0 0 0",
          "IsGroundPosition": false,
          "ContinentId": 1116
        }
      ],
      "Blackspots": [],
      "ForceLoot": false,
      "ForcePullMobs": false,
      "GameObjectiveIndex": 1,
      "RunTime": 5.0
    }
  ]
}