{
  "QuestID": 35099,
  "Version": 5,
  "FactionGroup": 1,
  "CreatedOn": "2014-11-29T14:49:38.198193Z",
  "UpdatedOn": "2016-04-12T18:27:46.9661842Z",
  "Comment": "",
  "CreatedBy": null,
  "AllowUpdates": false,
  "RecommendedLevel": 99,
  "Frequency": 1,
  "QuestStart": {
    "ObjectName": "Senior Sergeant Igerdes",
    "EntryId": 81194,
    "AdditionalEntryIds": null,
    "ContinentId": 1116,
    "ZoneId": 6755,
    "Position": "3330.624 6162.009 19.80308",
    "TurnInType": 0,
    "IsIndoors": true,
    "MyFaction": 0
  },
  "QuestEnd": {
    "ObjectName": "Blood Guard Ehanes",
    "EntryId": 81193,
    "AdditionalEntryIds": null,
    "ContinentId": 1116,
    "ZoneId": 6755,
    "Position": "3114.223 6502.75 17.5783",
    "TurnInType": 0,
    "MyFaction": 1
  },
  "ActionOrder": 1,
  "Actions": [
    {
      "$type": "CollectObjectsTemplate",
      "TargetObjects": [
        {
          "Hotspot": {
            "Position": "3295.57 6130.01 16.88638",
            "GroundPosition": "0 0 0",
            "IsGroundPosition": false,
            "ContinentId": 1116
          },
          "Name": "Iron Horde War Machine",
          "EntryId": 81051
        }
      ],
      "HotspotsX": [
        {
          "Position": "3288.427 6139.387 16.89793",
          "GroundPosition": "0 0 0",
          "ContinentId": 1116
        },
        {
          "Position": "3242.259 6206.963 11.90963",
          "GroundPosition": "0 0 0",
          "ContinentId": 1116
        },
        {
          "Position": "3173.933 6148.132 9.510265",
          "GroundPosition": "0 0 0",
          "ContinentId": 1116
        }
      ],
      "Blackspots": [],
      "IsLoot": true,
      "OpeningCast": false,
      "NoMovement": false,
      "GameObjectiveIndex": 1,
      "RunTime": 5.0
    }
  ]
}