{
  "QuestID": 35101,
  "Version": 4,
  "FactionGroup": 1,
  "CreatedOn": "2014-11-29T14:59:29.4621325Z",
  "UpdatedOn": "2016-04-12T18:34:19.6123469Z",
  "Comment": "",
  "CreatedBy": null,
  "AllowUpdates": false,
  "RecommendedLevel": 100,
  "Frequency": 1,
  "QuestStart": {
    "ObjectName": "Fallen Horde Soldier",
    "EntryId": 81195,
    "AdditionalEntryIds": null,
    "ContinentId": 1116,
    "ZoneId": 6755,
    "Position": "3266.008 6124.249 10.93127",
    "TurnInType": 0,
    "MyFaction": 1
  },
  "QuestEnd": {
    "ObjectName": "Blood Guard Ehanes",
    "EntryId": 81193,
    "AdditionalEntryIds": null,
    "ContinentId": 1116,
    "ZoneId": 6755,
    "Position": "3114.223 6502.75 17.5783",
    "TurnInType": 0,
    "MyFaction": 1
  },
  "ActionOrder": 1,
  "Actions": [
    {
      "$type": "KillMobsTemplate",
      "TargetObjects": [
        {
          "Hotspot": {
            "Position": "3301.27 6024.709 -1.737531",
            "GroundPosition": "0 0 0",
            "IsGroundPosition": false,
            "IsIndoors": true,
            "ContinentId": 1116
          },
          "Name": "Shagor",
          "EntryId": 80263
        }
      ],
      "HotspotsX": [
        {
          "Position": "3310.108 6048.908 -0.08412954",
          "GroundPosition": "0 0 0",
          "IsCaveEntry": true,
          "IsGroundPosition": false,
          "IsIndoors": true,
          "ContinentId": 1116
        }
      ],
      "Blackspots": [],
      "ForceLoot": true,
      "ForcePullMobs": false,
      "GameObjectiveIndex": 1,
      "RunTime": 5.0
    }
  ]
}