{
  "QuestID": 35100,
  "Version": 6,
  "FactionGroup": 1,
  "CreatedOn": "2014-11-29T14:51:12.2927604Z",
  "UpdatedOn": "2016-04-12T18:38:21.9623288Z",
  "Comment": "",
  "CreatedBy": null,
  "AllowUpdates": false,
  "RecommendedLevel": 99,
  "Frequency": 1,
  "QuestStart": {
    "ObjectName": "Senior Sergeant Igerdes",
    "EntryId": 81194,
    "AdditionalEntryIds": null,
    "ContinentId": 1116,
    "ZoneId": 6755,
    "Position": "3330.624 6162.009 19.80308",
    "TurnInType": 0,
    "IsIndoors": true,
    "MyFaction": 0
  },
  "QuestEnd": {
    "ObjectName": "Blood Guard Ehanes",
    "EntryId": 81193,
    "AdditionalEntryIds": null,
    "ContinentId": 1116,
    "ZoneId": 6755,
    "Position": "3114.223 6502.75 17.5783",
    "TurnInType": 0,
    "MyFaction": 1
  },
  "ActionOrder": 1,
  "Actions": [
    {
      "$type": "KillMobsTemplate",
      "TargetObjects": [
        {
          "Hotspot": {
            "Position": "3265.65 6184.158 13.3665",
            "GroundPosition": "0 0 0",
            "IsGroundPosition": false,
            "ContinentId": 1116
          },
          "Name": "Nagrand Raider",
          "EntryId": 80254
        },
        {
          "Hotspot": {
            "Position": "3230.652 6214.067 15.18248",
            "GroundPosition": "0 0 0",
            "IsGroundPosition": false,
            "ContinentId": 1116
          },
          "Name": "Iron Cannoneer",
          "EntryId": 80964
        },
        {
          "Hotspot": {
            "Position": "3219.285 6126.281 12.065",
            "GroundPosition": "0 0 0",
            "IsGroundPosition": false,
            "ContinentId": 1116
          },
          "Name": "Warsong Wolf Master",
          "EntryId": 80253
        },
        {
          "Hotspot": {
            "Position": "3275.82 6154.009 11.90134",
            "GroundPosition": "0 0 0",
            "IsGroundPosition": false,
            "ContinentId": 1116
          },
          "Name": "Lok-rath Windtamer",
          "EntryId": 80255
        }
      ],
      "HotspotsX": [
        {
          "Position": "3153.959 6157.231 11.2164",
          "GroundPosition": "0 0 0",
          "IsGroundPosition": false,
          "ContinentId": 1116
        },
        {
          "Position": "3256.337 6144.672 10.93424",
          "GroundPosition": "0 0 0",
          "IsGroundPosition": false,
          "ContinentId": 1116
        }
      ],
      "Blackspots": [],
      "ForceLoot": false,
      "ForcePullMobs": false,
      "GameObjectiveIndex": 1,
      "RunTime": 5.0
    }
  ]
}