{
  "QuestID": 35144,
  "Version": 8,
  "FactionGroup": 1,
  "CreatedOn": "2014-11-29T13:37:19.4551759Z",
  "UpdatedOn": "2016-04-10T07:20:30.5790068Z",
  "Comment": "",
  "CreatedBy": null,
  "AllowUpdates": false,
  "RecommendedLevel": 99,
  "Frequency": 1,
  "QuestStart": {
    "ObjectName": "Farseer Drek'Thar",
    "EntryId": 81335,
    "AdditionalEntryIds": null,
    "ContinentId": 1116,
    "ZoneId": 6755,
    "Position": "2807.57 6157.297 57.06822",
    "TurnInType": 0,
    "IsIndoors": true,
    "MyFaction": 0
  },
  "QuestEnd": {
    "ObjectName": "Farseer Drek'Thar",
    "EntryId": 81953,
    "AdditionalEntryIds": null,
    "ContinentId": 1116,
    "ZoneId": 6755,
    "Position": "2591.377 6398.95 -39.84946",
    "TurnInType": 0,
    "IsIndoors": true,
    "MyFaction": 1
  },
  "ActionOrder": 1,
  "Actions": [
    {
      "$type": "KillMobsTemplate",
      "TargetObjects": [
        {
          "Hotspot": {
            "Position": "2542.005 6260.74 -62.70511",
            "GroundPosition": "0 0 0",
            "IsGroundPosition": false,
            "IsIndoors": true,
            "ContinentId": 1116
          },
          "Name": "Enslaved Earth Spirit",
          "EntryId": 81409
        },
        {
          "Hotspot": {
            "Position": "2554.771 6091.32 35.06672",
            "GroundPosition": "0 0 0",
            "ContinentId": 1116
          },
          "Name": "Pale Subjugator",
          "EntryId": 81578
        }
      ],
      "HotspotsX": [
        {
          "Position": "2552.265 6063.825 35.41363",
          "GroundPosition": "0 0 0",
          "IsGroundPosition": false,
          "ContinentId": 1116
        },
        {
          "Position": "2695.751 5984.413 45.34845",
          "GroundPosition": "0 0 0",
          "IsGroundPosition": false,
          "ContinentId": 1116
        },
        {
          "Position": "2539.407 6244.696 -61.8769",
          "GroundPosition": "0 0 0",
          "IsCaveEntry": true,
          "IsGroundPosition": false,
          "IsIndoors": true,
          "ContinentId": 1116
        },
        {
          "Position": "2610.138 6305.572 -51.90067",
          "GroundPosition": "0 0 0",
          "IsCaveEntry": true,
          "IsGroundPosition": false,
          "IsIndoors": true,
          "ContinentId": 1116
        },
        {
          "Position": "2539.351 6233.552 -56.38815",
          "GroundPosition": "0 0 0",
          "IsCaveEntry": true,
          "IsGroundPosition": false,
          "IsIndoors": true,
          "ContinentId": 1116
        }
      ],
      "Blackspots": [],
      "ForceLoot": false,
      "ForcePullMobs": false,
      "GameObjectiveIndex": 1,
      "RunTime": 5.0
    }
  ]
}