{
  "QuestID": 35146,
  "Version": 12,
  "FactionGroup": 1,
  "CreatedOn": "2014-11-29T18:31:32.8551497Z",
  "UpdatedOn": "2015-11-23T20:43:48.349505Z",
  "Comment": "",
  "CreatedBy": null,
  "AllowUpdates": false,
  "RecommendedLevel": 98,
  "Frequency": 1,
  "QuestStart": {
    "ObjectName": "Marybelle Walsh",
    "EntryId": 84632,
    "AdditionalEntryIds": null,
    "ContinentId": 1116,
    "ZoneId": 6755,
    "Position": "3131.109 4914.275 128.2749",
    "TurnInType": 0,
    "IsIndoors": true,
    "MyFaction": 0
  },
  "QuestEnd": {
    "ObjectName": "Dr. Hadley Ricard",
    "EntryId": 84861,
    "AdditionalEntryIds": null,
    "ContinentId": 1116,
    "ZoneId": 6755,
    "Position": "3851.594 4390.705 32.03045",
    "TurnInType": 0,
    "MyFaction": 1
  },
  "ActionOrder": 1,
  "Actions": [
    {
      "$type": "GossipInteractionTemplate",
      "TargetObjects": [
        {
          "Hotspot": {
            "Position": "4067.07 4586.508 34.0107",
            "GroundPosition": "0 0 0",
            "IsGroundPosition": false,
            "IsIndoors": true,
            "ContinentId": 1116
          },
          "Name": "Dr. Hadley Ricard",
          "EntryId": 84633
        }
      ],
      "HotspotsX": [
        {
          "Position": "4066.93 4582.069 34.35439",
          "GroundPosition": "0 0 0",
          "UseCTM": true,
          "NoMount": true,
          "IsCaveEntry": true,
          "IsGroundPosition": false,
          "IsIndoors": true,
          "ContinentId": 1116
        }
      ],
      "GossipIndex": 1,
      "Dismount": false,
      "GameObjectiveIndex": 1,
      "RunTime": 5.0
    }
  ]
}