{
  "QuestID": 35145,
  "Version": 16,
  "FactionGroup": 1,
  "CreatedOn": "2014-11-29T13:34:37.6628898Z",
  "UpdatedOn": "2016-04-10T06:58:34.0679102Z",
  "Comment": "",
  "CreatedBy": null,
  "AllowUpdates": false,
  "RecommendedLevel": 99,
  "Frequency": 1,
  "QuestStart": {
    "ObjectName": "Farseer Drek'Thar",
    "EntryId": 81335,
    "AdditionalEntryIds": null,
    "ContinentId": 1116,
    "ZoneId": 6755,
    "Position": "2807.57 6157.297 57.06822",
    "TurnInType": 0,
    "IsIndoors": true,
    "MyFaction": 0
  },
  "QuestEnd": {
    "ObjectName": "Farseer Drek'Thar",
    "EntryId": 81953,
    "AdditionalEntryIds": null,
    "ContinentId": 1116,
    "ZoneId": 6755,
    "Position": "2591.377 6398.95 -39.84946",
    "TurnInType": 0,
    "IsIndoors": true,
    "MyFaction": 1
  },
  "ActionOrder": 1,
  "Actions": [
    {
      "$type": "KillMobsTemplate",
      "TargetObjects": [
        {
          "Hotspot": {
            "Position": "2651.252 6277.632 -67.40098",
            "GroundPosition": "0 0 0",
            "IsGroundPosition": false,
            "IsIndoors": true,
            "ContinentId": 1116
          },
          "Name": "Greyseer",
          "EntryId": 81309
        }
      ],
      "HotspotsX": [
        {
          "Position": "2616.896 6286.82 -56.21943",
          "GroundPosition": "0 0 0",
          "IsCaveEntry": true,
          "IsIndoors": true,
          "ContinentId": 1116
        }
      ],
      "Blackspots": [],
      "ForceLoot": false,
      "ForcePullMobs": false,
      "GameObjectiveIndex": 1,
      "RunTime": 5.0
    },
    {
      "$type": "KillMobsTemplate",
      "TargetObjects": [
        {
          "Hotspot": {
            "Position": "2631.59 6348.667 -48.64657",
            "GroundPosition": "0 0 0",
            "IsGroundPosition": false,
            "IsIndoors": true,
            "ContinentId": 1116
          },
          "Name": "Pale Shade",
          "EntryId": 81782
        },
        {
          "Hotspot": {
            "Position": "2564.38 6289.737 -56.92504",
            "GroundPosition": "0 0 0",
            "IsGroundPosition": false,
            "IsIndoors": true,
            "ContinentId": 1116
          },
          "Name": "Pale Skulker",
          "EntryId": 81308
        },
        {
          "Hotspot": {
            "Position": "2590.957 6077.573 34.88108",
            "GroundPosition": "0 0 0",
            "IsGroundPosition": false,
            "ContinentId": 1116
          },
          "Name": "Pale Subjugator",
          "EntryId": 81578
        }
      ],
      "HotspotsX": [
        {
          "Position": "2573.21 6272.763 -55.92265",
          "GroundPosition": "0 0 0",
          "IsCaveEntry": true,
          "IsGroundPosition": false,
          "IsIndoors": true,
          "ContinentId": 1116
        },
        {
          "Position": "2579.666 6098.031 31.59336",
          "GroundPosition": "0 0 0",
          "IsCaveEntry": true,
          "IsGroundPosition": false,
          "ContinentId": 1116
        }
      ],
      "Blackspots": [],
      "ForceLoot": false,
      "ForcePullMobs": false,
      "GameObjectiveIndex": 2,
      "RunTime": 5.0
    }
  ]
}