{
  "QuestID": 35159,
  "Version": 5,
  "FactionGroup": 1,
  "CreatedOn": "2014-11-29T00:36:22.3179151Z",
  "UpdatedOn": "2015-10-24T07:07:25.749046Z",
  "Comment": "",
  "CreatedBy": null,
  "AllowUpdates": false,
  "RecommendedLevel": 100,
  "Frequency": 1,
  "QuestStart": {
    "ObjectName": "Dalgorsh",
    "EntryId": 81361,
    "AdditionalEntryIds": null,
    "ContinentId": 1116,
    "ZoneId": 6755,
    "Position": "2015.839 4553.194 306.1719",
    "TurnInType": 0,
    "IsIndoors": true,
    "MyFaction": 0
  },
  "QuestEnd": {
    "ObjectName": "Thrall",
    "EntryId": 80003,
    "AdditionalEntryIds": null,
    "ContinentId": 1116,
    "ZoneId": 6755,
    "Position": "3217.496 4607.062 143.881",
    "TurnInType": 0,
    "MyFaction": 1
  },
  "ActionOrder": 1,
  "Actions": [
    {
      "$type": "CollectObjectsTemplate",
      "TargetObjects": [
        {
          "Hotspot": {
            "Position": "1855.616 4620.238 340.8947",
            "GroundPosition": "0 0 0",
            "IsGroundPosition": false,
            "ContinentId": 1116
          },
          "Name": "Portal to Highmaul",
          "EntryId": 81374
        }
      ],
      "HotspotsX": [
        {
          "Position": "1856.912 4626.319 340.9001",
          "GroundPosition": "0 0 0",
          "IsGroundPosition": false,
          "ContinentId": 1116
        }
      ],
      "Blackspots": [],
      "IsLoot": true,
      "OpeningCast": false,
      "NoMovement": false,
      "GameObjectiveIndex": 1,
      "RunTime": 5.0
    }
  ]
}