{
  "QuestID": 35167,
  "Version": 3,
  "FactionGroup": 1,
  "CreatedOn": "2014-11-29T17:30:30.6279808Z",
  "UpdatedOn": "2016-04-12T18:04:22.8824092Z",
  "Comment": "",
  "CreatedBy": null,
  "AllowUpdates": false,
  "RecommendedLevel": 99,
  "Frequency": 1,
  "QuestStart": {
    "ObjectName": "Mankrik",
    "EntryId": 72822,
    "AdditionalEntryIds": null,
    "ContinentId": 1116,
    "ZoneId": 6755,
    "Position": "3107.99 6510.686 17.64623",
    "TurnInType": 0,
    "IsIndoors": true,
    "MyFaction": 0
  },
  "QuestEnd": {
    "ObjectName": "Olgra",
    "EntryId": 82688,
    "AdditionalEntryIds": null,
    "ContinentId": 1116,
    "ZoneId": 6755,
    "Position": "3503.72 5099.708 58.41804",
    "TurnInType": 0,
    "MyFaction": 1
  },
  "ActionOrder": 1,
  "Actions": []
}