{
  "QuestID": 35232,
  "Version": 8,
  "FactionGroup": 1,
  "CreatedOn": "2016-04-09T04:57:50.4856935Z",
  "UpdatedOn": "2016-04-09T09:52:42.7973168Z",
  "Comment": "",
  "CreatedBy": null,
  "AllowUpdates": false,
  "RecommendedLevel": 98,
  "Frequency": 1,
  "QuestStart": {
    "ObjectName": "Farseer Drek'Thar",
    "EntryId": 80597,
    "AdditionalEntryIds": null,
    "ContinentId": 1116,
    "ZoneId": 6755,
    "Position": "4179.664 5238.654 65.45104",
    "TurnInType": 0,
    "IsIndoors": true,
    "MyFaction": 0
  },
  "QuestEnd": {
    "ObjectName": "Farseer Drek'Thar",
    "EntryId": 81335,
    "AdditionalEntryIds": null,
    "ContinentId": 1116,
    "ZoneId": 6755,
    "Position": "2807.57 6157.297 57.06822",
    "TurnInType": 0,
    "MyFaction": 1
  },
  "ActionOrder": 1,
  "Actions": [
    {
      "$type": "GossipInteractionTemplate",
      "TargetObjects": [
        {
          "Hotspot": {
            "Position": "3914.618 5126.026 62.40979",
            "GroundPosition": "0 0 0",
            "IsGroundPosition": false,
            "ContinentId": 1116
          },
          "Name": "Gixmo Moneycash",
          "EntryId": 82844
        }
      ],
      "HotspotsX": [
        {
          "Position": "3917.312 5127.047 62.55706",
          "GroundPosition": "0 0 0",
          "IsGroundPosition": false,
          "ContinentId": 1116
        }
      ],
      "GossipIndex": 1,
      "Dismount": false,
      "GameObjectiveIndex": 1,
      "RunTime": 5.0
    },
    {
      "$type": "CsharpTemplate",
      "CSharpCode": "while (Me.IsOnTransport)\r\n{\r\n    yield return 1000;\r\n}",
      "GameObjectiveIndex": 2,
      "RunTime": 1.0
    }
  ]
}