{
  "QuestID": 35265,
  "Version": 3,
  "FactionGroup": 1,
  "CreatedOn": "2016-04-09T04:56:19.9418437Z",
  "UpdatedOn": "2016-04-09T04:56:46.4458504Z",
  "Comment": "",
  "CreatedBy": null,
  "AllowUpdates": false,
  "QuestStart": {
    "ObjectName": "Farseer Drek'Thar",
    "EntryId": 80597,
    "AdditionalEntryIds": null,
    "ContinentId": 1116,
    "ZoneId": 6755,
    "Position": "4179.664 5238.654 65.45104",
    "TurnInType": 0,
    "IsIndoors": true,
    "MyFaction": 0
  },
  "ActionOrder": 1,
  "Actions": [
    {
      "$type": "GossipInteractionTemplate",
      "TargetObjects": [
        {
          "Hotspot": {
            "Position": "4177.374 5177.474 64.45303",
            "GroundPosition": "0 0 0",
            "IsGroundPosition": false,
            "ContinentId": 1116
          },
          "Name": "Kalandrios",
          "EntryId": 80595
        }
      ],
      "HotspotsX": [
        {
          "Position": "4178.278 5187.456 64.39619",
          "GroundPosition": "0 0 0",
          "IsGroundPosition": false,
          "ContinentId": 1116
        }
      ],
      "GossipIndex": 1,
      "Dismount": false,
      "GameObjectiveIndex": 1,
      "RunTime": 5.0
    }
  ]
}