{
  "QuestID": 35317,
  "Version": 18,
  "FactionGroup": 1,
  "CreatedOn": "2014-11-29T13:49:37.9473649Z",
  "UpdatedOn": "2016-05-21T09:58:39.9330506Z",
  "Comment": "",
  "CreatedBy": null,
  "AllowUpdates": false,
  "RecommendedLevel": 99,
  "Frequency": 1,
  "QuestStart": {
    "ObjectName": "Farseer Drek'Thar",
    "EntryId": 81953,
    "AdditionalEntryIds": null,
    "ContinentId": 1116,
    "ZoneId": 6755,
    "Position": "2591.377 6398.95 -39.84946",
    "TurnInType": 0,
    "IsIndoors": true,
    "MyFaction": 0
  },
  "QuestEnd": {
    "ObjectName": "Farseer Drek'Thar",
    "EntryId": 82070,
    "AdditionalEntryIds": null,
    "ContinentId": 1116,
    "ZoneId": 6755,
    "Position": "4175.518 5248.015 65.45117",
    "TurnInType": 0,
    "MyFaction": 1
  },
  "UseScript": true,
  "ScriptText": "{\r\n  \"Children\": [\r\n    {\r\n      \"$type\": \"LoadCSharpScript\",\r\n      \"FileName\": \"WoDM.cs\"\r\n    },\r\n    {\r\n      \"$type\": \"LoadCSharpScript\",\r\n      \"FileName\": \"DungeonM.cs\"\r\n    },\r\n    {\r\n      \"$type\": \"LoadCSharpScript\",\r\n      \"FileName\": \"QH.cs\"\r\n    },\r\n    {\r\n      \"$type\": \"LoadCSharpScript\",\r\n      \"FileName\": \"Flight.cs\"\r\n    },\r\n    {\r\n      \"$type\": \"LoadCSharpScript\",\r\n      \"FileName\": \"DraenorZones.cs\"\r\n    },\r\n    {\r\n      \"$type\": \"LoadCSharpScript\",\r\n      \"FileName\": \"Localization.cs\"\r\n    },\r\n    {\r\n      \"$type\": \"LoadCSharpScript\",\r\n      \"FileName\": \"MeshM.cs\"\r\n    },\r\n    {\r\n      \"$type\": \"CSharpAction\",\r\n      \"CSharpCode\": \"QH.API = this;\\r\\nFlight.API = this;\\r\\nMeshM.API = this;\\r\\nMeshM.Initialize();\\r\\n\\r\\nG[\\\"BlacklistedNodes\\\"] = new List<Vector3>();\\r\\n\"\r\n    },\r\n    {\r\n      \"$type\": \"CSharpAction\",\r\n      \"CSharpCode\": \"Me.ClearFocus();\\r\\n\"\r\n    },\r\n    {\r\n      \"$type\": \"While\",\r\n      \"LoopActions\": {\r\n        \"Children\": [\r\n          {\r\n            \"$type\": \"While\",\r\n            \"LoopActions\": {\r\n              \"Children\": [\r\n                {\r\n                  \"$type\": \"CSharpAction\",\r\n                  \"CSharpCode\": \"Vector3 destination = new Vector3(2468.745f, 6554.282f, -21.97151f);\\r\\n\\r\\nMeshM.Fib = new Fiber<int>(MeshM.Navigate(destination));\\r\\nwhile(MeshM.Fib.Run())\\r\\n{\\r\\n\\tyield return 100;\\r\\n}\"\r\n                },\r\n                {\r\n                  \"$type\": \"Wait\",\r\n                  \"Delay\": 22.0,\r\n                  \"DelayMax\": 25.0\r\n                }\r\n              ],\r\n              \"IsSpecialElement\": true,\r\n              \"SpecialElementName\": \"Do\",\r\n              \"GroupName\": \"\"\r\n            },\r\n            \"Conditions\": [\r\n              {\r\n                \"Condition\": {\r\n                  \"$type\": \"CSharpCondition\",\r\n                  \"CSharpCode\": \"(HasQuest(35317) && !IsQuestObjectiveComplete(35317,1)) || !QH.IsClose(2468.7f, 6554.3f, -22.0f,50)\"\r\n                },\r\n                \"IsNot\": false\r\n              },\r\n              {\r\n                \"Condition\": null,\r\n                \"IsNot\": false\r\n              },\r\n              {\r\n                \"Condition\": null,\r\n                \"IsNot\": false\r\n              },\r\n              {\r\n                \"Condition\": null,\r\n                \"IsNot\": false\r\n              }\r\n            ],\r\n            \"IsNot\": false\r\n          },\r\n          {\r\n            \"$type\": \"InCombatBlock\",\r\n            \"Children\": [\r\n              {\r\n                \"$type\": \"While\",\r\n                \"LoopActions\": {\r\n                  \"Children\": [\r\n                    {\r\n                      \"$type\": \"While\",\r\n                      \"LoopActions\": {\r\n                        \"Children\": [\r\n                          {\r\n                            \"$type\": \"CSharpAction\",\r\n                            \"CSharpCode\": \"QH.SetFocusUnit(81989)\"\r\n                          },\r\n                          {\r\n                            \"$type\": \"Wait\",\r\n                            \"Delay\": 1.0,\r\n                            \"DelayMax\": 2.0\r\n                          }\r\n                        ],\r\n                        \"IsSpecialElement\": true,\r\n                        \"SpecialElementName\": \"Do\",\r\n                        \"GroupName\": \"\"\r\n                      },\r\n                      \"Conditions\": [\r\n                        {\r\n                          \"Condition\": {\r\n                            \"$type\": \"CSharpCondition\",\r\n                            \"CSharpCode\": \"Me.Focus == null\"\r\n                          },\r\n                          \"IsNot\": false\r\n                        },\r\n                        {\r\n                          \"Condition\": null,\r\n                          \"IsNot\": false\r\n                        },\r\n                        {\r\n                          \"Condition\": null,\r\n                          \"IsNot\": false\r\n                        },\r\n                        {\r\n                          \"Condition\": null,\r\n                          \"IsNot\": false\r\n                        }\r\n                      ],\r\n                      \"IsNot\": false\r\n                    },\r\n                    {\r\n                      \"$type\": \"If\",\r\n                      \"ActionsFalse\": {\r\n                        \"Children\": [],\r\n                        \"IsSpecialElement\": true,\r\n                        \"SpecialElementName\": \"Else\",\r\n                        \"GroupName\": \"\"\r\n                      },\r\n                      \"ActionsTrue\": {\r\n                        \"Children\": [\r\n                          {\r\n                            \"$type\": \"CSharpAction\",\r\n                            \"CSharpCode\": \"StartCombat(Me.Focus,\\\"\\\");\"\r\n                          },\r\n                          {\r\n                            \"$type\": \"If\",\r\n                            \"ActionsFalse\": {\r\n                              \"Children\": [],\r\n                              \"IsSpecialElement\": true,\r\n                              \"SpecialElementName\": \"Else\",\r\n                              \"GroupName\": \"\"\r\n                            },\r\n                            \"ActionsTrue\": {\r\n                              \"Children\": [\r\n                                {\r\n                                  \"$type\": \"Comment\",\r\n                                  \"Text\": \"Exiting Neutralization Zone!\",\r\n                                  \"Color\": \"Red\"\r\n                                },\r\n                                {\r\n                                  \"$type\": \"CSharpAction\",\r\n                                  \"CSharpCode\": \"int[] ids = new int[] {7931};\\r\\nfloat yards = 5f;\\r\\nbool zoneNotClear = true;\\r\\nint finds = 0;\\r\\nint direction = 1;  // 1,2,3,4 for directions facing...\\r\\nVector3 destination = (Me.Position + (Me.Direction * yards));\\r\\nList<Vector3> blackListedNodes = (List<Vector3>) G[\\\"BlacklistedNodes\\\"];\\r\\nbool blacklist = true;\\r\\n\\r\\nforeach(var unit in Units)\\r\\n{\\r\\n\\tif (unit.EntryID == 81989)\\r\\n\\t{\\r\\n\\t\\tBanFromCombat(unit,999);\\r\\n\\t\\tbreak;\\r\\n\\t}\\r\\n}\\r\\n\\r\\nList<UnitObject> zones = CollectUnits(100f,ids);\\r\\n\\r\\n\\r\\nwhile (zoneNotClear)\\r\\n{\\r\\n\\tzoneNotClear = false;\\r\\n\\t\\r\\n\\twhile (blacklist)\\r\\n\\t{\\r\\n\\t\\tblacklist = false;\\r\\n\\t\\tif (direction == 1)\\r\\n\\t\\t{\\r\\n\\t\\t\\tdestination = new Vector3(Me.Position.X + yards,Me.Position.Y,Me.Position.Z);\\r\\n\\t\\t}\\r\\n\\t\\telse if (direction == 2)\\r\\n\\t\\t{\\r\\n\\t\\t\\tdestination = new Vector3(Me.Position.X - yards,Me.Position.Y,Me.Position.Z);\\r\\n\\t\\t}\\r\\n\\t\\telse if (direction == 3)\\r\\n\\t\\t{\\r\\n\\t\\t\\tdestination = new Vector3(Me.Position.X,Me.Position.Y - yards,Me.Position.Z);\\r\\n\\t\\t}\\r\\n\\t\\telse if (direction == 4)\\r\\n\\t\\t{\\r\\n\\t\\t\\tdestination = new Vector3(Me.Position.X,Me.Position.Y + yards,Me.Position.Z);\\r\\n\\t\\t}\\r\\n\\t\\tif (blackListedNodes.Count > 0)\\r\\n\\t\\t{\\r\\n\\t\\t\\tforeach (Vector3 pos in blackListedNodes)\\r\\n\\t\\t\\t{\\r\\n\\t\\t\\t\\tif (pos.Distance(destination) < 1f)\\r\\n\\t\\t\\t\\t{\\r\\n\\t\\t\\t\\t\\t// blaclist it!\\r\\n\\t\\t\\t\\t\\tblacklist = true;\\r\\n\\t\\t\\t\\t\\tif (yards <= 12)\\r\\n\\t\\t\\t\\t\\t{\\r\\n\\t\\t\\t\\t\\t\\tyards = yards + 1f;\\r\\n\\t\\t\\t\\t\\t}\\r\\n\\t\\r\\n\\t\\t\\t\\t\\t// resetting count\\r\\n\\t\\t\\t\\t\\tif (yards == 13f)\\r\\n\\t\\t\\t\\t\\t{\\r\\n\\t\\t\\t\\t\\t\\tyards = 5f;\\r\\n\\t\\t\\t\\t\\t\\tdirection++;\\r\\n\\t\\t\\t\\t\\t}\\r\\n\\t\\t\\t\\t\\tif (direction == 5)\\r\\n\\t\\t\\t\\t\\t{\\r\\n\\t\\t\\t\\t\\t\\tPrint(\\\"Player Unable to Calculate Evasion Logic... Please report.  Until then, Attempt to Kill Boss!\\\");\\r\\n\\t\\t\\t\\t\\t\\tforeach(var unit in Units)\\r\\n\\t\\t\\t\\t\\t\\t{\\r\\n\\t\\t\\t\\t\\t\\t\\tif (unit.EntryID == 81989)\\r\\n\\t\\t\\t\\t\\t\\t\\t{\\r\\n\\t\\t\\t\\t\\t\\t\\t\\tUnbanFromCombat(unit);\\r\\n\\t\\t\\t\\t\\t\\t\\t}\\r\\n\\t\\t\\t\\t\\t\\tyield break;\\r\\n\\t\\t\\t\\t\\t\\t}\\t\\t\\r\\n\\t\\t\\t\\t\\t}\\r\\n\\t\\t\\t\\t}\\r\\n\\t\\t\\t}\\r\\n\\t\\t}\\r\\n\\t}\\r\\n\\t\\r\\n\\tforeach(var unit in zones)\\r\\n\\t{\\r\\n\\t\\tif (unit.Position.Distance(destination) <= 3)\\r\\n\\t\\t{\\r\\n\\t\\t\\tzoneNotClear = true;\\r\\n\\t\\t}\\r\\n\\t}\\r\\n\\r\\n\\tif (yards <= 12)\\r\\n\\t{\\r\\n\\t\\tyards = yards + 1f;\\r\\n\\t}\\r\\n\\t\\r\\n\\t// resetting count\\r\\n\\tif (yards == 13f)\\r\\n\\t{\\r\\n\\t\\tyards = 5f;\\r\\n\\t\\tdirection++;\\r\\n\\t}\\r\\n\\r\\n\\tif (direction == 5)\\r\\n\\t{\\r\\n\\t\\tPrint(\\\"Player Unable to Calculate Evasion Logic... Please report.  Until then, Attempt to Kill Boss!\\\");\\r\\n\\t\\tforeach(var unit in Units)\\r\\n\\t\\t{\\r\\n\\t\\t\\tif (unit.EntryID == 81989)\\r\\n\\t\\t\\t{\\r\\n\\t\\t\\t\\tUnbanFromCombat(unit);\\r\\n\\t\\t\\t}\\r\\n\\t\\t\\tyield break;\\r\\n\\t\\t}\\r\\n\\t}\\r\\n\\t\\r\\n}\\r\\n\\r\\nblackListedNodes.Add(destination);\\r\\nG[\\\"BlacklistedNodes\\\"] = blackListedNodes;\\r\\n\\r\\nwhile(!MoveTo(destination))\\r\\n{\\r\\n\\tyield return 100;\\r\\n}\\r\\n\\r\\nforeach(var unit in Units)\\r\\n{\\r\\n\\tif (unit.EntryID == 81989)\\r\\n\\t{\\r\\n\\t\\tUnbanFromCombat(unit);\\r\\n\\t\\tbreak;\\r\\n\\t}\\r\\n}\"\r\n                                },\r\n                                {\r\n                                  \"$type\": \"CSharpAction\",\r\n                                  \"CSharpCode\": \"MoveTo(Me.Position + (Me.Direction* 8))\"\r\n                                }\r\n                              ],\r\n                              \"IsSpecialElement\": true,\r\n                              \"SpecialElementName\": \"Then\",\r\n                              \"GroupName\": \"\"\r\n                            },\r\n                            \"Conditions\": [\r\n                              {\r\n                                \"Condition\": {\r\n                                  \"$type\": \"CSharpCondition\",\r\n                                  \"CSharpCode\": \"QH.HasHiddenAura(173990)\"\r\n                                },\r\n                                \"IsNot\": false\r\n                              },\r\n                              {\r\n                                \"Condition\": null,\r\n                                \"IsNot\": false\r\n                              },\r\n                              {\r\n                                \"Condition\": null,\r\n                                \"IsNot\": false\r\n                              },\r\n                              {\r\n                                \"Condition\": null,\r\n                                \"IsNot\": false\r\n                              }\r\n                            ],\r\n                            \"IsNot\": false\r\n                          },\r\n                          {\r\n                            \"$type\": \"Wait\",\r\n                            \"Delay\": 0.1,\r\n                            \"DelayMax\": 0.0\r\n                          }\r\n                        ],\r\n                        \"IsSpecialElement\": true,\r\n                        \"SpecialElementName\": \"Then\",\r\n                        \"GroupName\": \"\"\r\n                      },\r\n                      \"Conditions\": [\r\n                        {\r\n                          \"Condition\": {\r\n                            \"$type\": \"CSharpCondition\",\r\n                            \"CSharpCode\": \"Me.Focus != null && !Me.Focus.IsDead\"\r\n                          },\r\n                          \"IsNot\": false\r\n                        },\r\n                        {\r\n                          \"Condition\": null,\r\n                          \"IsNot\": false\r\n                        },\r\n                        {\r\n                          \"Condition\": null,\r\n                          \"IsNot\": false\r\n                        },\r\n                        {\r\n                          \"Condition\": null,\r\n                          \"IsNot\": false\r\n                        }\r\n                      ],\r\n                      \"IsNot\": false\r\n                    }\r\n                  ],\r\n                  \"IsSpecialElement\": true,\r\n                  \"SpecialElementName\": \"Do\",\r\n                  \"GroupName\": \"\"\r\n                },\r\n                \"Conditions\": [\r\n                  {\r\n                    \"Condition\": {\r\n                      \"$type\": \"CSharpCondition\",\r\n                      \"CSharpCode\": \"(HasQuest(35317) && !IsQuestObjectiveComplete(35317,2))\"\r\n                    },\r\n                    \"IsNot\": false\r\n                  },\r\n                  {\r\n                    \"Condition\": null,\r\n                    \"IsNot\": false\r\n                  },\r\n                  {\r\n                    \"Condition\": null,\r\n                    \"IsNot\": false\r\n                  },\r\n                  {\r\n                    \"Condition\": null,\r\n                    \"IsNot\": false\r\n                  }\r\n                ],\r\n                \"IsNot\": false\r\n              }\r\n            ],\r\n            \"GroupName\": \"\"\r\n          }\r\n        ],\r\n        \"IsSpecialElement\": true,\r\n        \"SpecialElementName\": \"Do\",\r\n        \"GroupName\": \"\"\r\n      },\r\n      \"Conditions\": [\r\n        {\r\n          \"Condition\": {\r\n            \"$type\": \"CSharpCondition\",\r\n            \"CSharpCode\": \"HasQuest(35317) && !IsQuestInLogAndComplete(35317)\"\r\n          },\r\n          \"IsNot\": false\r\n        },\r\n        {\r\n          \"Condition\": null,\r\n          \"IsNot\": false\r\n        },\r\n        {\r\n          \"Condition\": null,\r\n          \"IsNot\": false\r\n        },\r\n        {\r\n          \"Condition\": null,\r\n          \"IsNot\": false\r\n        }\r\n      ],\r\n      \"IsNot\": false\r\n    }\r\n  ],\r\n  \"GroupName\": \"\"\r\n}",
  "ActionOrder": 1,
  "Actions": []
}