{
  "QuestID": 35317,
  "Version": 14,
  "FactionGroup": 1,
  "CreatedOn": "2014-11-29T13:49:37.9473649Z",
  "UpdatedOn": "2016-04-10T08:52:29.7888148Z",
  "Comment": "",
  "CreatedBy": null,
  "AllowUpdates": false,
  "RecommendedLevel": 99,
  "Frequency": 1,
  "QuestStart": {
    "ObjectName": "Farseer Drek'Thar",
    "EntryId": 81953,
    "AdditionalEntryIds": null,
    "ContinentId": 1116,
    "ZoneId": 6755,
    "Position": "2591.377 6398.95 -39.84946",
    "TurnInType": 0,
    "IsIndoors": true,
    "MyFaction": 0
  },
  "QuestEnd": {
    "ObjectName": "Farseer Drek'Thar",
    "EntryId": 82070,
    "AdditionalEntryIds": null,
    "ContinentId": 1116,
    "ZoneId": 6755,
    "Position": "4175.518 5248.015 65.45117",
    "TurnInType": 0,
    "MyFaction": 1
  },
  "UseScript": true,
  "ScriptText": "{\r\n  \"Children\": [\r\n    {\r\n      \"$type\": \"LoadCSharpScript\",\r\n      \"FileName\": \"QH.cs\"\r\n    },\r\n    {\r\n      \"$type\": \"CSharpAction\",\r\n      \"CSharpCode\": \"QH.API = this;\"\r\n    },\r\n    {\r\n      \"$type\": \"CSharpAction\",\r\n      \"CSharpCode\": \"Me.ClearFocus();\\r\\n\"\r\n    },\r\n    {\r\n      \"$type\": \"While\",\r\n      \"LoopActions\": {\r\n        \"Children\": [\r\n          {\r\n            \"$type\": \"While\",\r\n            \"LoopActions\": {\r\n              \"Children\": [\r\n                {\r\n                  \"$type\": \"If\",\r\n                  \"ActionsFalse\": {\r\n                    \"Children\": [],\r\n                    \"IsSpecialElement\": true,\r\n                    \"SpecialElementName\": \"Else\",\r\n                    \"GroupName\": \"\"\r\n                  },\r\n                  \"ActionsTrue\": {\r\n                    \"Children\": [\r\n                      {\r\n                        \"$type\": \"MoveTo\",\r\n                        \"Hotspot\": {\r\n                          \"Position\": \"2553.318 6439.868 -37.55106\",\r\n                          \"GroundPosition\": \"0 0 0\",\r\n                          \"IsGroundPosition\": false,\r\n                          \"IsIndoors\": true,\r\n                          \"ContinentId\": 1116\r\n                        },\r\n                        \"Method\": \"Navi\"\r\n                      }\r\n                    ],\r\n                    \"IsSpecialElement\": true,\r\n                    \"SpecialElementName\": \"Then\",\r\n                    \"GroupName\": \"\"\r\n                  },\r\n                  \"Conditions\": [\r\n                    {\r\n                      \"Condition\": {\r\n                        \"$type\": \"CSharpCondition\",\r\n                        \"CSharpCode\": \"!QH.IsClose(2468.7f, 6554.3f, -22.0f,50) && QH.IsClose(2583.2f, 6400.8f, -40.2f,30)\"\r\n                      },\r\n                      \"IsNot\": false\r\n                    },\r\n                    {\r\n                      \"Condition\": null,\r\n                      \"IsNot\": false\r\n                    },\r\n                    {\r\n                      \"Condition\": null,\r\n                      \"IsNot\": false\r\n                    },\r\n                    {\r\n                      \"Condition\": null,\r\n                      \"IsNot\": false\r\n                    }\r\n                  ],\r\n                  \"IsNot\": false\r\n                },\r\n                {\r\n                  \"$type\": \"If\",\r\n                  \"ActionsFalse\": {\r\n                    \"Children\": [],\r\n                    \"IsSpecialElement\": true,\r\n                    \"SpecialElementName\": \"Else\",\r\n                    \"GroupName\": \"\"\r\n                  },\r\n                  \"ActionsTrue\": {\r\n                    \"Children\": [\r\n                      {\r\n                        \"$type\": \"CSharpAction\",\r\n                        \"CSharpCode\": \"DisableCombat = true;\"\r\n                      },\r\n                      {\r\n                        \"$type\": \"MoveTo\",\r\n                        \"Hotspot\": {\r\n                          \"Position\": \"2553.318 6439.868 -37.55106\",\r\n                          \"GroundPosition\": \"0 0 0\",\r\n                          \"IsGroundPosition\": false,\r\n                          \"IsIndoors\": true,\r\n                          \"ContinentId\": 1116\r\n                        },\r\n                        \"Method\": \"Navi\"\r\n                      },\r\n                      {\r\n                        \"$type\": \"MoveTo\",\r\n                        \"Hotspot\": {\r\n                          \"Position\": \"2536.513 6442.906 -46.85373\",\r\n                          \"GroundPosition\": \"0 0 0\",\r\n                          \"UseCTM\": true,\r\n                          \"IsGroundPosition\": false,\r\n                          \"IsIndoors\": true,\r\n                          \"ContinentId\": 1116\r\n                        }\r\n                      },\r\n                      {\r\n                        \"$type\": \"MoveTo\",\r\n                        \"Hotspot\": {\r\n                          \"Position\": \"2523.374 6451.959 -48.91361\",\r\n                          \"GroundPosition\": \"0 0 0\",\r\n                          \"UseCTM\": true,\r\n                          \"IsGroundPosition\": false,\r\n                          \"IsIndoors\": true,\r\n                          \"ContinentId\": 1116\r\n                        }\r\n                      },\r\n                      {\r\n                        \"$type\": \"CSharpAction\",\r\n                        \"CSharpCode\": \"DisableCombat = false;\"\r\n                      }\r\n                    ],\r\n                    \"IsSpecialElement\": true,\r\n                    \"SpecialElementName\": \"Then\",\r\n                    \"GroupName\": \"\"\r\n                  },\r\n                  \"Conditions\": [\r\n                    {\r\n                      \"Condition\": {\r\n                        \"$type\": \"CSharpCondition\",\r\n                        \"CSharpCode\": \"QH.IsClose(2553.3f, 6439.9f, -37.6f, 20)\"\r\n                      },\r\n                      \"IsNot\": false\r\n                    },\r\n                    {\r\n                      \"Condition\": null,\r\n                      \"IsNot\": false\r\n                    },\r\n                    {\r\n                      \"Condition\": null,\r\n                      \"IsNot\": false\r\n                    },\r\n                    {\r\n                      \"Condition\": null,\r\n                      \"IsNot\": false\r\n                    }\r\n                  ],\r\n                  \"IsNot\": false\r\n                },\r\n                {\r\n                  \"$type\": \"If\",\r\n                  \"ActionsFalse\": {\r\n                    \"Children\": [],\r\n                    \"IsSpecialElement\": true,\r\n                    \"SpecialElementName\": \"Else\",\r\n                    \"GroupName\": \"\"\r\n                  },\r\n                  \"ActionsTrue\": {\r\n                    \"Children\": [\r\n                      {\r\n                        \"$type\": \"MoveTo\",\r\n                        \"Hotspot\": {\r\n                          \"Position\": \"2468.745 6554.282 -21.97151\",\r\n                          \"GroundPosition\": \"0 0 0\",\r\n                          \"IsGroundPosition\": false,\r\n                          \"IsIndoors\": true,\r\n                          \"ContinentId\": 1116\r\n                        },\r\n                        \"Method\": \"Navi\"\r\n                      }\r\n                    ],\r\n                    \"IsSpecialElement\": true,\r\n                    \"SpecialElementName\": \"Then\",\r\n                    \"GroupName\": \"\"\r\n                  },\r\n                  \"Conditions\": [\r\n                    {\r\n                      \"Condition\": {\r\n                        \"$type\": \"CSharpCondition\",\r\n                        \"CSharpCode\": \"!QH.IsClose(2468.7f, 6554.3f, -22.0f,50)\"\r\n                      },\r\n                      \"IsNot\": false\r\n                    },\r\n                    {\r\n                      \"Condition\": null,\r\n                      \"IsNot\": false\r\n                    },\r\n                    {\r\n                      \"Condition\": null,\r\n                      \"IsNot\": false\r\n                    },\r\n                    {\r\n                      \"Condition\": null,\r\n                      \"IsNot\": false\r\n                    }\r\n                  ],\r\n                  \"IsNot\": false\r\n                },\r\n                {\r\n                  \"$type\": \"Wait\",\r\n                  \"Delay\": 22.0,\r\n                  \"DelayMax\": 25.0\r\n                }\r\n              ],\r\n              \"IsSpecialElement\": true,\r\n              \"SpecialElementName\": \"Do\",\r\n              \"GroupName\": \"\"\r\n            },\r\n            \"Conditions\": [\r\n              {\r\n                \"Condition\": {\r\n                  \"$type\": \"CSharpCondition\",\r\n                  \"CSharpCode\": \"(HasQuest(35317) && !IsQuestObjectiveComplete(35317,1)) || !QH.IsClose(2468.7f, 6554.3f, -22.0f,50)\"\r\n                },\r\n                \"IsNot\": false\r\n              },\r\n              {\r\n                \"Condition\": null,\r\n                \"IsNot\": false\r\n              },\r\n              {\r\n                \"Condition\": null,\r\n                \"IsNot\": false\r\n              },\r\n              {\r\n                \"Condition\": null,\r\n                \"IsNot\": false\r\n              }\r\n            ],\r\n            \"IsNot\": false\r\n          },\r\n          {\r\n            \"$type\": \"InCombatBlock\",\r\n            \"Children\": [\r\n              {\r\n                \"$type\": \"While\",\r\n                \"LoopActions\": {\r\n                  \"Children\": [\r\n                    {\r\n                      \"$type\": \"While\",\r\n                      \"LoopActions\": {\r\n                        \"Children\": [\r\n                          {\r\n                            \"$type\": \"CSharpAction\",\r\n                            \"CSharpCode\": \"QH.SetFocusUnit(81989)\"\r\n                          },\r\n                          {\r\n                            \"$type\": \"Wait\",\r\n                            \"Delay\": 1.0,\r\n                            \"DelayMax\": 2.0\r\n                          }\r\n                        ],\r\n                        \"IsSpecialElement\": true,\r\n                        \"SpecialElementName\": \"Do\",\r\n                        \"GroupName\": \"\"\r\n                      },\r\n                      \"Conditions\": [\r\n                        {\r\n                          \"Condition\": {\r\n                            \"$type\": \"CSharpCondition\",\r\n                            \"CSharpCode\": \"Me.Focus == null\"\r\n                          },\r\n                          \"IsNot\": false\r\n                        },\r\n                        {\r\n                          \"Condition\": null,\r\n                          \"IsNot\": false\r\n                        },\r\n                        {\r\n                          \"Condition\": null,\r\n                          \"IsNot\": false\r\n                        },\r\n                        {\r\n                          \"Condition\": null,\r\n                          \"IsNot\": false\r\n                        }\r\n                      ],\r\n                      \"IsNot\": false\r\n                    },\r\n                    {\r\n                      \"$type\": \"If\",\r\n                      \"ActionsFalse\": {\r\n                        \"Children\": [],\r\n                        \"IsSpecialElement\": true,\r\n                        \"SpecialElementName\": \"Else\",\r\n                        \"GroupName\": \"\"\r\n                      },\r\n                      \"ActionsTrue\": {\r\n                        \"Children\": [\r\n                          {\r\n                            \"$type\": \"CSharpAction\",\r\n                            \"CSharpCode\": \"StartCombat(Me.Focus,\\\"\\\");\"\r\n                          },\r\n                          {\r\n                            \"$type\": \"If\",\r\n                            \"ActionsFalse\": {\r\n                              \"Children\": [],\r\n                              \"IsSpecialElement\": true,\r\n                              \"SpecialElementName\": \"Else\",\r\n                              \"GroupName\": \"\"\r\n                            },\r\n                            \"ActionsTrue\": {\r\n                              \"Children\": [\r\n                                {\r\n                                  \"$type\": \"Comment\",\r\n                                  \"Text\": \"Exiting Neutralization Zone!\",\r\n                                  \"Color\": \"Red\"\r\n                                },\r\n                                {\r\n                                  \"$type\": \"CSharpAction\",\r\n                                  \"CSharpCode\": \"MoveTo(Me.Position + (Me.Direction* 8))\"\r\n                                }\r\n                              ],\r\n                              \"IsSpecialElement\": true,\r\n                              \"SpecialElementName\": \"Then\",\r\n                              \"GroupName\": \"\"\r\n                            },\r\n                            \"Conditions\": [\r\n                              {\r\n                                \"Condition\": {\r\n                                  \"$type\": \"CSharpCondition\",\r\n                                  \"CSharpCode\": \"QH.HasHiddenAura(173990)\"\r\n                                },\r\n                                \"IsNot\": false\r\n                              },\r\n                              {\r\n                                \"Condition\": null,\r\n                                \"IsNot\": false\r\n                              },\r\n                              {\r\n                                \"Condition\": null,\r\n                                \"IsNot\": false\r\n                              },\r\n                              {\r\n                                \"Condition\": null,\r\n                                \"IsNot\": false\r\n                              }\r\n                            ],\r\n                            \"IsNot\": false\r\n                          },\r\n                          {\r\n                            \"$type\": \"Wait\",\r\n                            \"Delay\": 0.1,\r\n                            \"DelayMax\": 0.0\r\n                          }\r\n                        ],\r\n                        \"IsSpecialElement\": true,\r\n                        \"SpecialElementName\": \"Then\",\r\n                        \"GroupName\": \"\"\r\n                      },\r\n                      \"Conditions\": [\r\n                        {\r\n                          \"Condition\": {\r\n                            \"$type\": \"CSharpCondition\",\r\n                            \"CSharpCode\": \"Me.Focus != null && !Me.Focus.IsDead\"\r\n                          },\r\n                          \"IsNot\": false\r\n                        },\r\n                        {\r\n                          \"Condition\": null,\r\n                          \"IsNot\": false\r\n                        },\r\n                        {\r\n                          \"Condition\": null,\r\n                          \"IsNot\": false\r\n                        },\r\n                        {\r\n                          \"Condition\": null,\r\n                          \"IsNot\": false\r\n                        }\r\n                      ],\r\n                      \"IsNot\": false\r\n                    }\r\n                  ],\r\n                  \"IsSpecialElement\": true,\r\n                  \"SpecialElementName\": \"Do\",\r\n                  \"GroupName\": \"\"\r\n                },\r\n                \"Conditions\": [\r\n                  {\r\n                    \"Condition\": {\r\n                      \"$type\": \"CSharpCondition\",\r\n                      \"CSharpCode\": \"(HasQuest(35317) && !IsQuestObjectiveComplete(35317,2))\"\r\n                    },\r\n                    \"IsNot\": false\r\n                  },\r\n                  {\r\n                    \"Condition\": null,\r\n                    \"IsNot\": false\r\n                  },\r\n                  {\r\n                    \"Condition\": null,\r\n                    \"IsNot\": false\r\n                  },\r\n                  {\r\n                    \"Condition\": null,\r\n                    \"IsNot\": false\r\n                  }\r\n                ],\r\n                \"IsNot\": false\r\n              }\r\n            ],\r\n            \"GroupName\": \"\"\r\n          }\r\n        ],\r\n        \"IsSpecialElement\": true,\r\n        \"SpecialElementName\": \"Do\",\r\n        \"GroupName\": \"\"\r\n      },\r\n      \"Conditions\": [\r\n        {\r\n          \"Condition\": {\r\n            \"$type\": \"CSharpCondition\",\r\n            \"CSharpCode\": \"HasQuest(35317) && !IsQuestInLogAndComplete(35317)\"\r\n          },\r\n          \"IsNot\": false\r\n        },\r\n        {\r\n          \"Condition\": null,\r\n          \"IsNot\": false\r\n        },\r\n        {\r\n          \"Condition\": null,\r\n          \"IsNot\": false\r\n        },\r\n        {\r\n          \"Condition\": null,\r\n          \"IsNot\": false\r\n        }\r\n      ],\r\n      \"IsNot\": false\r\n    }\r\n  ],\r\n  \"GroupName\": \"\"\r\n}",
  "ActionOrder": 1,
  "Actions": []
}