{
  "QuestID": 35377,
  "Version": 2,
  "FactionGroup": 1,
  "CreatedOn": "2015-10-17T12:10:20.4201836Z",
  "UpdatedOn": "2015-10-17T12:10:29.1059991Z",
  "Comment": "",
  "CreatedBy": null,
  "AllowUpdates": false,
  "QuestStart": {
    "ObjectName": "Item",
    "EntryId": 0,
    "AdditionalEntryIds": null,
    "ContinentId": 1116,
    "ZoneId": 6755,
    "Position": "3270.677 5113.862 88.89012",
    "TurnInType": 3,
    "MyFaction": 1
  },
  "QuestEnd": {
    "ObjectName": "Stalker Ogka",
    "EntryId": 82080,
    "AdditionalEntryIds": null,
    "ContinentId": 1116,
    "ZoneId": 6755,
    "Position": "3260.439 4620.981 144.8468",
    "TurnInType": 0,
    "MyFaction": 1
  },
  "ActionOrder": 1,
  "Actions": []
}