{
  "QuestID": 35374,
  "Version": 17,
  "FactionGroup": 1,
  "CreatedOn": "2014-11-29T00:44:21.1105563Z",
  "UpdatedOn": "2015-10-17T08:59:27.3064661Z",
  "Comment": "",
  "CreatedBy": null,
  "AllowUpdates": false,
  "RecommendedLevel": 99,
  "Frequency": 1,
  "QuestStart": {
    "ObjectName": "Shadow Hunter Taz",
    "EntryId": 82078,
    "AdditionalEntryIds": null,
    "ContinentId": 1116,
    "ZoneId": 6755,
    "Position": "3259.2 4624.229 144.7078",
    "TurnInType": 0,
    "IsIndoors": true,
    "MyFaction": 0
  },
  "ActionOrder": 1,
  "Actions": [
    {
      "$type": "KillMobsTemplate",
      "TargetObjects": [
        {
          "Hotspot": {
            "Position": "3341.258 4821.086 116.2602",
            "GroundPosition": "0 0 0",
            "IsGroundPosition": false,
            "ContinentId": 1116
          },
          "Name": "Leatherhide Bull",
          "EntryId": 81898
        },
        {
          "Hotspot": {
            "Position": "2837.526 4918.348 148.0043",
            "GroundPosition": "0 0 0",
            "IsGroundPosition": false,
            "ContinentId": 1116
          },
          "Name": "Leatherhide Clefthoof",
          "EntryId": 78575
        }
      ],
      "HotspotsX": [
        {
          "Position": "3043.12 4700.676 136.0908",
          "GroundPosition": "0 0 0",
          "IsGroundPosition": false,
          "ContinentId": 1116
        },
        {
          "Position": "2901.509 4755.577 139.6161",
          "GroundPosition": "0 0 0",
          "IsGroundPosition": false,
          "ContinentId": 1116
        },
        {
          "Position": "2819.542 4962.209 157.5943",
          "GroundPosition": "0 0 0",
          "IsGroundPosition": false,
          "ContinentId": 1116
        }
      ],
      "Blackspots": [],
      "ForceLoot": false,
      "ForcePullMobs": false,
      "GameObjectiveIndex": 1,
      "RunTime": 5.0
    }
  ]
}