{
  "QuestID": 35376,
  "Version": 7,
  "FactionGroup": 1,
  "CreatedOn": "2014-11-29T00:42:24.2238106Z",
  "UpdatedOn": "2015-10-16T21:50:07.3142239Z",
  "Comment": "",
  "CreatedBy": null,
  "AllowUpdates": false,
  "RecommendedLevel": 99,
  "Frequency": 1,
  "QuestStart": {
    "ObjectName": "Stalker Ogka",
    "EntryId": 82080,
    "AdditionalEntryIds": null,
    "ContinentId": 1116,
    "ZoneId": 6755,
    "Position": "3260.439 4620.981 144.8467",
    "TurnInType": 0,
    "IsIndoors": true,
    "MyFaction": 0
  },
  "ActionOrder": 1,
  "Actions": [
    {
      "$type": "KillMobsTemplate",
      "TargetObjects": [
        {
          "Hotspot": {
            "Position": "3423.519 4826.549 112.8289",
            "GroundPosition": "0 0 0",
            "IsGroundPosition": false,
            "ContinentId": 1116
          },
          "Name": "Breezestrider Talbuk",
          "EntryId": 78278
        },
        {
          "Hotspot": {
            "Position": "3422.134 4835.426 112.3947",
            "GroundPosition": "0 0 0",
            "IsGroundPosition": false,
            "ContinentId": 1116
          },
          "Name": "Breezestrider Colt",
          "EntryId": 78277
        }
      ],
      "HotspotsX": [
        {
          "Position": "3122.67 4653.956 136.3014",
          "GroundPosition": "0 0 0",
          "ContinentId": 1116
        },
        {
          "Position": "3070.638 4553.294 138.2493",
          "GroundPosition": "3070.638 4553.294 137.14",
          "IsGroundPosition": false,
          "ContinentId": 1116
        },
        {
          "Position": "3031.881 4453.343 146.7854",
          "GroundPosition": "0 0 0",
          "IsGroundPosition": false,
          "ContinentId": 1116
        }
      ],
      "Blackspots": [],
      "ForceLoot": false,
      "ForcePullMobs": false,
      "GameObjectiveIndex": 1,
      "RunTime": 5.0
    }
  ]
}