{
  "QuestID": 35378,
  "Version": 3,
  "FactionGroup": 1,
  "CreatedOn": "2014-11-29T16:14:37.7296085Z",
  "UpdatedOn": "2016-04-06T07:46:16.9807506Z",
  "Comment": "",
  "CreatedBy": null,
  "AllowUpdates": false,
  "RecommendedLevel": 100,
  "Frequency": 1,
  "QuestStart": {
    "ObjectName": "Stalker Ogka",
    "EntryId": 82080,
    "AdditionalEntryIds": null,
    "ContinentId": 1116,
    "ZoneId": 6755,
    "Position": "3260.439 4620.981 144.8468",
    "TurnInType": 0,
    "IsIndoors": true,
    "MyFaction": 0
  },
  "ActionOrder": 1,
  "Actions": [
    {
      "$type": "KillMobsTemplate",
      "TargetObjects": [
        {
          "Hotspot": {
            "Position": "2302.134 6024.682 48.89704",
            "GroundPosition": "0 0 0",
            "IsGroundPosition": false,
            "ContinentId": 1116
          },
          "Name": "Tall Buck",
          "EntryId": 82116
        }
      ],
      "HotspotsX": [
        {
          "Position": "2335.822 6001.577 59.10781",
          "GroundPosition": "0 0 0",
          "IsGroundPosition": false,
          "ContinentId": 1116
        }
      ],
      "Blackspots": [],
      "ForceLoot": false,
      "ForcePullMobs": false,
      "GameObjectiveIndex": 1,
      "RunTime": 5.0
    }
  ]
}