{
  "QuestID": 35632,
  "Version": 4,
  "FactionGroup": 1,
  "CreatedOn": "2014-11-29T16:41:36.2825511Z",
  "UpdatedOn": "2016-01-07T05:23:33.4305032Z",
  "Comment": "",
  "CreatedBy": null,
  "AllowUpdates": false,
  "RecommendedLevel": 98,
  "Frequency": 1,
  "QuestStart": {
    "ObjectName": "Gazmolf Futzwangler",
    "EntryId": 79201,
    "AdditionalEntryIds": null,
    "ContinentId": 1116,
    "ZoneId": 6755,
    "Position": "2942.579 5271.724 107.1633",
    "TurnInType": 0,
    "IsIndoors": true,
    "MyFaction": 0
  },
  "ActionOrder": 1,
  "Actions": [
    {
      "$type": "UseItemTemplate",
      "UseMethod": 0,
      "OverrideCooldown": 0.0,
      "OverrideCastTime": 0.0,
      "StayMounted": false,
      "MinCastRange": 4.5,
      "DontFilterDeadUnits": false,
      "UseCount": 1,
      "TargetUnits": [],
      "HotspotsX": [
        {
          "Position": "3128.713 5295.801 15.2518",
          "GroundPosition": "0 0 0",
          "IsGroundPosition": false,
          "IsIndoors": true,
          "ContinentId": 1116
        }
      ],
      "Blackspots": [],
      "Item": [
        {
          "Name": "Teleportation Beacon",
          "EntryId": 113217
        }
      ],
      "BanTime": 120.0,
      "BanMobCombatAfterUse": false,
      "GameObjectiveIndex": 1,
      "RunTime": 5.0
    },
    {
      "$type": "MoveToTemplate",
      "Hotspots": [
        {
          "Position": "3129.217 5294.99 15.32083",
          "GroundPosition": "0 0 0",
          "IsIndoors": true,
          "ContinentId": 1116
        }
      ],
      "PreventMounting": false,
      "GameObjectiveIndex": 2,
      "RunTime": 5.0
    },
    {
      "$type": "CsharpTemplate",
      "CSharpCode": "Print(\"Waiting for the Artifact...\");\r\nwhile(HasQuest(35632) && !IsQuestInLogAndComplete(35632))\r\n{\r\n     yield return 100;\r\n}",
      "GameObjectiveIndex": 2,
      "RunTime": 1.0
    }
  ]
}