{
  "QuestID": 35663,
  "Version": 10,
  "FactionGroup": 1,
  "CreatedOn": "2014-11-29T16:43:39.8568738Z",
  "UpdatedOn": "2016-01-07T05:14:13.2437204Z",
  "Comment": "",
  "CreatedBy": null,
  "AllowUpdates": false,
  "RecommendedLevel": 98,
  "Frequency": 1,
  "QuestStart": {
    "ObjectName": "Gazmolf Futzwangler",
    "EntryId": 79201,
    "AdditionalEntryIds": null,
    "ContinentId": 1116,
    "ZoneId": 6755,
    "Position": "2942.579 5271.724 107.1633",
    "TurnInType": 0,
    "IsIndoors": true,
    "MyFaction": 0
  },
  "ActionOrder": 1,
  "Actions": [
    {
      "$type": "CollectObjectsTemplate",
      "TargetObjects": [
        {
          "Hotspot": {
            "Position": "3111.021 5315.857 13.47362",
            "GroundPosition": "0 0 0",
            "IsGroundPosition": false,
            "IsIndoors": true,
            "ContinentId": 1116
          },
          "Name": "Ancient Reliquary",
          "EntryId": 233053,
          "CSharpCode": ""
        },
        {
          "Hotspot": {
            "Position": "3124.17 5267.021 16.97462",
            "GroundPosition": "0 0 0",
            "IsGroundPosition": false,
            "IsIndoors": true,
            "ContinentId": 1116
          },
          "Name": "Mysterious Artifact",
          "EntryId": 233036,
          "CSharpCode": ""
        },
        {
          "Hotspot": {
            "Position": "3131.809 5392.095 9.981967",
            "GroundPosition": "0 0 0",
            "IsGroundPosition": false,
            "IsIndoors": true,
            "ContinentId": 1116
          },
          "Name": "Highmaul Laborer",
          "EntryId": 79402,
          "CSharpCode": ""
        },
        {
          "Hotspot": {
            "Position": "3076.993 5592.16 16.14859",
            "GroundPosition": "0 0 0",
            "IsGroundPosition": false,
            "ContinentId": 1116
          },
          "Name": "Highmaul Archaeologian",
          "EntryId": 82619,
          "CSharpCode": ""
        }
      ],
      "HotspotsX": [
        {
          "Position": "3134.428 5281.323 16.34092",
          "GroundPosition": "0 0 0",
          "IsGroundPosition": false,
          "IsIndoors": true,
          "ContinentId": 1116
        },
        {
          "Position": "3096.589 5403.082 7.78688",
          "GroundPosition": "0 0 0",
          "IsGroundPosition": false,
          "IsIndoors": true,
          "ContinentId": 1116
        },
        {
          "Position": "3097.22 5396.84 6.790946",
          "GroundPosition": "0 0 0",
          "IsGroundPosition": false,
          "IsIndoors": true,
          "ContinentId": 1116
        }
      ],
      "Blackspots": [],
      "IsLoot": true,
      "OpeningCast": false,
      "NoMovement": false,
      "GameObjectiveIndex": 1,
      "RunTime": 5.0
    }
  ]
}