{
  "QuestID": 36275,
  "Version": 4,
  "FactionGroup": 1,
  "CreatedOn": "2014-11-29T18:40:05.1868656Z",
  "UpdatedOn": "2015-11-23T21:45:28.7676853Z",
  "Comment": "",
  "CreatedBy": null,
  "AllowUpdates": false,
  "RecommendedLevel": 98,
  "Frequency": 1,
  "QuestStart": {
    "ObjectName": "Dr. Hadley Ricard",
    "EntryId": 84861,
    "AdditionalEntryIds": null,
    "ContinentId": 1116,
    "ZoneId": 6755,
    "Position": "3851.594 4390.705 32.03045",
    "TurnInType": 0,
    "IsIndoors": true,
    "MyFaction": 0
  },
  "ActionOrder": 1,
  "Actions": [
    {
      "$type": "CollectObjectsTemplate",
      "TargetObjects": [
        {
          "Hotspot": {
            "Position": "4147.413 4426.89 1.652055",
            "GroundPosition": "0 0 0",
            "IsGroundPosition": false,
            "ContinentId": 1116
          },
          "Name": "Expedition Supplies",
          "EntryId": 234176
        }
      ],
      "HotspotsX": [
        {
          "Position": "4150.565 4426.298 1.098766",
          "GroundPosition": "0 0 0",
          "IsGroundPosition": false,
          "ContinentId": 1116
        }
      ],
      "Blackspots": [],
      "IsLoot": true,
      "OpeningCast": false,
      "NoMovement": false,
      "GameObjectiveIndex": 2,
      "RunTime": 5.0
    },
    {
      "$type": "CollectObjectsTemplate",
      "TargetObjects": [
        {
          "Hotspot": {
            "Position": "4174.128 4265.073 0.5345311",
            "GroundPosition": "0 0 0",
            "IsGroundPosition": false,
            "InWater": true,
            "ContinentId": 1116
          },
          "Name": "Research Journal",
          "EntryId": 234178
        }
      ],
      "HotspotsX": [
        {
          "Position": "4172.507 4264.423 -2.572361",
          "GroundPosition": "0 0 0",
          "IsGroundPosition": false,
          "InWater": true,
          "ContinentId": 1116
        }
      ],
      "Blackspots": [],
      "IsLoot": true,
      "OpeningCast": false,
      "NoMovement": false,
      "GameObjectiveIndex": 1,
      "RunTime": 5.0
    },
    {
      "$type": "CollectObjectsTemplate",
      "TargetObjects": [
        {
          "Hotspot": {
            "Position": "4099.952 4100.003 4.969035",
            "GroundPosition": "0 0 0",
            "IsGroundPosition": false,
            "ContinentId": 1116
          },
          "Name": "Anti-fungal Boots",
          "EntryId": 234169
        }
      ],
      "HotspotsX": [
        {
          "Position": "4098.145 4099.405 2.845332",
          "GroundPosition": "0 0 0",
          "IsGroundPosition": false,
          "ContinentId": 1116
        }
      ],
      "Blackspots": [],
      "IsLoot": true,
      "OpeningCast": false,
      "NoMovement": false,
      "GameObjectiveIndex": 3,
      "RunTime": 5.0
    }
  ]
}