{
  "QuestID": 36273,
  "Version": 7,
  "FactionGroup": 1,
  "CreatedOn": "2014-11-29T18:32:43.9342435Z",
  "UpdatedOn": "2015-10-17T08:55:23.8084516Z",
  "Comment": "",
  "CreatedBy": null,
  "AllowUpdates": false,
  "RecommendedLevel": 98,
  "Frequency": 1,
  "QuestStart": {
    "ObjectName": "Marybelle Walsh",
    "EntryId": 84632,
    "AdditionalEntryIds": null,
    "ContinentId": 1116,
    "ZoneId": 6755,
    "Position": "3131.109 4914.275 128.2749",
    "TurnInType": 0,
    "IsIndoors": true,
    "MyFaction": 0
  },
  "ActionOrder": 1,
  "Actions": [
    {
      "$type": "KillMobsTemplate",
      "TargetObjects": [
        {
          "Hotspot": {
            "Position": "4066.01 4577.112 34.5079",
            "GroundPosition": "0 0 0",
            "IsGroundPosition": false,
            "IsIndoors": true,
            "ContinentId": 1116
          },
          "Name": "Spiteleaf Sprout",
          "EntryId": 84653
        },
        {
          "Hotspot": {
            "Position": "4035.388 4584.69 36.2322",
            "GroundPosition": "0 0 0",
            "IsGroundPosition": false,
            "IsIndoors": true,
            "ContinentId": 1116
          },
          "Name": "Spiteleaf Spitter",
          "EntryId": 84654
        },
        {
          "Hotspot": {
            "Position": "3981.824 4499.797 70.67456",
            "GroundPosition": "0 0 0",
            "IsGroundPosition": false,
            "ContinentId": 1116
          },
          "Name": "Spiteleaf Stabber",
          "EntryId": 84656
        },
        {
          "Hotspot": {
            "Position": "3949.306 4546.493 64.2612",
            "GroundPosition": "0 0 0",
            "IsGroundPosition": false,
            "ContinentId": 1116
          },
          "Name": "Spiteleaf Squirt",
          "EntryId": 84655
        },
        {
          "Hotspot": {
            "Position": "3950.358 4466.327 23.42901",
            "GroundPosition": "0 0 0",
            "IsGroundPosition": false,
            "ContinentId": 1116
          },
          "Name": "Spiteleaf Mender",
          "EntryId": 84657
        }
      ],
      "HotspotsX": [],
      "Blackspots": [],
      "ForceLoot": false,
      "ForcePullMobs": false,
      "GameObjectiveIndex": 1,
      "RunTime": 5.0
    }
  ]
}