{
  "QuestID": 36284,
  "Version": 9,
  "FactionGroup": 1,
  "CreatedOn": "2014-11-29T18:43:12.8267174Z",
  "UpdatedOn": "2016-01-06T09:30:46.5397553Z",
  "Comment": "",
  "CreatedBy": null,
  "AllowUpdates": false,
  "RecommendedLevel": 98,
  "Frequency": 1,
  "QuestStart": {
    "ObjectName": "Dr. Hadley Ricard",
    "EntryId": 84861,
    "AdditionalEntryIds": null,
    "ContinentId": 1116,
    "ZoneId": 6755,
    "Position": "3851.594 4390.705 32.03045",
    "TurnInType": 0,
    "IsIndoors": true,
    "MyFaction": 0
  },
  "ActionOrder": 1,
  "Actions": [
    {
      "$type": "MoveToTemplate",
      "Hotspots": [
        {
          "Position": "4033.242 4366.085 -0.3322516",
          "GroundPosition": "0 0 0",
          "IsGroundPosition": false,
          "ContinentId": 1116
        }
      ],
      "PreventMounting": false,
      "GameObjectiveIndex": 0,
      "RunTime": 5.0
    },
    {
      "$type": "CollectObjectsTemplate",
      "TargetObjects": [
        {
          "Hotspot": {
            "Position": "4130.621 4201.932 -9.110442",
            "GroundPosition": "0 0 0",
            "IsGroundPosition": false,
            "InWater": true,
            "ContinentId": 1116
          },
          "Name": "Spore Sac",
          "EntryId": 234101
        }
      ],
      "HotspotsX": [
        {
          "Position": "4029.373 4350.834 -1.606782",
          "GroundPosition": "0 0 0",
          "IsGroundPosition": false,
          "ContinentId": 1116
        },
        {
          "Position": "4105.325 4326.849 -2.28609",
          "GroundPosition": "0 0 0",
          "IsGroundPosition": false,
          "InWater": true,
          "ContinentId": 1116
        }
      ],
      "Blackspots": [],
      "IsLoot": true,
      "OpeningCast": false,
      "NoMovement": false,
      "GameObjectiveIndex": 1,
      "RunTime": 5.0
    }
  ]
}