{
  "QuestID": 36284,
  "Version": 6,
  "FactionGroup": 1,
  "CreatedOn": "2014-11-29T18:43:12.8267174Z",
  "UpdatedOn": "2015-11-23T21:41:31.0036502Z",
  "Comment": "",
  "CreatedBy": null,
  "AllowUpdates": false,
  "RecommendedLevel": 98,
  "Frequency": 1,
  "QuestStart": {
    "ObjectName": "Dr. Hadley Ricard",
    "EntryId": 84861,
    "AdditionalEntryIds": null,
    "ContinentId": 1116,
    "ZoneId": 6755,
    "Position": "3851.594 4390.705 32.03045",
    "TurnInType": 0,
    "IsIndoors": true,
    "MyFaction": 0
  },
  "ActionOrder": 1,
  "Actions": [
    {
      "$type": "CollectObjectsTemplate",
      "TargetObjects": [
        {
          "Hotspot": {
            "Position": "4130.621 4201.932 -9.110442",
            "GroundPosition": "0 0 0",
            "IsGroundPosition": false,
            "InWater": true,
            "ContinentId": 1116
          },
          "Name": "Spore Sac",
          "EntryId": 234101
        },
        {
          "Hotspot": {
            "Position": "4212.833 4354.509 1.567151",
            "GroundPosition": "0 0 0",
            "IsGroundPosition": false,
            "ContinentId": 1116
          },
          "Name": "Spore Giant",
          "EntryId": 84706
        }
      ],
      "HotspotsX": [
        {
          "Position": "4030.495 4315.166 8.407546",
          "GroundPosition": "0 0 0",
          "IsGroundPosition": false,
          "ContinentId": 1116
        },
        {
          "Position": "4043.964 4425.287 2.25744",
          "GroundPosition": "0 0 0",
          "IsGroundPosition": false,
          "ContinentId": 1116
        },
        {
          "Position": "4190.97 4404.853 -0.5604096",
          "GroundPosition": "0 0 0",
          "IsGroundPosition": false,
          "ContinentId": 1116
        },
        {
          "Position": "4051.908 4312.08 -1.543884",
          "GroundPosition": "0 0 0",
          "IsGroundPosition": false,
          "InWater": true,
          "ContinentId": 1116
        }
      ],
      "Blackspots": [],
      "IsLoot": true,
      "OpeningCast": false,
      "NoMovement": false,
      "GameObjectiveIndex": 1,
      "RunTime": 5.0
    }
  ]
}