{
  "QuestID": 36952,
  "Version": 1,
  "FactionGroup": 1,
  "UpdatedOn": "2015-08-11T09:00:49.2749957Z",
  "Comment": "",
  "CreatedBy": null,
  "AllowUpdates": false,
  "QuestStart": {
    "ObjectName": "Rokhan",
    "EntryId": 78487,
    "AdditionalEntryIds": null,
    "ContinentId": 1116,
    "ZoneId": 7004,
    "Position": "5614.104 4563.054 135.189",
    "TurnInType": 0,
    "ScriptJson": "{\r\n  \"Children\": [\r\n    {\r\n      \"$type\": \"Comment\",\r\n      \"Text\": \"Only acceptable if lvl 98 or 99 from adventure journal\",\r\n      \"Color\": \"64, 128, 128\"\r\n    }\r\n  ],\r\n  \"GroupName\": \"\"\r\n}",
    "MyFaction": 1
  },
  "QuestEnd": {
    "ObjectName": "Stone Guard Brox",
    "EntryId": 80001,
    "AdditionalEntryIds": null,
    "ContinentId": 1116,
    "ZoneId": 6755,
    "Position": "2418.401 4406.193 208.741",
    "TurnInType": 0,
    "MyFaction": 1
  },
  "ActionOrder": 1,
  "Actions": [
    {
      "$type": "GossipInteractionTemplate",
      "TargetObjects": [
        {
          "Hotspot": {
            "Position": "5575.775 4563.67 136.2915",
            "GroundPosition": "0 0 0",
            "IsGroundPosition": false,
            "ContinentId": 1330
          },
          "Name": "Bron Skyhorn",
          "EntryId": 79407
        }
      ],
      "HotspotsX": [
        {
          "Position": "5579.849 4565.179 136.2998",
          "GroundPosition": "0 0 0",
          "IsGroundPosition": false,
          "ContinentId": 1330
        }
      ],
      "GossipIndex": 2,
      "Dismount": false,
      "GameObjectiveIndex": 1,
      "RunTime": 5.0
    }
  ]
}