{
  "QuestID": 37280,
  "Version": 16,
  "FactionGroup": 1,
  "CreatedOn": "2014-11-30T17:30:07.8835792Z",
  "UpdatedOn": "2016-04-06T23:49:04.4635361Z",
  "Comment": "",
  "CreatedBy": null,
  "AllowUpdates": false,
  "RecommendedLevel": 99,
  "Frequency": 1,
  "IsTask": true,
  "QuestStart": {
    "ObjectName": "AreaTrigger",
    "EntryId": 0,
    "AdditionalEntryIds": null,
    "ContinentId": 1116,
    "ZoneId": 6755,
    "Position": "3732.483 4781.891 90.31706",
    "TurnInType": 2,
    "MyFaction": 1
  },
  "UseScript": true,
  "ScriptText": "{\r\n  \"Children\": [\r\n    {\r\n      \"$type\": \"LoadCSharpScript\",\r\n      \"FileName\": \"QH.cs\"\r\n    },\r\n    {\r\n      \"$type\": \"CSharpAction\",\r\n      \"CSharpCode\": \"QH.API = this;\"\r\n    },\r\n    {\r\n      \"$type\": \"While\",\r\n      \"LoopActions\": {\r\n        \"Children\": [\r\n          {\r\n            \"$type\": \"While\",\r\n            \"LoopActions\": {\r\n              \"Children\": [\r\n                {\r\n                  \"$type\": \"While\",\r\n                  \"LoopActions\": {\r\n                    \"Children\": [\r\n                      {\r\n                        \"$type\": \"CollectObjectsTemplateScriptAction\",\r\n                        \"Template\": {\r\n                          \"$type\": \"CollectObjectsTemplate\",\r\n                          \"TargetObjects\": [\r\n                            {\r\n                              \"Hotspot\": {\r\n                                \"Position\": \"3760.122 4815.331 86.01963\",\r\n                                \"GroundPosition\": \"0 0 0\",\r\n                                \"IsGroundPosition\": false,\r\n                                \"InWater\": true,\r\n                                \"ContinentId\": 1116\r\n                              },\r\n                              \"Name\": \"Ancient Snarlpaw Skull\",\r\n                              \"EntryId\": 238850\r\n                            }\r\n                          ],\r\n                          \"HotspotsX\": [],\r\n                          \"Blackspots\": [\r\n                            \"3814 4804 102 13.1\"\r\n                          ],\r\n                          \"IsLoot\": true,\r\n                          \"OpeningCast\": false,\r\n                          \"NoMovement\": false,\r\n                          \"GameObjectiveIndex\": 1,\r\n                          \"RunTime\": 5.0\r\n                        },\r\n                        \"TimeLimit\": 0\r\n                      }\r\n                    ],\r\n                    \"IsSpecialElement\": true,\r\n                    \"SpecialElementName\": \"Do\",\r\n                    \"GroupName\": \"\"\r\n                  },\r\n                  \"Conditions\": [\r\n                    {\r\n                      \"Condition\": {\r\n                        \"$type\": \"CSharpCondition\",\r\n                        \"CSharpCode\": \"!IsQuestInLogAndComplete(37318) && QH.UnitFoundToLoot(238850, 50)\"\r\n                      },\r\n                      \"IsNot\": false\r\n                    },\r\n                    {\r\n                      \"Condition\": null,\r\n                      \"IsNot\": false\r\n                    },\r\n                    {\r\n                      \"Condition\": null,\r\n                      \"IsNot\": false\r\n                    },\r\n                    {\r\n                      \"Condition\": null,\r\n                      \"IsNot\": false\r\n                    }\r\n                  ],\r\n                  \"IsNot\": false\r\n                },\r\n                {\r\n                  \"$type\": \"If\",\r\n                  \"ActionsFalse\": {\r\n                    \"Children\": [],\r\n                    \"IsSpecialElement\": true,\r\n                    \"SpecialElementName\": \"Else\",\r\n                    \"GroupName\": \"\"\r\n                  },\r\n                  \"ActionsTrue\": {\r\n                    \"Children\": [\r\n                      {\r\n                        \"$type\": \"CSharpAction\",\r\n                        \"CSharpCode\": \"var killTarget = Me.GUID;\\r\\nint ID = 88811;\\r\\nint ID2 = 88812;\\r\\nfloat closestUnit = 5000f; // Insanely large distance, so first found distance will always be lower.\\r\\n\\r\\n// Blacklisted area\\r\\nVector3 location1 = new Vector3(3829.4f, 4817.7f, 102.7f);\\r\\n\\r\\n// Identifying Closest Desired Unit\\r\\nforeach (var unit in Units)\\r\\n{\\r\\n\\tif ((unit.EntryID == ID || unit.EntryID == ID2) && !unit.IsDead && unit.Distance2DTo(location1) > 15)\\r\\n        {\\r\\n        \\tif (unit.Distance < closestUnit)\\r\\n                {\\r\\n                \\t// This stores the distance of the new unit, so when it re-iterates through,\\r\\n                    \\t// ultimately the unit with the lowest distance, or the one closest to you is stored\\r\\n                    closestUnit = unit.Distance;\\r\\n                    // This stores the GUID, which is necessary as ALL units share the same UnitID, but the GUID is a unique identifier.\\r\\n                    killTarget = unit.GUID;\\r\\n                }\\r\\n        }\\r\\n}\\r\\nif (closestUnit == 5000)\\r\\n{\\r\\n\\tPrint(\\\"No Units Found Within Targetable Range. Let's Change Location\\\");\\r\\n\\twhile(!MoveTo(3902.2f, 4854.9f, 104.8f))\\r\\n\\t{\\r\\n\\t\\tyield return 100;\\r\\n\\t}\\r\\n}\\r\\nelse\\r\\n{\\r\\n\\tInt32 closest = (Int32)closestUnit; // Easier on the eyes to Print.\\r\\n        Print(\\\"Closest Frightened Spirit is \\\" + closest + \\\" yards away.\\\");\\r\\n        // Setting Focus to closest Unit\\r\\n        foreach (var unit in Units)\\r\\n        {\\r\\n                if (unit.GUID == killTarget)\\r\\n                {\\r\\n                \\tMe.SetFocus(unit);\\r\\n                    \\tMe.SetTarget(unit);\\r\\n                   \\tbreak;\\r\\n                }\\r\\n        }\\r\\n}\\r\\n\"\r\n                      },\r\n                      {\r\n                        \"$type\": \"Wait\",\r\n                        \"Delay\": 1.0,\r\n                        \"DelayMax\": 0.0\r\n                      }\r\n                    ],\r\n                    \"IsSpecialElement\": true,\r\n                    \"SpecialElementName\": \"Then\",\r\n                    \"GroupName\": \"\"\r\n                  },\r\n                  \"Conditions\": [\r\n                    {\r\n                      \"Condition\": {\r\n                        \"$type\": \"CSharpCondition\",\r\n                        \"CSharpCode\": \"Me.Focus == null\"\r\n                      },\r\n                      \"IsNot\": false\r\n                    },\r\n                    {\r\n                      \"Condition\": null,\r\n                      \"IsNot\": false\r\n                    },\r\n                    {\r\n                      \"Condition\": null,\r\n                      \"IsNot\": false\r\n                    },\r\n                    {\r\n                      \"Condition\": null,\r\n                      \"IsNot\": false\r\n                    }\r\n                  ],\r\n                  \"IsNot\": false\r\n                },\r\n                {\r\n                  \"$type\": \"While\",\r\n                  \"LoopActions\": {\r\n                    \"Children\": [\r\n                      {\r\n                        \"$type\": \"CSharpAction\",\r\n                        \"CSharpCode\": \"MoveTo(Me.Focus.Position);\\r\\nyield return 100;\\r\\n\"\r\n                      }\r\n                    ],\r\n                    \"IsSpecialElement\": true,\r\n                    \"SpecialElementName\": \"Do\",\r\n                    \"GroupName\": \"\"\r\n                  },\r\n                  \"Conditions\": [\r\n                    {\r\n                      \"Condition\": {\r\n                        \"$type\": \"CSharpCondition\",\r\n                        \"CSharpCode\": \"Me.Focus != null && Me.Focus.Distance > 5 && !Me.Focus.IsDead\"\r\n                      },\r\n                      \"IsNot\": false\r\n                    },\r\n                    {\r\n                      \"Condition\": null,\r\n                      \"IsNot\": false\r\n                    },\r\n                    {\r\n                      \"Condition\": null,\r\n                      \"IsNot\": false\r\n                    },\r\n                    {\r\n                      \"Condition\": null,\r\n                      \"IsNot\": false\r\n                    }\r\n                  ],\r\n                  \"IsNot\": false\r\n                },\r\n                {\r\n                  \"$type\": \"If\",\r\n                  \"ActionsFalse\": {\r\n                    \"Children\": [\r\n                      {\r\n                        \"$type\": \"If\",\r\n                        \"ActionsFalse\": {\r\n                          \"Children\": [],\r\n                          \"IsSpecialElement\": true,\r\n                          \"SpecialElementName\": \"Else\",\r\n                          \"GroupName\": \"\"\r\n                        },\r\n                        \"ActionsTrue\": {\r\n                          \"Children\": [\r\n                            {\r\n                              \"$type\": \"Comment\",\r\n                              \"Text\": \"Outcast is in Combat! Let's Help out!\",\r\n                              \"Color\": \"64, 128, 128\"\r\n                            },\r\n                            {\r\n                              \"$type\": \"CSharpAction\",\r\n                              \"CSharpCode\": \"var killTarget = Me.GUID;\\r\\nfloat closestUnit = 5000f; // Insanely large distance, so first found distance will always be lower.\\r\\nint ID = 88813;\\r\\n\\r\\n// Identifying Closest Desired Unit\\r\\nforeach (var unit in Units)\\r\\n{\\r\\n\\tif (unit.EntryID == ID && !unit.IsDead)\\r\\n        {\\r\\n        \\tif (unit.Distance < closestUnit)\\r\\n                {\\r\\n                \\t// This stores the distance of the new unit, so when it re-iterates through,\\r\\n                   \\t// ultimately the unit with the lowest distance, or the one closest to you is stored\\r\\n                    \\tclosestUnit = unit.Distance;\\r\\n                    \\t// This stores the GUID, which is necessary as ALL units share the same UnitID, but the GUID is a unique identifier.\\r\\n                    \\tkillTarget = unit.GUID;\\r\\n                }\\r\\n        }\\r\\n}\\r\\nif (closestUnit == 5000)\\r\\n{\\r\\n\\tPrint(\\\"Attempting to Assist NPC, but No Targetable Units Found!\\\");\\r\\n        }\\r\\nelse\\r\\n{\\r\\n\\tInt32 closest = (Int32)closestUnit; // Easier on the eyes to Print.\\r\\n        Print(\\\"Focusing on hostile Target that is \\\" + closest + \\\" yards away.\\\");\\r\\n        // Setting Focus to closest Unit\\r\\n        foreach (var unit in Units)\\r\\n        {\\r\\n        \\tif (unit.GUID == killTarget)\\r\\n                {\\r\\n                    \\tMe.SetFocus(unit);\\r\\n                    \\tMe.SetTarget(unit);\\r\\n                    \\tbreak;\\r\\n                }\\r\\n        }\\r\\n}\\r\\nyield return 500;\\r\\nif (Me.Focus != null)\\r\\n{\\r\\n\\tStartCombat(Me.Focus, \\\"We Will be Able to Free Once NPC is Dead\\\");\\r\\n}\\r\\n\"\r\n                            },\r\n                            {\r\n                              \"$type\": \"Wait\",\r\n                              \"Delay\": 2.0,\r\n                              \"DelayMax\": 3.0\r\n                            }\r\n                          ],\r\n                          \"IsSpecialElement\": true,\r\n                          \"SpecialElementName\": \"Then\",\r\n                          \"GroupName\": \"\"\r\n                        },\r\n                        \"Conditions\": [\r\n                          {\r\n                            \"Condition\": {\r\n                              \"$type\": \"CSharpCondition\",\r\n                              \"CSharpCode\": \"Me.Focus != null && Me.Focus.HasFlag(UnitFlags.PetInCombat)\"\r\n                            },\r\n                            \"IsNot\": false\r\n                          },\r\n                          {\r\n                            \"Condition\": null,\r\n                            \"IsNot\": false\r\n                          },\r\n                          {\r\n                            \"Condition\": null,\r\n                            \"IsNot\": false\r\n                          },\r\n                          {\r\n                            \"Condition\": null,\r\n                            \"IsNot\": false\r\n                          }\r\n                        ],\r\n                        \"IsNot\": false\r\n                      },\r\n                      {\r\n                        \"$type\": \"CSharpAction\",\r\n                        \"CSharpCode\": \"Me.ClearFocus();\\r\\n\"\r\n                      },\r\n                      {\r\n                        \"$type\": \"If\",\r\n                        \"ActionsFalse\": {\r\n                          \"Children\": [\r\n                            {\r\n                              \"$type\": \"If\",\r\n                              \"ActionsFalse\": {\r\n                                \"Children\": [],\r\n                                \"IsSpecialElement\": true,\r\n                                \"SpecialElementName\": \"Else\",\r\n                                \"GroupName\": \"\"\r\n                              },\r\n                              \"ActionsTrue\": {\r\n                                \"Children\": [\r\n                                  {\r\n                                    \"$type\": \"CSharpAction\",\r\n                                    \"CSharpCode\": \"var killTarget = Me.GUID;\\r\\nint ID = 88811;\\r\\nint ID2 = 88812;\\r\\nfloat closestUnit = 5000f; // Insanely large distance, so first found distance will always be lower.\\r\\n\\r\\n// Identifying Closest Desired Unit\\r\\nforeach (var unit in Units)\\r\\n{\\r\\n\\tif ((unit.EntryID == ID || unit.EntryID == ID2) && !unit.IsDead)\\r\\n        {\\r\\n        \\tif (unit.Distance < closestUnit)\\r\\n                {\\r\\n                \\t// This stores the distance of the new unit, so when it re-iterates through,\\r\\n                    \\t// ultimately the unit with the lowest distance, or the one closest to you is stored\\r\\n                    closestUnit = unit.Distance;\\r\\n                    // This stores the GUID, which is necessary as ALL units share the same UnitID, but the GUID is a unique identifier.\\r\\n                    killTarget = unit.GUID;\\r\\n                }\\r\\n        }\\r\\n}\\r\\nif (closestUnit == 5000)\\r\\n{\\r\\n\\tPrint(\\\"No Units Found Within Targetable Range.\\\");\\r\\n}\\r\\nelse\\r\\n{\\r\\n\\tInt32 closest = (Int32)closestUnit; // Easier on the eyes to Print.\\r\\n        Print(\\\"Re-Targeting Frightened Spirit...\\\");\\r\\n        // Setting Focus to closest Unit\\r\\n        foreach (var unit in Units)\\r\\n        {\\r\\n                if (unit.GUID == killTarget)\\r\\n                {\\r\\n                \\tMe.SetFocus(unit);\\r\\n                    \\tMe.SetTarget(unit);\\r\\n                   \\tbreak;\\r\\n                }\\r\\n        }\\r\\n}\\r\\n\"\r\n                                  },\r\n                                  {\r\n                                    \"$type\": \"Wait\",\r\n                                    \"Delay\": 1.0,\r\n                                    \"DelayMax\": 0.0\r\n                                  }\r\n                                ],\r\n                                \"IsSpecialElement\": true,\r\n                                \"SpecialElementName\": \"Then\",\r\n                                \"GroupName\": \"\"\r\n                              },\r\n                              \"Conditions\": [\r\n                                {\r\n                                  \"Condition\": {\r\n                                    \"$type\": \"CSharpCondition\",\r\n                                    \"CSharpCode\": \"Me.Focus == null\"\r\n                                  },\r\n                                  \"IsNot\": false\r\n                                },\r\n                                {\r\n                                  \"Condition\": null,\r\n                                  \"IsNot\": false\r\n                                },\r\n                                {\r\n                                  \"Condition\": null,\r\n                                  \"IsNot\": false\r\n                                },\r\n                                {\r\n                                  \"Condition\": null,\r\n                                  \"IsNot\": false\r\n                                }\r\n                              ],\r\n                              \"IsNot\": false\r\n                            },\r\n                            {\r\n                              \"$type\": \"While\",\r\n                              \"LoopActions\": {\r\n                                \"Children\": [\r\n                                  {\r\n                                    \"$type\": \"CSharpAction\",\r\n                                    \"CSharpCode\": \"MoveTo(Me.Focus.Position);\\r\\nyield return 100;\\r\\n\"\r\n                                  }\r\n                                ],\r\n                                \"IsSpecialElement\": true,\r\n                                \"SpecialElementName\": \"Do\",\r\n                                \"GroupName\": \"\"\r\n                              },\r\n                              \"Conditions\": [\r\n                                {\r\n                                  \"Condition\": {\r\n                                    \"$type\": \"CSharpCondition\",\r\n                                    \"CSharpCode\": \"Me.Focus != null && Me.Focus.Distance > 5 && !Me.Focus.IsDead\"\r\n                                  },\r\n                                  \"IsNot\": false\r\n                                },\r\n                                {\r\n                                  \"Condition\": null,\r\n                                  \"IsNot\": false\r\n                                },\r\n                                {\r\n                                  \"Condition\": null,\r\n                                  \"IsNot\": false\r\n                                },\r\n                                {\r\n                                  \"Condition\": null,\r\n                                  \"IsNot\": false\r\n                                }\r\n                              ],\r\n                              \"IsNot\": false\r\n                            },\r\n                            {\r\n                              \"$type\": \"If\",\r\n                              \"ActionsFalse\": {\r\n                                \"Children\": [],\r\n                                \"IsSpecialElement\": true,\r\n                                \"SpecialElementName\": \"Else\",\r\n                                \"GroupName\": \"\"\r\n                              },\r\n                              \"ActionsTrue\": {\r\n                                \"Children\": [\r\n                                  {\r\n                                    \"$type\": \"CSharpAction\",\r\n                                    \"CSharpCode\": \"Me.Focus.Interact()\\r\\n\"\r\n                                  },\r\n                                  {\r\n                                    \"$type\": \"Wait\",\r\n                                    \"Delay\": 2.0,\r\n                                    \"DelayMax\": 3.0\r\n                                  },\r\n                                  {\r\n                                    \"$type\": \"ExecuteLua\",\r\n                                    \"LuaCode\": \"SelectGossipOption(1)\"\r\n                                  },\r\n                                  {\r\n                                    \"$type\": \"Wait\",\r\n                                    \"Delay\": 1.0,\r\n                                    \"DelayMax\": 2.0\r\n                                  },\r\n                                  {\r\n                                    \"$type\": \"CSharpAction\",\r\n                                    \"CSharpCode\": \"Me.ClearFocus();\\r\\n\"\r\n                                  }\r\n                                ],\r\n                                \"IsSpecialElement\": true,\r\n                                \"SpecialElementName\": \"Then\",\r\n                                \"GroupName\": \"\"\r\n                              },\r\n                              \"Conditions\": [\r\n                                {\r\n                                  \"Condition\": {\r\n                                    \"$type\": \"CSharpCondition\",\r\n                                    \"CSharpCode\": \"Me.Focus != null && !Me.Focus.HasFlag(UnitFlags.PetInCombat) && !Me.Focus.IsDead\"\r\n                                  },\r\n                                  \"IsNot\": false\r\n                                },\r\n                                {\r\n                                  \"Condition\": null,\r\n                                  \"IsNot\": false\r\n                                },\r\n                                {\r\n                                  \"Condition\": null,\r\n                                  \"IsNot\": false\r\n                                },\r\n                                {\r\n                                  \"Condition\": null,\r\n                                  \"IsNot\": false\r\n                                }\r\n                              ],\r\n                              \"IsNot\": false\r\n                            },\r\n                            {\r\n                              \"$type\": \"CSharpAction\",\r\n                              \"CSharpCode\": \"Me.ClearFocus();\\r\\n\"\r\n                            }\r\n                          ],\r\n                          \"IsSpecialElement\": true,\r\n                          \"SpecialElementName\": \"Else\",\r\n                          \"GroupName\": \"\"\r\n                        },\r\n                        \"ActionsTrue\": {\r\n                          \"Children\": [],\r\n                          \"IsSpecialElement\": true,\r\n                          \"SpecialElementName\": \"Then\",\r\n                          \"GroupName\": \"\"\r\n                        },\r\n                        \"Conditions\": [\r\n                          {\r\n                            \"Condition\": {\r\n                              \"$type\": \"CSharpCondition\",\r\n                              \"CSharpCode\": \"HasQuest(37280) && !IsQuestObjectiveComplete(37280,1)\"\r\n                            },\r\n                            \"IsNot\": false\r\n                          },\r\n                          {\r\n                            \"Condition\": null,\r\n                            \"IsNot\": false\r\n                          },\r\n                          {\r\n                            \"Condition\": null,\r\n                            \"IsNot\": false\r\n                          },\r\n                          {\r\n                            \"Condition\": null,\r\n                            \"IsNot\": false\r\n                          }\r\n                        ],\r\n                        \"IsNot\": false\r\n                      }\r\n                    ],\r\n                    \"IsSpecialElement\": true,\r\n                    \"SpecialElementName\": \"Else\",\r\n                    \"GroupName\": \"\"\r\n                  },\r\n                  \"ActionsTrue\": {\r\n                    \"Children\": [\r\n                      {\r\n                        \"$type\": \"CSharpAction\",\r\n                        \"CSharpCode\": \"Me.Focus.Interact()\\r\\n\"\r\n                      },\r\n                      {\r\n                        \"$type\": \"Wait\",\r\n                        \"Delay\": 2.0,\r\n                        \"DelayMax\": 3.0\r\n                      },\r\n                      {\r\n                        \"$type\": \"ExecuteLua\",\r\n                        \"LuaCode\": \"SelectGossipOption(1)\"\r\n                      },\r\n                      {\r\n                        \"$type\": \"Wait\",\r\n                        \"Delay\": 1.0,\r\n                        \"DelayMax\": 2.0\r\n                      },\r\n                      {\r\n                        \"$type\": \"CSharpAction\",\r\n                        \"CSharpCode\": \"Me.ClearFocus();\\r\\n\"\r\n                      }\r\n                    ],\r\n                    \"IsSpecialElement\": true,\r\n                    \"SpecialElementName\": \"Then\",\r\n                    \"GroupName\": \"\"\r\n                  },\r\n                  \"Conditions\": [\r\n                    {\r\n                      \"Condition\": {\r\n                        \"$type\": \"CSharpCondition\",\r\n                        \"CSharpCode\": \"Me.Focus != null && !Me.Focus.HasFlag(UnitFlags.PetInCombat) && !Me.Focus.IsDead\"\r\n                      },\r\n                      \"IsNot\": false\r\n                    },\r\n                    {\r\n                      \"Condition\": null,\r\n                      \"IsNot\": false\r\n                    },\r\n                    {\r\n                      \"Condition\": null,\r\n                      \"IsNot\": false\r\n                    },\r\n                    {\r\n                      \"Condition\": null,\r\n                      \"IsNot\": false\r\n                    }\r\n                  ],\r\n                  \"IsNot\": false\r\n                }\r\n              ],\r\n              \"IsSpecialElement\": true,\r\n              \"SpecialElementName\": \"Do\",\r\n              \"GroupName\": \"\"\r\n            },\r\n            \"Conditions\": [\r\n              {\r\n                \"Condition\": {\r\n                  \"$type\": \"CSharpCondition\",\r\n                  \"CSharpCode\": \"HasQuest(37280) && !IsQuestObjectiveComplete(37280,1) && HasQuest(37318) && !IsQuestInLogAndComplete(37318)\"\r\n                },\r\n                \"IsNot\": false\r\n              },\r\n              {\r\n                \"Condition\": null,\r\n                \"IsNot\": false\r\n              },\r\n              {\r\n                \"Condition\": null,\r\n                \"IsNot\": false\r\n              },\r\n              {\r\n                \"Condition\": null,\r\n                \"IsNot\": false\r\n              }\r\n            ],\r\n            \"IsNot\": false\r\n          },\r\n          {\r\n            \"$type\": \"While\",\r\n            \"LoopActions\": {\r\n              \"Children\": [\r\n                {\r\n                  \"$type\": \"KillMobsTemplateScriptAction\",\r\n                  \"Template\": {\r\n                    \"$type\": \"KillMobsTemplate\",\r\n                    \"TargetObjects\": [\r\n                      {\r\n                        \"Hotspot\": {\r\n                          \"Position\": \"3887.127 4835.76 109.4566\",\r\n                          \"GroundPosition\": \"0 0 0\",\r\n                          \"IsGroundPosition\": false,\r\n                          \"ContinentId\": 1116\r\n                        },\r\n                        \"Name\": \"Snarlpaw Bloodtracker\",\r\n                        \"EntryId\": 88365\r\n                      },\r\n                      {\r\n                        \"Hotspot\": {\r\n                          \"Position\": \"3911.964 4864.741 105.5806\",\r\n                          \"GroundPosition\": \"0 0 0\",\r\n                          \"IsGroundPosition\": false,\r\n                          \"ContinentId\": 1116\r\n                        },\r\n                        \"Name\": \"Snarlpaw Razortooth\",\r\n                        \"EntryId\": 88358\r\n                      }\r\n                    ],\r\n                    \"HotspotsX\": [\r\n                      {\r\n                        \"Position\": \"3750.768 4839.725 87.90174\",\r\n                        \"GroundPosition\": \"0 0 0\",\r\n                        \"IsGroundPosition\": false,\r\n                        \"ContinentId\": 1116\r\n                      },\r\n                      {\r\n                        \"Position\": \"3861.68 4755.961 149.7413\",\r\n                        \"GroundPosition\": \"0 0 0\",\r\n                        \"IsGroundPosition\": false,\r\n                        \"ContinentId\": 1116\r\n                      }\r\n                    ],\r\n                    \"Blackspots\": [],\r\n                    \"ForceLoot\": false,\r\n                    \"ForcePullMobs\": false,\r\n                    \"GameObjectiveIndex\": 1,\r\n                    \"RunTime\": 5.0\r\n                  },\r\n                  \"TimeLimit\": 0\r\n                }\r\n              ],\r\n              \"IsSpecialElement\": true,\r\n              \"SpecialElementName\": \"Do\",\r\n              \"GroupName\": \"\"\r\n            },\r\n            \"Conditions\": [\r\n              {\r\n                \"Condition\": null,\r\n                \"IsNot\": false\r\n              },\r\n              {\r\n                \"Condition\": null,\r\n                \"IsNot\": false\r\n              },\r\n              {\r\n                \"Condition\": null,\r\n                \"IsNot\": false\r\n              },\r\n              {\r\n                \"Condition\": {\r\n                  \"$type\": \"CSharpCondition\",\r\n                  \"CSharpCode\": \"HasQuest(37280) && !IsQuestObjectiveComplete(37280, 2)\"\r\n                },\r\n                \"IsNot\": false\r\n              }\r\n            ],\r\n            \"IsNot\": false\r\n          },\r\n          {\r\n            \"$type\": \"While\",\r\n            \"LoopActions\": {\r\n              \"Children\": [\r\n                {\r\n                  \"$type\": \"KillMobsTemplateScriptAction\",\r\n                  \"Template\": {\r\n                    \"$type\": \"KillMobsTemplate\",\r\n                    \"TargetObjects\": [\r\n                      {\r\n                        \"Hotspot\": {\r\n                          \"Position\": \"3783.27 4778.014 96.11072\",\r\n                          \"GroundPosition\": \"0 0 0\",\r\n                          \"IsGroundPosition\": false,\r\n                          \"ContinentId\": 1116\r\n                        },\r\n                        \"Name\": \"Boneseer Cold-Eye\",\r\n                        \"EntryId\": 88361\r\n                      }\r\n                    ],\r\n                    \"HotspotsX\": [\r\n                      {\r\n                        \"Position\": \"3780.236 4798.064 94.9098\",\r\n                        \"GroundPosition\": \"0 0 0\",\r\n                        \"IsGroundPosition\": false,\r\n                        \"ContinentId\": 1116\r\n                      }\r\n                    ],\r\n                    \"Blackspots\": [],\r\n                    \"ForceLoot\": false,\r\n                    \"ForcePullMobs\": false,\r\n                    \"GameObjectiveIndex\": 1,\r\n                    \"RunTime\": 5.0\r\n                  },\r\n                  \"TimeLimit\": 0\r\n                }\r\n              ],\r\n              \"IsSpecialElement\": true,\r\n              \"SpecialElementName\": \"Do\",\r\n              \"GroupName\": \"\"\r\n            },\r\n            \"Conditions\": [\r\n              {\r\n                \"Condition\": null,\r\n                \"IsNot\": false\r\n              },\r\n              {\r\n                \"Condition\": null,\r\n                \"IsNot\": false\r\n              },\r\n              {\r\n                \"Condition\": null,\r\n                \"IsNot\": false\r\n              },\r\n              {\r\n                \"Condition\": {\r\n                  \"$type\": \"CSharpCondition\",\r\n                  \"CSharpCode\": \"HasQuest(37280) && !IsQuestObjectiveComplete(37280, 3)\"\r\n                },\r\n                \"IsNot\": false\r\n              }\r\n            ],\r\n            \"IsNot\": false\r\n          }\r\n        ],\r\n        \"IsSpecialElement\": true,\r\n        \"SpecialElementName\": \"Do\",\r\n        \"GroupName\": \"\"\r\n      },\r\n      \"Conditions\": [\r\n        {\r\n          \"Condition\": {\r\n            \"$type\": \"CSharpCondition\",\r\n            \"CSharpCode\": \"HasQuest(37280) && !IsQuestInLogAndComplete(37280)\"\r\n          },\r\n          \"IsNot\": false\r\n        },\r\n        {\r\n          \"Condition\": null,\r\n          \"IsNot\": false\r\n        },\r\n        {\r\n          \"Condition\": null,\r\n          \"IsNot\": false\r\n        },\r\n        {\r\n          \"Condition\": null,\r\n          \"IsNot\": false\r\n        }\r\n      ],\r\n      \"IsNot\": false\r\n    }\r\n  ],\r\n  \"GroupName\": \"\"\r\n}",
  "ActionOrder": 1,
  "Actions": []
}