{
  "QuestID": 37318,
  "Version": 13,
  "FactionGroup": 1,
  "CreatedOn": "2014-11-29T01:11:53.8269605Z",
  "UpdatedOn": "2015-11-11T19:04:20.2018821Z",
  "Comment": "",
  "CreatedBy": null,
  "AllowUpdates": false,
  "RecommendedLevel": 99,
  "Frequency": 1,
  "QuestStart": {
    "ObjectName": "Murgok",
    "EntryId": 88500,
    "AdditionalEntryIds": null,
    "ContinentId": 1116,
    "ZoneId": 6755,
    "Position": "3776.934 4799.075 95.38023",
    "TurnInType": 0,
    "MyFaction": 1
  },
  "QuestEnd": {
    "ObjectName": "Boneseer's Cauldron",
    "EntryId": 237705,
    "AdditionalEntryIds": [],
    "ContinentId": 1116,
    "ZoneId": 6755,
    "Position": "3779.294 4784.549 95.62811",
    "TurnInType": 1,
    "IsIndoors": true,
    "MyFaction": 1
  },
  "ActionOrder": 1,
  "Actions": [
    {
      "$type": "CollectObjectsTemplate",
      "TargetObjects": [
        {
          "Hotspot": {
            "Position": "3760.122 4815.331 86.01963",
            "GroundPosition": "0 0 0",
            "IsGroundPosition": false,
            "ContinentId": 1116
          },
          "Name": "Ancient Snarlpaw Skull",
          "EntryId": 238850
        }
      ],
      "HotspotsX": [
        {
          "Position": "3770.757 4798.937 95.24438",
          "GroundPosition": "0 0 0",
          "IsGroundPosition": false,
          "ContinentId": 1116
        },
        {
          "Position": "3853.177 4865.938 91.58475",
          "GroundPosition": "0 0 0",
          "IsGroundPosition": false,
          "ContinentId": 1116
        },
        {
          "Position": "3810.443 4762.793 140.2176",
          "GroundPosition": "0 0 0",
          "ContinentId": 1116
        }
      ],
      "Blackspots": [
        "3814 4804 102 13.1"
      ],
      "IsLoot": true,
      "OpeningCast": false,
      "NoMovement": false,
      "GameObjectiveIndex": 1,
      "RunTime": 5.0
    }
  ]
}