{
  "QuestID": 34656,
  "Version": 3,
  "FactionGroup": 1,
  "CreatedOn": "2014-11-25T18:50:18.6758043Z",
  "UpdatedOn": "2015-08-07T21:31:44.7330772Z",
  "Comment": "",
  "CreatedBy": null,
  "AllowUpdates": false,
  "RecommendedLevel": 96,
  "Frequency": 1,
  "IsStory": true,
  "QuestStart": {
    "ObjectName": "Reshad",
    "EntryId": 79519,
    "AdditionalEntryIds": null,
    "ContinentId": 1116,
    "ZoneId": 6722,
    "Position": "861.1337 2035.833 179.6189",
    "TurnInType": 0,
    "IsIndoors": true,
    "MyFaction": 0
  },
  "ActionOrder": 1,
  "Actions": [
    {
      "$type": "CollectObjectsTemplate",
      "TargetObjects": [
        {
          "Hotspot": {
            "Position": "727.184 2183.045 159.1955",
            "GroundPosition": "0 0 0",
            "IsGroundPosition": false,
            "ContinentId": 1116
          },
          "Name": "Weathered Wingblades",
          "EntryId": 230529
        }
      ],
      "HotspotsX": [
        {
          "Position": "729.0781 2182.382 157.2372",
          "GroundPosition": "0 0 0",
          "IsGroundPosition": false,
          "ContinentId": 1116
        }
      ],
      "Blackspots": [],
      "IsLoot": true,
      "OpeningCast": false,
      "NoMovement": false,
      "GameObjectiveIndex": 1,
      "RunTime": 5.0
    },
    {
      "$type": "CollectObjectsTemplate",
      "TargetObjects": [
        {
          "Hotspot": {
            "Position": "771.1077 1958.283 177.5765",
            "GroundPosition": "771.1077 1958.283 174.3753",
            "IsGroundPosition": false,
            "ContinentId": 1116
          },
          "Name": "Ragged Mask",
          "EntryId": 230568
        }
      ],
      "HotspotsX": [
        {
          "Position": "772.6708 1958.269 174.1328",
          "GroundPosition": "0 0 0",
          "IsGroundPosition": false,
          "ContinentId": 1116
        }
      ],
      "Blackspots": [],
      "IsLoot": true,
      "OpeningCast": false,
      "NoMovement": false,
      "GameObjectiveIndex": 2,
      "RunTime": 5.0
    }
  ]
}