{
  "QuestID": 34653,
  "Version": 19,
  "FactionGroup": 1,
  "CreatedOn": "2014-11-25T18:38:38.3913618Z",
  "UpdatedOn": "2015-08-07T21:31:17.8110897Z",
  "Comment": "",
  "CreatedBy": null,
  "AllowUpdates": false,
  "RecommendedLevel": 96,
  "Frequency": 1,
  "IsStory": true,
  "QuestStart": {
    "ObjectName": "Rokhan",
    "EntryId": 78487,
    "AdditionalEntryIds": null,
    "ContinentId": 1330,
    "ZoneId": 7004,
    "Position": "5614.007 4563.16 135.1946",
    "TurnInType": 0,
    "IsIndoors": true,
    "MyFaction": 0
  },
  "QuestEnd": {
    "ObjectName": "Azik",
    "EntryId": 79539,
    "AdditionalEntryIds": null,
    "ContinentId": 1116,
    "ZoneId": 6722,
    "Position": "655.0746 2384.804 203.7572",
    "TurnInType": 0,
    "MyFaction": 1
  },
  "UseScript": true,
  "ScriptText": "{\r\n  \"Children\": [\r\n    {\r\n      \"$type\": \"LoadCSharpScript\",\r\n      \"FileName\": \"QH.cs\"\r\n    },\r\n    {\r\n      \"$type\": \"CSharpAction\",\r\n      \"CSharpCode\": \"// Initializing Instance and Injecting Custom API into Rebot\\r\\nQH.API = this;\"\r\n    },\r\n    {\r\n      \"$type\": \"If\",\r\n      \"ActionsFalse\": {\r\n        \"Children\": [],\r\n        \"IsSpecialElement\": true,\r\n        \"SpecialElementName\": \"Else\",\r\n        \"GroupName\": \"\"\r\n      },\r\n      \"ActionsTrue\": {\r\n        \"Children\": [\r\n          {\r\n            \"$type\": \"CSharpAction\",\r\n            \"CSharpCode\": \"QH.Fib = new Fiber<int>(QH.HearthToGarrison());\\r\\nwhile(QH.Fib.Run()){\\r\\n\\tyield return 100;\\r\\n}\\r\\n\"\r\n          },\r\n          {\r\n            \"$type\": \"Interact\",\r\n            \"Target\": {\r\n              \"Name\": \"Bron Skyhorn\",\r\n              \"EntryId\": 79407\r\n            },\r\n            \"NumOfTimes\": 0\r\n          },\r\n          {\r\n            \"$type\": \"Wait\",\r\n            \"Delay\": 2.0,\r\n            \"DelayMax\": 3.0\r\n          },\r\n          {\r\n            \"$type\": \"Comment\",\r\n            \"Text\": \"Taking Escorted Flight to Spires of Arak!\",\r\n            \"Color\": \"64, 128, 128\"\r\n          },\r\n          {\r\n            \"$type\": \"CSharpAction\",\r\n            \"CSharpCode\": \"QH.DoGossipOnMatch(\\\"Please fly me to Spires of Arak.\\\");\"\r\n          },\r\n          {\r\n            \"$type\": \"Wait\",\r\n            \"Delay\": 1.0,\r\n            \"DelayMax\": 0.0\r\n          }\r\n        ],\r\n        \"IsSpecialElement\": true,\r\n        \"SpecialElementName\": \"Then\",\r\n        \"GroupName\": \"\"\r\n      },\r\n      \"Condition\": {\r\n        \"$type\": \"CSharpCondition\",\r\n        \"CSharpCode\": \"Me.ZoneId != 6722;\"\r\n      },\r\n      \"IsNot\": false\r\n    }\r\n  ],\r\n  \"GroupName\": \"\"\r\n}",
  "ActionOrder": 1,
  "Actions": []
}