{
  "QuestID": 34886,
  "Version": 4,
  "FactionGroup": 1,
  "CreatedOn": "2014-11-27T01:26:50.0562948Z",
  "UpdatedOn": "2015-08-07T21:37:16.9915765Z",
  "Comment": "",
  "CreatedBy": null,
  "AllowUpdates": false,
  "RecommendedLevel": 96,
  "Frequency": 1,
  "QuestStart": {
    "ObjectName": "Ikky",
    "EntryId": 80469,
    "AdditionalEntryIds": null,
    "ContinentId": 1116,
    "ZoneId": 6722,
    "Position": "-100.8576 1930.196 32.01377",
    "TurnInType": 0,
    "IsIndoors": true,
    "MyFaction": 0
  },
  "ActionOrder": 1,
  "Actions": [
    {
      "$type": "CollectObjectsTemplate",
      "TargetObjects": [
        {
          "Hotspot": {
            "Position": "-138.7384 1947.016 39.69409",
            "GroundPosition": "0 0 0",
            "IsGroundPosition": false,
            "ContinentId": 1116
          },
          "Name": "Ravager Grub",
          "EntryId": 80472
        }
      ],
      "HotspotsX": [
        {
          "Position": "-138.8955 1945.317 39.51385",
          "GroundPosition": "0 0 0",
          "IsGroundPosition": false,
          "ContinentId": 1116
        }
      ],
      "Blackspots": [],
      "IsLoot": true,
      "OpeningCast": false,
      "NoMovement": false,
      "GameObjectiveIndex": 1,
      "RunTime": 5.0
    }
  ]
}