{
  "QuestID": 34921,
  "Version": 3,
  "FactionGroup": 1,
  "CreatedOn": "2014-11-28T16:35:21.4471281Z",
  "UpdatedOn": "2015-08-07T21:50:08.6159855Z",
  "Comment": "",
  "CreatedBy": null,
  "AllowUpdates": false,
  "RecommendedLevel": 96,
  "Frequency": 1,
  "QuestStart": {
    "ObjectName": "Anzu",
    "EntryId": 80648,
    "AdditionalEntryIds": null,
    "ContinentId": 1116,
    "ZoneId": 6722,
    "Position": "-477.7083 1839.83 42.48521",
    "TurnInType": 0,
    "IsIndoors": true,
    "MyFaction": 0
  },
  "QuestEnd": {
    "ObjectName": "Iktis of the Flock",
    "EntryId": 80639,
    "AdditionalEntryIds": null,
    "ContinentId": 1116,
    "ZoneId": 6722,
    "Position": "-594.8143 1712.438 23.28484",
    "TurnInType": 0,
    "MyFaction": 1
  },
  "ActionOrder": 1,
  "Actions": [
    {
      "$type": "CollectObjectsTemplate",
      "TargetObjects": [
        {
          "Hotspot": {
            "Position": "-592.1771 1715.129 23.99322",
            "GroundPosition": "0 0 0",
            "IsGroundPosition": false,
            "ContinentId": 1116
          },
          "Name": "Offering Basket",
          "EntryId": 231118
        }
      ],
      "HotspotsX": [
        {
          "Position": "-593.3447 1716.254 23.31885",
          "GroundPosition": "0 0 0",
          "IsGroundPosition": false,
          "ContinentId": 1116
        }
      ],
      "Blackspots": [],
      "IsLoot": true,
      "OpeningCast": false,
      "NoMovement": false,
      "GameObjectiveIndex": 1,
      "RunTime": 5.0
    }
  ]
}