{
  "QuestID": 34938,
  "Version": 8,
  "FactionGroup": 1,
  "CreatedOn": "2014-11-28T16:53:27.8568834Z",
  "UpdatedOn": "2015-08-07T21:51:39.6179713Z",
  "Comment": "",
  "CreatedBy": null,
  "AllowUpdates": false,
  "RecommendedLevel": 96,
  "Frequency": 1,
  "IsStory": true,
  "QuestStart": {
    "ObjectName": "Ravenspeaker Sekara",
    "EntryId": 80740,
    "AdditionalEntryIds": null,
    "ContinentId": 1116,
    "ZoneId": 6722,
    "Position": "-807.6059 1355.799 54.69331",
    "TurnInType": 0,
    "MyFaction": 1
  },
  "QuestEnd": {
    "ObjectName": "High Ravenspeaker Krikka",
    "EntryId": 80481,
    "AdditionalEntryIds": null,
    "ContinentId": 1116,
    "ZoneId": 6722,
    "Position": "-633.1424 1522.276 36.65503",
    "TurnInType": 0,
    "MyFaction": 1
  },
  "ActionOrder": 1,
  "Actions": [
    {
      "$type": "UseItemTemplate",
      "UseMethod": 6,
      "OverrideCooldown": 0.0,
      "OverrideCastTime": 0.0,
      "StayMounted": false,
      "MinCastRange": 4.5,
      "DontFilterDeadUnits": false,
      "UseCount": 1,
      "TargetUnits": [
        {
          "Hotspot": {
            "Position": "-1031.734 1648.759 67.42218",
            "GroundPosition": "0 0 0",
            "IsGroundPosition": false,
            "ContinentId": 1116
          },
          "Name": "Ralshiara",
          "EntryId": 80502
        }
      ],
      "HotspotsX": [
        {
          "Position": "-1027.477 1660.098 65.64497",
          "GroundPosition": "0 0 0",
          "TargetSearchRange": 10.0,
          "IsGroundPosition": false,
          "ContinentId": 1116
        }
      ],
      "Blackspots": [],
      "Item": [
        {
          "Name": "Strange Crystal Shard",
          "EntryId": 112681
        }
      ],
      "BanTime": 120.0,
      "BanMobCombatAfterUse": false,
      "GameObjectiveIndex": 1,
      "RunTime": 5.0
    }
  ]
}