{
  "QuestID": 34939,
  "Version": 6,
  "FactionGroup": 1,
  "CreatedOn": "2014-11-28T17:01:20.5648568Z",
  "UpdatedOn": "2015-08-07T21:51:49.1478554Z",
  "Comment": "",
  "CreatedBy": null,
  "AllowUpdates": false,
  "RecommendedLevel": 96,
  "Frequency": 1,
  "IsStory": true,
  "QuestStart": {
    "ObjectName": "High Ravenspeaker Krikka",
    "EntryId": 80860,
    "AdditionalEntryIds": null,
    "ContinentId": 1116,
    "ZoneId": 6722,
    "Position": "-811.2327 1356.465 54.74408",
    "TurnInType": 0,
    "IsIndoors": true,
    "MyFaction": 0
  },
  "QuestEnd": {
    "ObjectName": "High Ravenspeaker Krikka",
    "EntryId": 80481,
    "AdditionalEntryIds": null,
    "ContinentId": 1116,
    "ZoneId": 6722,
    "Position": "-633.1424 1522.276 36.65503",
    "TurnInType": 0,
    "MyFaction": 1
  },
  "ActionOrder": 1,
  "Actions": [
    {
      "$type": "KillMobsTemplate",
      "TargetObjects": [
        {
          "Hotspot": {
            "Position": "-943.1205 1700.796 61.35723",
            "GroundPosition": "0 0 0",
            "IsGroundPosition": false,
            "ContinentId": 1116
          },
          "Name": "Bloodmane Earthbinder",
          "EntryId": 80448
        }
      ],
      "HotspotsX": [
        {
          "Position": "-1082.063 1713.717 50.10864",
          "GroundPosition": "0 0 0",
          "IsGroundPosition": false,
          "ContinentId": 1116
        },
        {
          "Position": "-1017.822 1721.314 55.50466",
          "GroundPosition": "0 0 0",
          "IsGroundPosition": false,
          "ContinentId": 1116
        },
        {
          "Position": "-916.7593 1654.249 63.98338",
          "GroundPosition": "0 0 0",
          "IsGroundPosition": false,
          "ContinentId": 1116
        }
      ],
      "Blackspots": [],
      "ForceLoot": false,
      "ForcePullMobs": false,
      "GameObjectiveIndex": 1,
      "RunTime": 5.0
    }
  ]
}