{
  "QuestID": 34999,
  "Version": 5,
  "FactionGroup": 1,
  "CreatedOn": "2014-11-28T15:14:58.8238054Z",
  "UpdatedOn": "2015-08-07T21:43:40.1356536Z",
  "Comment": "",
  "CreatedBy": null,
  "AllowUpdates": false,
  "RecommendedLevel": 96,
  "Frequency": 1,
  "IsStory": true,
  "QuestStart": {
    "ObjectName": "Kazu",
    "EntryId": 81514,
    "AdditionalEntryIds": null,
    "ContinentId": 1116,
    "ZoneId": 6722,
    "Position": "-322.1528 929.6268 75.24945",
    "TurnInType": 0,
    "IsIndoors": true,
    "MyFaction": 0
  },
  "ActionOrder": 1,
  "Actions": [
    {
      "$type": "KillMobsTemplate",
      "TargetObjects": [
        {
          "Hotspot": {
            "Position": "-212.326 814.3362 60.58953",
            "GroundPosition": "0 0 0",
            "IsGroundPosition": false,
            "ContinentId": 1116
          },
          "Name": "Spiteful Animate",
          "EntryId": 80637
        },
        {
          "Hotspot": {
            "Position": "-319.8586 812.5367 57.97257",
            "GroundPosition": "0 0 0",
            "IsGroundPosition": false,
            "ContinentId": 1116
          },
          "Name": "Bubbling Blood",
          "EntryId": 80763
        }
      ],
      "HotspotsX": [
        {
          "Position": "-234.4722 823.4757 61.89297",
          "GroundPosition": "0 0 0",
          "IsGroundPosition": false,
          "ContinentId": 1116
        },
        {
          "Position": "-321.1459 813.0364 57.94985",
          "GroundPosition": "0 0 0",
          "IsGroundPosition": false,
          "ContinentId": 1116
        },
        {
          "Position": "-281.4994 766.2963 59.9598",
          "GroundPosition": "0 0 0",
          "IsGroundPosition": false,
          "ContinentId": 1116
        }
      ],
      "Blackspots": [],
      "ForceLoot": false,
      "ForcePullMobs": false,
      "GameObjectiveIndex": 1,
      "RunTime": 5.0
    }
  ]
}