{
  "QuestID": 35009,
  "Version": 33,
  "FactionGroup": 1,
  "CreatedOn": "2014-12-06T09:33:36.8633659Z",
  "UpdatedOn": "2015-08-07T21:52:28.5336973Z",
  "Comment": "",
  "CreatedBy": null,
  "AllowUpdates": false,
  "RecommendedLevel": 96,
  "Frequency": 1,
  "IsStory": true,
  "QuestStart": {
    "ObjectName": "High Ravenspeaker Krikka",
    "EntryId": 80481,
    "AdditionalEntryIds": null,
    "ContinentId": 1116,
    "ZoneId": 6722,
    "Position": "-633.1424 1522.276 36.65503",
    "TurnInType": 0,
    "IsIndoors": true,
    "MyFaction": 0
  },
  "QuestEnd": {
    "ObjectName": "Ka'alu",
    "EntryId": 77857,
    "AdditionalEntryIds": null,
    "ContinentId": 1116,
    "ZoneId": 6722,
    "Position": "-659.2118 1579.463 36.22345",
    "TurnInType": 0,
    "MyFaction": 1
  },
  "UseScript": true,
  "ScriptText": "{\r\n  \"Children\": [\r\n    {\r\n      \"$type\": \"If\",\r\n      \"ActionsFalse\": {\r\n        \"Children\": [],\r\n        \"IsSpecialElement\": true,\r\n        \"SpecialElementName\": \"Else\",\r\n        \"GroupName\": \"\"\r\n      },\r\n      \"ActionsTrue\": {\r\n        \"Children\": [\r\n          {\r\n            \"$type\": \"GossipTemplateScriptAction\",\r\n            \"Template\": {\r\n              \"$type\": \"GossipInteractionTemplate\",\r\n              \"TargetObjects\": [\r\n                {\r\n                  \"Hotspot\": {\r\n                    \"Position\": \"-633.1424 1522.276 36.65498\",\r\n                    \"GroundPosition\": \"0 0 0\",\r\n                    \"IsGroundPosition\": false,\r\n                    \"ContinentId\": 1116\r\n                  },\r\n                  \"Name\": \"High Ravenspeaker Krikka\",\r\n                  \"EntryId\": 80481\r\n                }\r\n              ],\r\n              \"HotspotsX\": [\r\n                {\r\n                  \"Position\": \"-635.101 1525.969 36.59196\",\r\n                  \"GroundPosition\": \"0 0 0\",\r\n                  \"IsGroundPosition\": false,\r\n                  \"ContinentId\": 1116\r\n                }\r\n              ],\r\n              \"GossipIndex\": 1,\r\n              \"Dismount\": false,\r\n              \"GameObjectiveIndex\": 1,\r\n              \"RunTime\": 5.0\r\n            },\r\n            \"TimeLimit\": 0\r\n          },\r\n          {\r\n            \"$type\": \"MoveTo\",\r\n            \"Hotspot\": {\r\n              \"Position\": \"-652.792 1547.519 36.48407\",\r\n              \"GroundPosition\": \"0 0 0\",\r\n              \"IsGroundPosition\": false,\r\n              \"ContinentId\": 1116\r\n            },\r\n            \"Method\": \"Navi\"\r\n          },\r\n          {\r\n            \"$type\": \"Wait\",\r\n            \"Delay\": 8.0,\r\n            \"DelayMax\": 10.0\r\n          }\r\n        ],\r\n        \"IsSpecialElement\": true,\r\n        \"SpecialElementName\": \"Then\",\r\n        \"GroupName\": \"\"\r\n      },\r\n      \"Conditions\": [\r\n        {\r\n          \"Condition\": {\r\n            \"$type\": \"CSharpCondition\",\r\n            \"CSharpCode\": \"HasQuest(35009) && IsQuestObjectiveComplete(35009,1) && !IsQuestObjectiveComplete(35009,2) && !Me.HasAura(167507)\"\r\n          },\r\n          \"IsNot\": false\r\n        },\r\n        {\r\n          \"Condition\": null,\r\n          \"IsNot\": false\r\n        },\r\n        {\r\n          \"Condition\": null,\r\n          \"IsNot\": false\r\n        },\r\n        {\r\n          \"Condition\": null,\r\n          \"IsNot\": false\r\n        }\r\n      ],\r\n      \"IsNot\": false\r\n    },\r\n    {\r\n      \"$type\": \"While\",\r\n      \"LoopActions\": {\r\n        \"Children\": [\r\n          {\r\n            \"$type\": \"If\",\r\n            \"ActionsFalse\": {\r\n              \"Children\": [],\r\n              \"IsSpecialElement\": true,\r\n              \"SpecialElementName\": \"Else\",\r\n              \"GroupName\": \"\"\r\n            },\r\n            \"ActionsTrue\": {\r\n              \"Children\": [\r\n                {\r\n                  \"$type\": \"GossipTemplateScriptAction\",\r\n                  \"Template\": {\r\n                    \"$type\": \"GossipInteractionTemplate\",\r\n                    \"TargetObjects\": [\r\n                      {\r\n                        \"Hotspot\": {\r\n                          \"Position\": \"-633.1424 1522.276 36.65498\",\r\n                          \"GroundPosition\": \"0 0 0\",\r\n                          \"IsGroundPosition\": false,\r\n                          \"ContinentId\": 1116\r\n                        },\r\n                        \"Name\": \"High Ravenspeaker Krikka\",\r\n                        \"EntryId\": 80481\r\n                      }\r\n                    ],\r\n                    \"HotspotsX\": [\r\n                      {\r\n                        \"Position\": \"-635.101 1525.969 36.59196\",\r\n                        \"GroundPosition\": \"0 0 0\",\r\n                        \"IsGroundPosition\": false,\r\n                        \"ContinentId\": 1116\r\n                      }\r\n                    ],\r\n                    \"GossipIndex\": 1,\r\n                    \"Dismount\": false,\r\n                    \"GameObjectiveIndex\": 1,\r\n                    \"RunTime\": 5.0\r\n                  },\r\n                  \"TimeLimit\": 0\r\n                },\r\n                {\r\n                  \"$type\": \"MoveTo\",\r\n                  \"Hotspot\": {\r\n                    \"Position\": \"-652.792 1547.519 36.48407\",\r\n                    \"GroundPosition\": \"0 0 0\",\r\n                    \"IsGroundPosition\": false,\r\n                    \"ContinentId\": 1116\r\n                  },\r\n                  \"Method\": \"Navi\"\r\n                },\r\n                {\r\n                  \"$type\": \"Wait\",\r\n                  \"Delay\": 8.0,\r\n                  \"DelayMax\": 10.0\r\n                }\r\n              ],\r\n              \"IsSpecialElement\": true,\r\n              \"SpecialElementName\": \"Then\",\r\n              \"GroupName\": \"\"\r\n            },\r\n            \"Conditions\": [\r\n              {\r\n                \"Condition\": {\r\n                  \"$type\": \"CSharpCondition\",\r\n                  \"CSharpCode\": \"HasQuest(35009) && !IsQuestObjectiveComplete(35009,1)\"\r\n                },\r\n                \"IsNot\": false\r\n              },\r\n              {\r\n                \"Condition\": null,\r\n                \"IsNot\": false\r\n              },\r\n              {\r\n                \"Condition\": null,\r\n                \"IsNot\": false\r\n              },\r\n              {\r\n                \"Condition\": null,\r\n                \"IsNot\": false\r\n              }\r\n            ],\r\n            \"IsNot\": false\r\n          },\r\n          {\r\n            \"$type\": \"Wait\",\r\n            \"Delay\": 1.0,\r\n            \"DelayMax\": 0.0\r\n          },\r\n          {\r\n            \"$type\": \"While\",\r\n            \"LoopActions\": {\r\n              \"Children\": [\r\n                {\r\n                  \"$type\": \"Wait\",\r\n                  \"Delay\": 2.0,\r\n                  \"DelayMax\": 3.0\r\n                },\r\n                {\r\n                  \"$type\": \"If\",\r\n                  \"ActionsFalse\": {\r\n                    \"Children\": [\r\n                      {\r\n                        \"$type\": \"If\",\r\n                        \"ActionsFalse\": {\r\n                          \"Children\": [\r\n                            {\r\n                              \"$type\": \"If\",\r\n                              \"ActionsFalse\": {\r\n                                \"Children\": [\r\n                                  {\r\n                                    \"$type\": \"If\",\r\n                                    \"ActionsFalse\": {\r\n                                      \"Children\": [],\r\n                                      \"IsSpecialElement\": true,\r\n                                      \"SpecialElementName\": \"Else\",\r\n                                      \"GroupName\": \"\"\r\n                                    },\r\n                                    \"ActionsTrue\": {\r\n                                      \"Children\": [\r\n                                        {\r\n                                          \"$type\": \"Comment\",\r\n                                          \"Text\": \"Scroll of the Ravens!\",\r\n                                          \"Color\": \"64, 128, 128\"\r\n                                        },\r\n                                        {\r\n                                          \"$type\": \"Wait\",\r\n                                          \"Delay\": 1.0,\r\n                                          \"DelayMax\": 0.0\r\n                                        },\r\n                                        {\r\n                                          \"$type\": \"Interact\",\r\n                                          \"Target\": {\r\n                                            \"Name\": \"Scroll of the Ravens\",\r\n                                            \"EntryId\": 233385\r\n                                          },\r\n                                          \"NumOfTimes\": 0\r\n                                        },\r\n                                        {\r\n                                          \"$type\": \"Wait\",\r\n                                          \"Delay\": 1.0,\r\n                                          \"DelayMax\": 0.0\r\n                                        },\r\n                                        {\r\n                                          \"$type\": \"MoveTo\",\r\n                                          \"Hotspot\": {\r\n                                            \"Position\": \"-652.792 1547.519 36.48407\",\r\n                                            \"GroundPosition\": \"0 0 0\",\r\n                                            \"IsGroundPosition\": false,\r\n                                            \"ContinentId\": 1116\r\n                                          },\r\n                                          \"Method\": \"Navi\"\r\n                                        }\r\n                                      ],\r\n                                      \"IsSpecialElement\": true,\r\n                                      \"SpecialElementName\": \"Then\",\r\n                                      \"GroupName\": \"\"\r\n                                    },\r\n                                    \"Conditions\": [\r\n                                      {\r\n                                        \"Condition\": {\r\n                                          \"$type\": \"CSharpCondition\",\r\n                                          \"CSharpCode\": \"Me.HasAura(167481)\"\r\n                                        },\r\n                                        \"IsNot\": false\r\n                                      },\r\n                                      {\r\n                                        \"Condition\": null,\r\n                                        \"IsNot\": false\r\n                                      },\r\n                                      {\r\n                                        \"Condition\": null,\r\n                                        \"IsNot\": false\r\n                                      },\r\n                                      {\r\n                                        \"Condition\": null,\r\n                                        \"IsNot\": false\r\n                                      }\r\n                                    ],\r\n                                    \"IsNot\": false\r\n                                  }\r\n                                ],\r\n                                \"IsSpecialElement\": true,\r\n                                \"SpecialElementName\": \"Else\",\r\n                                \"GroupName\": \"\"\r\n                              },\r\n                              \"ActionsTrue\": {\r\n                                \"Children\": [\r\n                                  {\r\n                                    \"$type\": \"Comment\",\r\n                                    \"Text\": \"Aromatic Incense!\",\r\n                                    \"Color\": \"64, 128, 128\"\r\n                                  },\r\n                                  {\r\n                                    \"$type\": \"Wait\",\r\n                                    \"Delay\": 1.0,\r\n                                    \"DelayMax\": 0.0\r\n                                  },\r\n                                  {\r\n                                    \"$type\": \"Interact\",\r\n                                    \"Target\": {\r\n                                      \"Name\": \"Aromatic Incense\",\r\n                                      \"EntryId\": 233364\r\n                                    },\r\n                                    \"NumOfTimes\": 0\r\n                                  },\r\n                                  {\r\n                                    \"$type\": \"MoveTo\",\r\n                                    \"Hotspot\": {\r\n                                      \"Position\": \"-652.792 1547.519 36.48407\",\r\n                                      \"GroundPosition\": \"0 0 0\",\r\n                                      \"IsGroundPosition\": false,\r\n                                      \"ContinentId\": 1116\r\n                                    },\r\n                                    \"Method\": \"Navi\"\r\n                                  },\r\n                                  {\r\n                                    \"$type\": \"Wait\",\r\n                                    \"Delay\": 1.0,\r\n                                    \"DelayMax\": 0.0\r\n                                  }\r\n                                ],\r\n                                \"IsSpecialElement\": true,\r\n                                \"SpecialElementName\": \"Then\",\r\n                                \"GroupName\": \"\"\r\n                              },\r\n                              \"Conditions\": [\r\n                                {\r\n                                  \"Condition\": {\r\n                                    \"$type\": \"CSharpCondition\",\r\n                                    \"CSharpCode\": \"Me.HasAura(167448)\"\r\n                                  },\r\n                                  \"IsNot\": false\r\n                                },\r\n                                {\r\n                                  \"Condition\": null,\r\n                                  \"IsNot\": false\r\n                                },\r\n                                {\r\n                                  \"Condition\": null,\r\n                                  \"IsNot\": false\r\n                                },\r\n                                {\r\n                                  \"Condition\": null,\r\n                                  \"IsNot\": false\r\n                                }\r\n                              ],\r\n                              \"IsNot\": false\r\n                            }\r\n                          ],\r\n                          \"IsSpecialElement\": true,\r\n                          \"SpecialElementName\": \"Else\",\r\n                          \"GroupName\": \"\"\r\n                        },\r\n                        \"ActionsTrue\": {\r\n                          \"Children\": [\r\n                            {\r\n                              \"$type\": \"Comment\",\r\n                              \"Text\": \"Sacred Feathers!\",\r\n                              \"Color\": \"64, 128, 128\"\r\n                            },\r\n                            {\r\n                              \"$type\": \"Wait\",\r\n                              \"Delay\": 1.0,\r\n                              \"DelayMax\": 0.0\r\n                            },\r\n                            {\r\n                              \"$type\": \"Interact\",\r\n                              \"Target\": {\r\n                                \"Name\": \"Sacred Feathers\",\r\n                                \"EntryId\": 233383\r\n                              },\r\n                              \"NumOfTimes\": 0\r\n                            },\r\n                            {\r\n                              \"$type\": \"Wait\",\r\n                              \"Delay\": 1.0,\r\n                              \"DelayMax\": 0.0\r\n                            },\r\n                            {\r\n                              \"$type\": \"MoveTo\",\r\n                              \"Hotspot\": {\r\n                                \"Position\": \"-652.792 1547.519 36.48407\",\r\n                                \"GroundPosition\": \"0 0 0\",\r\n                                \"IsGroundPosition\": false,\r\n                                \"ContinentId\": 1116\r\n                              },\r\n                              \"Method\": \"Navi\"\r\n                            }\r\n                          ],\r\n                          \"IsSpecialElement\": true,\r\n                          \"SpecialElementName\": \"Then\",\r\n                          \"GroupName\": \"\"\r\n                        },\r\n                        \"Conditions\": [\r\n                          {\r\n                            \"Condition\": {\r\n                              \"$type\": \"CSharpCondition\",\r\n                              \"CSharpCode\": \"Me.HasAura(167490)\"\r\n                            },\r\n                            \"IsNot\": false\r\n                          },\r\n                          {\r\n                            \"Condition\": null,\r\n                            \"IsNot\": false\r\n                          },\r\n                          {\r\n                            \"Condition\": null,\r\n                            \"IsNot\": false\r\n                          },\r\n                          {\r\n                            \"Condition\": null,\r\n                            \"IsNot\": false\r\n                          }\r\n                        ],\r\n                        \"IsNot\": false\r\n                      }\r\n                    ],\r\n                    \"IsSpecialElement\": true,\r\n                    \"SpecialElementName\": \"Else\",\r\n                    \"GroupName\": \"\"\r\n                  },\r\n                  \"ActionsTrue\": {\r\n                    \"Children\": [\r\n                      {\r\n                        \"$type\": \"Comment\",\r\n                        \"Text\": \"Blessed Waters!\",\r\n                        \"Color\": \"64, 128, 128\"\r\n                      },\r\n                      {\r\n                        \"$type\": \"Wait\",\r\n                        \"Delay\": 1.0,\r\n                        \"DelayMax\": 1.0\r\n                      },\r\n                      {\r\n                        \"$type\": \"Interact\",\r\n                        \"Target\": {\r\n                          \"Name\": \"Blessed Waters\",\r\n                          \"EntryId\": 233388\r\n                        },\r\n                        \"NumOfTimes\": 0\r\n                      },\r\n                      {\r\n                        \"$type\": \"Wait\",\r\n                        \"Delay\": 1.0,\r\n                        \"DelayMax\": 0.0\r\n                      },\r\n                      {\r\n                        \"$type\": \"MoveTo\",\r\n                        \"Hotspot\": {\r\n                          \"Position\": \"-652.792 1547.519 36.48407\",\r\n                          \"GroundPosition\": \"0 0 0\",\r\n                          \"IsGroundPosition\": false,\r\n                          \"ContinentId\": 1116\r\n                        },\r\n                        \"Method\": \"Navi\"\r\n                      }\r\n                    ],\r\n                    \"IsSpecialElement\": true,\r\n                    \"SpecialElementName\": \"Then\",\r\n                    \"GroupName\": \"\"\r\n                  },\r\n                  \"Conditions\": [\r\n                    {\r\n                      \"Condition\": {\r\n                        \"$type\": \"CSharpCondition\",\r\n                        \"CSharpCode\": \"Me.HasAura(167496)\"\r\n                      },\r\n                      \"IsNot\": false\r\n                    },\r\n                    {\r\n                      \"Condition\": null,\r\n                      \"IsNot\": false\r\n                    },\r\n                    {\r\n                      \"Condition\": null,\r\n                      \"IsNot\": false\r\n                    },\r\n                    {\r\n                      \"Condition\": null,\r\n                      \"IsNot\": false\r\n                    }\r\n                  ],\r\n                  \"IsNot\": false\r\n                }\r\n              ],\r\n              \"IsSpecialElement\": true,\r\n              \"SpecialElementName\": \"Do\",\r\n              \"GroupName\": \"\"\r\n            },\r\n            \"Conditions\": [\r\n              {\r\n                \"Condition\": {\r\n                  \"$type\": \"CSharpCondition\",\r\n                  \"CSharpCode\": \"HasQuest(35009) && !IsQuestObjectiveComplete(35009,2)\"\r\n                },\r\n                \"IsNot\": false\r\n              },\r\n              {\r\n                \"Condition\": null,\r\n                \"IsNot\": false\r\n              },\r\n              {\r\n                \"Condition\": null,\r\n                \"IsNot\": false\r\n              },\r\n              {\r\n                \"Condition\": null,\r\n                \"IsNot\": false\r\n              }\r\n            ],\r\n            \"IsNot\": false\r\n          }\r\n        ],\r\n        \"IsSpecialElement\": true,\r\n        \"SpecialElementName\": \"Do\",\r\n        \"GroupName\": \"\"\r\n      },\r\n      \"Conditions\": [\r\n        {\r\n          \"Condition\": {\r\n            \"$type\": \"CSharpCondition\",\r\n            \"CSharpCode\": \"HasQuest(35009) && !IsQuestInLogAndComplete(35009)\"\r\n          },\r\n          \"IsNot\": false\r\n        },\r\n        {\r\n          \"Condition\": null,\r\n          \"IsNot\": false\r\n        },\r\n        {\r\n          \"Condition\": null,\r\n          \"IsNot\": false\r\n        },\r\n        {\r\n          \"Condition\": null,\r\n          \"IsNot\": false\r\n        }\r\n      ],\r\n      \"IsNot\": false\r\n    }\r\n  ],\r\n  \"GroupName\": \"\"\r\n}",
  "ActionOrder": 1,
  "Actions": []
}