{
  "QuestID": 35000,
  "Version": 8,
  "FactionGroup": 1,
  "CreatedOn": "2014-11-28T15:20:03.2256174Z",
  "UpdatedOn": "2015-08-07T21:43:32.6878082Z",
  "Comment": "",
  "CreatedBy": null,
  "AllowUpdates": false,
  "RecommendedLevel": 96,
  "Frequency": 1,
  "IsStory": true,
  "QuestStart": {
    "ObjectName": "Talon Guard Kurekk",
    "EntryId": 80758,
    "AdditionalEntryIds": null,
    "ContinentId": 1116,
    "ZoneId": 6722,
    "Position": "-340.4063 909.9462 75.37674",
    "TurnInType": 0,
    "IsIndoors": true,
    "MyFaction": 0
  },
  "ActionOrder": 1,
  "Actions": [
    {
      "$type": "UseItemTemplate",
      "UseMethod": 0,
      "OverrideCooldown": 0.0,
      "OverrideCastTime": 0.0,
      "StayMounted": false,
      "MinCastRange": 4.5,
      "DontFilterDeadUnits": false,
      "UseCount": 1,
      "TargetUnits": [
        {
          "Hotspot": {
            "Position": "-219.5851 791.3507 59.45074",
            "GroundPosition": "0 0 0",
            "IsGroundPosition": false,
            "ContinentId": 1116
          },
          "Name": "Cursed Arakkoa",
          "EntryId": 80759
        },
        {
          "Hotspot": {
            "Position": "-224.8819 868.0764 59.83723",
            "GroundPosition": "0 0 0",
            "IsGroundPosition": false,
            "ContinentId": 1116
          },
          "Name": "Outcast Arakkoa",
          "EntryId": 81584
        }
      ],
      "HotspotsX": [
        {
          "Position": "-321.7498 821.6861 57.77916",
          "GroundPosition": "0 0 0",
          "IsGroundPosition": false,
          "ContinentId": 1116
        },
        {
          "Position": "-181.4605 861.3471 60.51262",
          "GroundPosition": "0 0 0",
          "IsGroundPosition": false,
          "ContinentId": 1116
        },
        {
          "Position": "-215.1801 791.4509 59.45129",
          "GroundPosition": "0 0 0",
          "IsGroundPosition": false,
          "ContinentId": 1116
        }
      ],
      "Blackspots": [],
      "Item": [
        {
          "Name": "The Eye of Anzu",
          "EntryId": 116977
        }
      ],
      "BanTime": 120.0,
      "BanMobCombatAfterUse": true,
      "GameObjectiveIndex": 1,
      "RunTime": 5.0
    }
  ]
}