{
  "QuestID": 35004,
  "Version": 7,
  "FactionGroup": 1,
  "CreatedOn": "2014-11-28T15:43:42.1454814Z",
  "UpdatedOn": "2015-08-07T21:44:56.8179262Z",
  "Comment": "",
  "CreatedBy": null,
  "AllowUpdates": false,
  "RecommendedLevel": 96,
  "Frequency": 1,
  "IsStory": true,
  "QuestStart": {
    "ObjectName": "Anzu",
    "EntryId": 80648,
    "AdditionalEntryIds": null,
    "ContinentId": 1116,
    "ZoneId": 6722,
    "Position": "-707.4323 628.4236 80.09881",
    "TurnInType": 0,
    "IsIndoors": true,
    "MyFaction": 0
  },
  "QuestEnd": {
    "ObjectName": "Anzu",
    "EntryId": 86355,
    "AdditionalEntryIds": null,
    "ContinentId": 1116,
    "ZoneId": 6722,
    "Position": "-114.467 784.0226 73.35166",
    "TurnInType": 0,
    "MyFaction": 1
  },
  "ActionOrder": 1,
  "Actions": [
    {
      "$type": "KillMobsTemplate",
      "TargetObjects": [
        {
          "Hotspot": {
            "Position": "-323.4809 531.2465 72.09427",
            "GroundPosition": "0 0 0",
            "IsGroundPosition": false,
            "ContinentId": 1116
          },
          "Name": "Sethekk Chosen",
          "EntryId": 80640
        }
      ],
      "HotspotsX": [
        {
          "Position": "-304.8817 538.1246 70.43307",
          "GroundPosition": "0 0 0",
          "IsGroundPosition": false,
          "ContinentId": 1116
        }
      ],
      "Blackspots": [],
      "ForceLoot": false,
      "ForcePullMobs": false,
      "GameObjectiveIndex": 1,
      "RunTime": 5.0
    },
    {
      "$type": "KillMobsTemplate",
      "TargetObjects": [
        {
          "Hotspot": {
            "Position": "-287.7656 535.1371 70.43429",
            "GroundPosition": "0 0 0",
            "IsGroundPosition": false,
            "ContinentId": 1116
          },
          "Name": "Sethekk Prophet",
          "EntryId": 80638
        }
      ],
      "HotspotsX": [
        {
          "Position": "-304.8817 538.1246 70.43307",
          "GroundPosition": "0 0 0",
          "IsGroundPosition": false,
          "ContinentId": 1116
        }
      ],
      "Blackspots": [],
      "ForceLoot": false,
      "ForcePullMobs": false,
      "GameObjectiveIndex": 2,
      "RunTime": 5.0
    }
  ]
}