{
  "QuestID": 35013,
  "Version": 3,
  "FactionGroup": 1,
  "CreatedOn": "2014-11-28T16:04:51.425946Z",
  "UpdatedOn": "2015-08-07T21:45:31.1738471Z",
  "Comment": "",
  "CreatedBy": null,
  "AllowUpdates": false,
  "RecommendedLevel": 96,
  "Frequency": 1,
  "IsStory": true,
  "QuestStart": {
    "ObjectName": "Talon Guard Kurekk",
    "EntryId": 86475,
    "AdditionalEntryIds": null,
    "ContinentId": 1116,
    "ZoneId": 6722,
    "Position": "-111.0868 796.4149 73.49423",
    "TurnInType": 0,
    "IsIndoors": true,
    "MyFaction": 0
  },
  "QuestEnd": {
    "ObjectName": "Memory of Lithic",
    "EntryId": 80834,
    "AdditionalEntryIds": null,
    "ContinentId": 1116,
    "ZoneId": 6722,
    "Position": "-181.6389 1016.467 75.48669",
    "TurnInType": 0,
    "MyFaction": 1
  },
  "ActionOrder": 1,
  "Actions": []
}