{
  "QuestID": 35011,
  "Version": 4,
  "FactionGroup": 1,
  "CreatedOn": "2014-11-28T15:41:30.0621932Z",
  "UpdatedOn": "2015-08-07T21:44:46.5580166Z",
  "Comment": "",
  "CreatedBy": null,
  "AllowUpdates": false,
  "RecommendedLevel": 96,
  "Frequency": 1,
  "IsStory": true,
  "QuestStart": {
    "ObjectName": "Talon Guard Kurekk",
    "EntryId": 86475,
    "AdditionalEntryIds": null,
    "ContinentId": 1116,
    "ZoneId": 6722,
    "Position": "-700.0899 635.7661 71.12189",
    "TurnInType": 0,
    "IsIndoors": true,
    "MyFaction": 0
  },
  "QuestEnd": {
    "ObjectName": "Talon Guard Kurekk",
    "EntryId": 86475,
    "AdditionalEntryIds": null,
    "ContinentId": 1116,
    "ZoneId": 6722,
    "Position": "-111.0868 796.4149 73.49423",
    "TurnInType": 0,
    "MyFaction": 1
  },
  "ActionOrder": 1,
  "Actions": [
    {
      "$type": "KillMobsTemplate",
      "TargetObjects": [
        {
          "Hotspot": {
            "Position": "-269.9531 436.8299 88.43588",
            "GroundPosition": "0 0 0",
            "IsGroundPosition": false,
            "ContinentId": 1116
          },
          "Name": "Talon King Ikiss",
          "EntryId": 80815
        }
      ],
      "HotspotsX": [
        {
          "Position": "-279.8163 463.6088 88.42385",
          "GroundPosition": "0 0 0",
          "IsGroundPosition": false,
          "ContinentId": 1116
        }
      ],
      "Blackspots": [],
      "ForceLoot": false,
      "ForcePullMobs": false,
      "GameObjectiveIndex": 1,
      "RunTime": 5.0
    }
  ]
}