{
  "QuestID": 35012,
  "Version": 11,
  "FactionGroup": 1,
  "CreatedOn": "2014-11-28T15:58:08.6408988Z",
  "UpdatedOn": "2015-08-07T21:45:41.4099095Z",
  "Comment": "",
  "CreatedBy": null,
  "AllowUpdates": false,
  "RecommendedLevel": 96,
  "Frequency": 1,
  "IsStory": true,
  "QuestStart": {
    "ObjectName": "Anzu",
    "EntryId": 86355,
    "AdditionalEntryIds": null,
    "ContinentId": 1116,
    "ZoneId": 6722,
    "Position": "-114.467 784.0226 73.35166",
    "TurnInType": 0,
    "IsIndoors": true,
    "MyFaction": 0
  },
  "QuestEnd": {
    "ObjectName": "Anzu",
    "EntryId": 80648,
    "AdditionalEntryIds": null,
    "ContinentId": 1116,
    "ZoneId": 6722,
    "Position": "-192.026 1016.16 75.67946",
    "TurnInType": 0,
    "MyFaction": 1
  },
  "ActionOrder": 1,
  "Actions": [
    {
      "$type": "GossipInteractionTemplate",
      "TargetObjects": [
        {
          "Hotspot": {
            "Position": "-68.40972 891.6563 99.7902",
            "GroundPosition": "0 0 0",
            "IsGroundPosition": false,
            "ContinentId": 1116
          },
          "Name": "Anzu",
          "EntryId": 85614
        }
      ],
      "HotspotsX": [
        {
          "Position": "-66.34238 894.8443 98.72757",
          "GroundPosition": "0 0 0",
          "IsGroundPosition": false,
          "ContinentId": 1116
        }
      ],
      "GossipIndex": 1,
      "Dismount": false,
      "GameObjectiveIndex": 0,
      "RunTime": 5.0
    },
    {
      "$type": "KillMobsTemplate",
      "TargetObjects": [
        {
          "Hotspot": {
            "Position": "-19.30022 890.8265 86.47534",
            "GroundPosition": "0 0 0",
            "IsGroundPosition": false,
            "ContinentId": 1116
          },
          "Name": "Sething Blood",
          "EntryId": 85617
        },
        {
          "Hotspot": {
            "Position": "-21.39757 947.1823 89.25716",
            "GroundPosition": "0 0 0",
            "IsGroundPosition": false,
            "ContinentId": 1116
          },
          "Name": "Sethek Supplicant",
          "EntryId": 85570
        },
        {
          "Hotspot": {
            "Position": "9.387153 903.3524 85.79287",
            "GroundPosition": "0 0 0",
            "IsGroundPosition": false,
            "ContinentId": 1116
          },
          "Name": "Sethe",
          "EntryId": 80644
        }
      ],
      "HotspotsX": [
        {
          "Position": "-19.29272 890.9798 86.50217",
          "GroundPosition": "0 0 0",
          "IsGroundPosition": false,
          "ContinentId": 1116
        }
      ],
      "Blackspots": [],
      "ForceLoot": false,
      "ForcePullMobs": false,
      "GameObjectiveIndex": 1,
      "RunTime": 5.0
    }
  ]
}