{
  "QuestID": 35273,
  "Version": 58,
  "FactionGroup": 1,
  "CreatedOn": "2014-11-27T17:19:35.5944761Z",
  "UpdatedOn": "2015-12-15T23:23:39.4194175Z",
  "Comment": "",
  "CreatedBy": null,
  "AllowUpdates": false,
  "RecommendedLevel": 96,
  "Frequency": 1,
  "IsStory": true,
  "QuestStart": {
    "ObjectName": "Overseer's Chair",
    "EntryId": 232353,
    "AdditionalEntryIds": null,
    "ContinentId": 1116,
    "ZoneId": 6722,
    "Position": "86.31699 2531.817 79.20962",
    "TurnInType": 1,
    "IsIndoors": true,
    "MyFaction": 1
  },
  "QuestEnd": {
    "ObjectName": "Kura the Blind",
    "EntryId": 80155,
    "AdditionalEntryIds": null,
    "ContinentId": 1116,
    "ZoneId": 6722,
    "Position": "395.632 2441.932 20.58735",
    "TurnInType": 0,
    "MyFaction": 1
  },
  "UseScript": true,
  "ScriptText": "{\r\n  \"Children\": [\r\n    {\r\n      \"$type\": \"LoadCSharpScript\",\r\n      \"FileName\": \"QH.cs\"\r\n    },\r\n    {\r\n      \"$type\": \"CSharpAction\",\r\n      \"CSharpCode\": \"// Initializing Instance and Injecting Custom API into Rebot\\r\\nQH.API = this;\"\r\n    },\r\n    {\r\n      \"$type\": \"While\",\r\n      \"LoopActions\": {\r\n        \"Children\": [\r\n          {\r\n            \"$type\": \"InCombatBlock\",\r\n            \"Children\": [\r\n              {\r\n                \"$type\": \"If\",\r\n                \"ActionsFalse\": {\r\n                  \"Children\": [],\r\n                  \"IsSpecialElement\": true,\r\n                  \"SpecialElementName\": \"Else\",\r\n                  \"GroupName\": \"\"\r\n                },\r\n                \"ActionsTrue\": {\r\n                  \"Children\": [\r\n                    {\r\n                      \"$type\": \"If\",\r\n                      \"ActionsFalse\": {\r\n                        \"Children\": [],\r\n                        \"IsSpecialElement\": true,\r\n                        \"SpecialElementName\": \"Else\",\r\n                        \"GroupName\": \"\"\r\n                      },\r\n                      \"ActionsTrue\": {\r\n                        \"Children\": [\r\n                          {\r\n                            \"$type\": \"MoveTo\",\r\n                            \"Hotspot\": {\r\n                              \"Position\": \"77.90721 2523.527 78.38201\",\r\n                              \"GroundPosition\": \"0 0 0\",\r\n                              \"IsGroundPosition\": false,\r\n                              \"ContinentId\": 1116\r\n                            },\r\n                            \"Method\": \"Navi\"\r\n                          }\r\n                        ],\r\n                        \"IsSpecialElement\": true,\r\n                        \"SpecialElementName\": \"Then\",\r\n                        \"GroupName\": \"\"\r\n                      },\r\n                      \"Conditions\": [\r\n                        {\r\n                          \"Condition\": {\r\n                            \"$type\": \"CSharpCondition\",\r\n                            \"CSharpCode\": \"!QH.IsClose(86.8f, 2530.4f, 79.1f,3)\"\r\n                          },\r\n                          \"IsNot\": false\r\n                        },\r\n                        {\r\n                          \"Condition\": null,\r\n                          \"IsNot\": false\r\n                        },\r\n                        {\r\n                          \"Condition\": null,\r\n                          \"IsNot\": false\r\n                        },\r\n                        {\r\n                          \"Condition\": null,\r\n                          \"IsNot\": false\r\n                        }\r\n                      ],\r\n                      \"IsNot\": false\r\n                    },\r\n                    {\r\n                      \"$type\": \"CollectObjectsTemplateScriptAction\",\r\n                      \"Template\": {\r\n                        \"$type\": \"CollectObjectsTemplate\",\r\n                        \"TargetObjects\": [\r\n                          {\r\n                            \"Hotspot\": {\r\n                              \"Position\": \"88.85938 2530.226 79.25608\",\r\n                              \"GroundPosition\": \"0 0 0\",\r\n                              \"IsGroundPosition\": false,\r\n                              \"ContinentId\": 1116\r\n                            },\r\n                            \"Name\": \"Overseer's Chair\",\r\n                            \"EntryId\": 232362\r\n                          }\r\n                        ],\r\n                        \"HotspotsX\": [\r\n                          {\r\n                            \"Position\": \"87.20189 2529.802 79.12758\",\r\n                            \"GroundPosition\": \"0 0 0\",\r\n                            \"IsGroundPosition\": false,\r\n                            \"ContinentId\": 1116\r\n                          }\r\n                        ],\r\n                        \"Blackspots\": [],\r\n                        \"IsLoot\": false,\r\n                        \"OpeningCast\": false,\r\n                        \"NoMovement\": false,\r\n                        \"GameObjectiveIndex\": 1,\r\n                        \"RunTime\": 5.0\r\n                      },\r\n                      \"TimeLimit\": 0\r\n                    },\r\n                    {\r\n                      \"$type\": \"Wait\",\r\n                      \"Delay\": 1.0,\r\n                      \"DelayMax\": 0.0\r\n                    }\r\n                  ],\r\n                  \"IsSpecialElement\": true,\r\n                  \"SpecialElementName\": \"Then\",\r\n                  \"GroupName\": \"\"\r\n                },\r\n                \"Conditions\": [\r\n                  {\r\n                    \"Condition\": {\r\n                      \"$type\": \"CSharpCondition\",\r\n                      \"CSharpCode\": \"!Me.IsOnTransport\"\r\n                    },\r\n                    \"IsNot\": false\r\n                  },\r\n                  {\r\n                    \"Condition\": null,\r\n                    \"IsNot\": false\r\n                  },\r\n                  {\r\n                    \"Condition\": null,\r\n                    \"IsNot\": false\r\n                  },\r\n                  {\r\n                    \"Condition\": null,\r\n                    \"IsNot\": false\r\n                  }\r\n                ],\r\n                \"IsNot\": false\r\n              },\r\n              {\r\n                \"$type\": \"While\",\r\n                \"LoopActions\": {\r\n                  \"Children\": [\r\n                    {\r\n                      \"$type\": \"CSharpAction\",\r\n                      \"CSharpCode\": \"var killTarget = Me.GUID;\\r\\nfloat closestUnit = 5000.0f;\\r\\n// Blacklisted locations due to mesh issues\\r\\n\\r\\n// Identifying Closest Desired Unit\\r\\nforeach (UnitObject unit in Units)\\r\\n{\\r\\n\\tif (((unit.EntryID == 82245 && unit.Distance < 100) || (unit.EntryID == 82229&& unit.Distance < 150)) && !unit.IsDead)\\r\\n\\t{\\r\\n\\t\\tif (unit.Distance < closestUnit)\\r\\n\\t\\t{\\r\\n\\t\\t\\tclosestUnit = (int)unit.Distance;\\r\\n\\t\\t\\tkillTarget = unit.GUID;\\r\\n\\t\\t}\\r\\n\\t}\\r\\n}\\r\\n\\r\\n// Setting Focus to closest Unit\\r\\nforeach (UnitObject unit in Units)\\r\\n{\\r\\n\\tif (unit.GUID == killTarget && !unit.IsDead)\\r\\n\\t{\\r\\n\\t\\tPrint(\\\"Closest target is \\\" + closestUnit + \\\" yards away.\\\");\\r\\n\\t\\tMe.SetFocus(unit);\\r\\n\\t\\tMe.SetTarget(unit);\\r\\n\\t\\tyield break;\\r\\n\\t}\\r\\n}\\r\\n\"\r\n                    },\r\n                    {\r\n                      \"$type\": \"Wait\",\r\n                      \"Delay\": 1.0,\r\n                      \"DelayMax\": 0.0\r\n                    },\r\n                    {\r\n                      \"$type\": \"If\",\r\n                      \"ActionsFalse\": {\r\n                        \"Children\": [],\r\n                        \"IsSpecialElement\": true,\r\n                        \"SpecialElementName\": \"Else\",\r\n                        \"GroupName\": \"\"\r\n                      },\r\n                      \"ActionsTrue\": {\r\n                        \"Children\": [\r\n                          {\r\n                            \"$type\": \"Comment\",\r\n                            \"Text\": \"Adherent Sol-Shaper Targeted!\",\r\n                            \"Color\": \"64, 128, 128\"\r\n                          },\r\n                          {\r\n                            \"$type\": \"KillMobsTemplateScriptAction\",\r\n                            \"Template\": {\r\n                              \"$type\": \"KillMobsTemplate\",\r\n                              \"TargetObjects\": [\r\n                                {\r\n                                  \"Hotspot\": {\r\n                                    \"Position\": \"134.4338 2641.882 170.0839\",\r\n                                    \"GroundPosition\": \"0 0 0\",\r\n                                    \"IsGroundPosition\": false,\r\n                                    \"IsOnTransport\": true,\r\n                                    \"ContinentId\": 1116\r\n                                  },\r\n                                  \"Name\": \"Adherent Sol-Shaper\",\r\n                                  \"EntryId\": 82245\r\n                                }\r\n                              ],\r\n                              \"HotspotsX\": [],\r\n                              \"Blackspots\": [],\r\n                              \"ActionBar\": {\r\n                                \"ActionBarActions\": [\r\n                                  {\r\n                                    \"Slot\": 2,\r\n                                    \"NeedToAim\": true,\r\n                                    \"GravitySqr\": 5.0,\r\n                                    \"ProjectileVelocity\": 150.0,\r\n                                    \"Cooldown\": 1.2\r\n                                  }\r\n                                ]\r\n                              },\r\n                              \"ForceLoot\": false,\r\n                              \"ForcePullMobs\": true,\r\n                              \"GameObjectiveIndex\": 1,\r\n                              \"RunTime\": 5.0\r\n                            },\r\n                            \"TimeLimit\": 5\r\n                          }\r\n                        ],\r\n                        \"IsSpecialElement\": true,\r\n                        \"SpecialElementName\": \"Then\",\r\n                        \"GroupName\": \"\"\r\n                      },\r\n                      \"Conditions\": [\r\n                        {\r\n                          \"Condition\": {\r\n                            \"$type\": \"CSharpCondition\",\r\n                            \"CSharpCode\": \"Me.Focus != null && Me.Focus.EntryID == 82245 && !Me.Focus.IsDead && Me.IsOnTransport\"\r\n                          },\r\n                          \"IsNot\": false\r\n                        },\r\n                        {\r\n                          \"Condition\": null,\r\n                          \"IsNot\": false\r\n                        },\r\n                        {\r\n                          \"Condition\": null,\r\n                          \"IsNot\": false\r\n                        },\r\n                        {\r\n                          \"Condition\": null,\r\n                          \"IsNot\": false\r\n                        }\r\n                      ],\r\n                      \"IsNot\": false\r\n                    },\r\n                    {\r\n                      \"$type\": \"If\",\r\n                      \"ActionsFalse\": {\r\n                        \"Children\": [],\r\n                        \"IsSpecialElement\": true,\r\n                        \"SpecialElementName\": \"Else\",\r\n                        \"GroupName\": \"\"\r\n                      },\r\n                      \"ActionsTrue\": {\r\n                        \"Children\": [\r\n                          {\r\n                            \"$type\": \"Comment\",\r\n                            \"Text\": \"Apexis Destroyer Targeted!\",\r\n                            \"Color\": \"64, 128, 128\"\r\n                          },\r\n                          {\r\n                            \"$type\": \"KillMobsTemplateScriptAction\",\r\n                            \"Template\": {\r\n                              \"$type\": \"KillMobsTemplate\",\r\n                              \"TargetObjects\": [\r\n                                {\r\n                                  \"Hotspot\": {\r\n                                    \"Position\": \"217.9115 2589.391 30.93069\",\r\n                                    \"GroundPosition\": \"0 0 0\",\r\n                                    \"IsGroundPosition\": false,\r\n                                    \"IsOnTransport\": true,\r\n                                    \"ContinentId\": 1116\r\n                                  },\r\n                                  \"Name\": \"Apexis Destroyer\",\r\n                                  \"EntryId\": 82229\r\n                                }\r\n                              ],\r\n                              \"HotspotsX\": [],\r\n                              \"Blackspots\": [],\r\n                              \"ActionBar\": {\r\n                                \"ActionBarActions\": [\r\n                                  {\r\n                                    \"Priority\": true,\r\n                                    \"Slot\": 1,\r\n                                    \"NeedToAim\": true,\r\n                                    \"GravitySqr\": 5.0,\r\n                                    \"ProjectileVelocity\": 100.0,\r\n                                    \"Cooldown\": 3.0\r\n                                  }\r\n                                ]\r\n                              },\r\n                              \"ForceLoot\": false,\r\n                              \"ForcePullMobs\": false,\r\n                              \"GameObjectiveIndex\": 1,\r\n                              \"RunTime\": 5.0\r\n                            },\r\n                            \"TimeLimit\": 5\r\n                          }\r\n                        ],\r\n                        \"IsSpecialElement\": true,\r\n                        \"SpecialElementName\": \"Then\",\r\n                        \"GroupName\": \"\"\r\n                      },\r\n                      \"Conditions\": [\r\n                        {\r\n                          \"Condition\": {\r\n                            \"$type\": \"CSharpCondition\",\r\n                            \"CSharpCode\": \"Me.Focus != null && Me.Focus.EntryID == 82229 && !Me.Focus.IsDead && Me.IsOnTransport\"\r\n                          },\r\n                          \"IsNot\": false\r\n                        },\r\n                        {\r\n                          \"Condition\": null,\r\n                          \"IsNot\": false\r\n                        },\r\n                        {\r\n                          \"Condition\": null,\r\n                          \"IsNot\": false\r\n                        },\r\n                        {\r\n                          \"Condition\": null,\r\n                          \"IsNot\": false\r\n                        }\r\n                      ],\r\n                      \"IsNot\": false\r\n                    },\r\n                    {\r\n                      \"$type\": \"Wait\",\r\n                      \"Delay\": 1.0,\r\n                      \"DelayMax\": 0.0\r\n                    }\r\n                  ],\r\n                  \"IsSpecialElement\": true,\r\n                  \"SpecialElementName\": \"Do\",\r\n                  \"GroupName\": \"\"\r\n                },\r\n                \"Conditions\": [\r\n                  {\r\n                    \"Condition\": {\r\n                      \"$type\": \"CSharpCondition\",\r\n                      \"CSharpCode\": \"HasQuest(35273) && !IsQuestObjectiveComplete(35273,1) && !IsQuestObjectiveComplete(35273,2) && Me.IsOnTransport\"\r\n                    },\r\n                    \"IsNot\": false\r\n                  },\r\n                  {\r\n                    \"Condition\": null,\r\n                    \"IsNot\": false\r\n                  },\r\n                  {\r\n                    \"Condition\": null,\r\n                    \"IsNot\": false\r\n                  },\r\n                  {\r\n                    \"Condition\": null,\r\n                    \"IsNot\": false\r\n                  }\r\n                ],\r\n                \"IsNot\": false\r\n              },\r\n              {\r\n                \"$type\": \"While\",\r\n                \"LoopActions\": {\r\n                  \"Children\": [\r\n                    {\r\n                      \"$type\": \"CSharpAction\",\r\n                      \"CSharpCode\": \"var killTarget = Me.GUID;\\r\\nfloat closestUnit = 5000.0f;\\r\\n// Blacklisted locations due to mesh issues\\r\\n\\r\\n// Identifying Closest Desired Unit\\r\\nforeach (UnitObject unit in Units)\\r\\n{\\r\\n\\tif (unit.EntryID == 82229 && !unit.IsDead && unit.Distance < 150)\\r\\n\\t{\\r\\n\\t\\tif (unit.Distance < closestUnit)\\r\\n\\t\\t{\\r\\n\\t\\t\\tclosestUnit = (int)unit.Distance;\\r\\n\\t\\t\\tkillTarget = unit.GUID;\\r\\n\\t\\t}\\r\\n\\t}\\r\\n}\\r\\n\\r\\n// Setting Focus to closest Unit\\r\\nforeach (UnitObject unit in Units)\\r\\n{\\r\\n\\tif (unit.GUID == killTarget && !unit.IsDead)\\r\\n\\t{\\r\\n\\t\\tPrint(\\\"Closest target is \\\" + closestUnit + \\\" yards away.\\\");\\r\\n\\t\\tMe.SetFocus(unit);\\r\\n\\t\\tMe.SetTarget(unit);\\r\\n\\t\\tyield break;\\r\\n\\t}\\r\\n}\"\r\n                    },\r\n                    {\r\n                      \"$type\": \"Wait\",\r\n                      \"Delay\": 1.0,\r\n                      \"DelayMax\": 0.0\r\n                    },\r\n                    {\r\n                      \"$type\": \"Comment\",\r\n                      \"Text\": \"Apexis Destroyer Targeted!\",\r\n                      \"Color\": \"64, 128, 128\"\r\n                    },\r\n                    {\r\n                      \"$type\": \"KillMobsTemplateScriptAction\",\r\n                      \"Template\": {\r\n                        \"$type\": \"KillMobsTemplate\",\r\n                        \"TargetObjects\": [\r\n                          {\r\n                            \"Hotspot\": {\r\n                              \"Position\": \"217.9115 2589.391 30.93069\",\r\n                              \"GroundPosition\": \"0 0 0\",\r\n                              \"IsGroundPosition\": false,\r\n                              \"IsOnTransport\": true,\r\n                              \"ContinentId\": 1116\r\n                            },\r\n                            \"Name\": \"Apexis Destroyer\",\r\n                            \"EntryId\": 82229\r\n                          }\r\n                        ],\r\n                        \"HotspotsX\": [],\r\n                        \"Blackspots\": [],\r\n                        \"ActionBar\": {\r\n                          \"ActionBarActions\": [\r\n                            {\r\n                              \"Priority\": true,\r\n                              \"Slot\": 1,\r\n                              \"NeedToAim\": true,\r\n                              \"GravitySqr\": 5.0,\r\n                              \"ProjectileVelocity\": 100.0,\r\n                              \"Cooldown\": 3.0\r\n                            }\r\n                          ]\r\n                        },\r\n                        \"ForceLoot\": false,\r\n                        \"ForcePullMobs\": false,\r\n                        \"GameObjectiveIndex\": 1,\r\n                        \"RunTime\": 5.0\r\n                      },\r\n                      \"TimeLimit\": 5\r\n                    },\r\n                    {\r\n                      \"$type\": \"Wait\",\r\n                      \"Delay\": 1.0,\r\n                      \"DelayMax\": 0.0\r\n                    }\r\n                  ],\r\n                  \"IsSpecialElement\": true,\r\n                  \"SpecialElementName\": \"Do\",\r\n                  \"GroupName\": \"\"\r\n                },\r\n                \"Conditions\": [\r\n                  {\r\n                    \"Condition\": {\r\n                      \"$type\": \"CSharpCondition\",\r\n                      \"CSharpCode\": \"HasQuest(35273) && !IsQuestObjectiveComplete(35273,1) && Me.IsOnTransport\"\r\n                    },\r\n                    \"IsNot\": false\r\n                  },\r\n                  {\r\n                    \"Condition\": null,\r\n                    \"IsNot\": false\r\n                  },\r\n                  {\r\n                    \"Condition\": null,\r\n                    \"IsNot\": false\r\n                  },\r\n                  {\r\n                    \"Condition\": null,\r\n                    \"IsNot\": false\r\n                  }\r\n                ],\r\n                \"IsNot\": false\r\n              },\r\n              {\r\n                \"$type\": \"While\",\r\n                \"LoopActions\": {\r\n                  \"Children\": [\r\n                    {\r\n                      \"$type\": \"CSharpAction\",\r\n                      \"CSharpCode\": \"var killTarget = Me.GUID;\\r\\nfloat closestUnit = 5000.0f;\\r\\n// Blacklisted locations due to mesh issues\\r\\n\\r\\n// Identifying Closest Desired Unit\\r\\nforeach (UnitObject unit in Units)\\r\\n{\\r\\n\\tif (unit.EntryID == 82245 && !unit.IsDead && unit.Distance < 100)\\r\\n\\t{\\r\\n\\t\\tif (unit.Distance < closestUnit)\\r\\n\\t\\t{\\r\\n\\t\\t\\tclosestUnit = (int)unit.Distance;\\r\\n\\t\\t\\tkillTarget = unit.GUID;\\r\\n\\t\\t}\\r\\n\\t}\\r\\n}\\r\\n\\r\\n// Setting Focus to closest Unit\\r\\nforeach (UnitObject unit in Units)\\r\\n{\\r\\n\\tif (unit.GUID == killTarget && !unit.IsDead)\\r\\n\\t{\\r\\n\\t\\tPrint(\\\"Closest target is \\\" + closestUnit + \\\" yards away.\\\");\\r\\n\\t\\tMe.SetFocus(unit);\\r\\n\\t\\tMe.SetTarget(unit);\\r\\n\\t\\tyield break;\\r\\n\\t}\\r\\n}\"\r\n                    },\r\n                    {\r\n                      \"$type\": \"Wait\",\r\n                      \"Delay\": 1.0,\r\n                      \"DelayMax\": 0.0\r\n                    },\r\n                    {\r\n                      \"$type\": \"KillMobsTemplateScriptAction\",\r\n                      \"Template\": {\r\n                        \"$type\": \"KillMobsTemplate\",\r\n                        \"TargetObjects\": [\r\n                          {\r\n                            \"Hotspot\": {\r\n                              \"Position\": \"134.4338 2641.882 170.0839\",\r\n                              \"GroundPosition\": \"0 0 0\",\r\n                              \"IsGroundPosition\": false,\r\n                              \"IsOnTransport\": true,\r\n                              \"ContinentId\": 1116\r\n                            },\r\n                            \"Name\": \"Adherent Sol-Shaper\",\r\n                            \"EntryId\": 82245\r\n                          }\r\n                        ],\r\n                        \"HotspotsX\": [],\r\n                        \"Blackspots\": [],\r\n                        \"ActionBar\": {\r\n                          \"ActionBarActions\": [\r\n                            {\r\n                              \"Slot\": 2,\r\n                              \"NeedToAim\": true,\r\n                              \"GravitySqr\": 5.0,\r\n                              \"ProjectileVelocity\": 150.0,\r\n                              \"Cooldown\": 1.2\r\n                            }\r\n                          ]\r\n                        },\r\n                        \"ForceLoot\": false,\r\n                        \"ForcePullMobs\": true,\r\n                        \"GameObjectiveIndex\": 1,\r\n                        \"RunTime\": 5.0\r\n                      },\r\n                      \"TimeLimit\": 5\r\n                    },\r\n                    {\r\n                      \"$type\": \"Wait\",\r\n                      \"Delay\": 1.0,\r\n                      \"DelayMax\": 0.0\r\n                    }\r\n                  ],\r\n                  \"IsSpecialElement\": true,\r\n                  \"SpecialElementName\": \"Do\",\r\n                  \"GroupName\": \"\"\r\n                },\r\n                \"Conditions\": [\r\n                  {\r\n                    \"Condition\": {\r\n                      \"$type\": \"CSharpCondition\",\r\n                      \"CSharpCode\": \"HasQuest(35273) && !IsQuestObjectiveComplete(35273,2) && Me.IsOnTransport\"\r\n                    },\r\n                    \"IsNot\": false\r\n                  },\r\n                  {\r\n                    \"Condition\": null,\r\n                    \"IsNot\": false\r\n                  },\r\n                  {\r\n                    \"Condition\": null,\r\n                    \"IsNot\": false\r\n                  },\r\n                  {\r\n                    \"Condition\": null,\r\n                    \"IsNot\": false\r\n                  }\r\n                ],\r\n                \"IsNot\": false\r\n              },\r\n              {\r\n                \"$type\": \"If\",\r\n                \"ActionsFalse\": {\r\n                  \"Children\": [],\r\n                  \"IsSpecialElement\": true,\r\n                  \"SpecialElementName\": \"Else\",\r\n                  \"GroupName\": \"\"\r\n                },\r\n                \"ActionsTrue\": {\r\n                  \"Children\": [\r\n                    {\r\n                      \"$type\": \"Comment\",\r\n                      \"Text\": \"Taking too Much Damage! No Worries! Re-Entering Vehicle...\",\r\n                      \"Color\": \"Red\"\r\n                    },\r\n                    {\r\n                      \"$type\": \"If\",\r\n                      \"ActionsFalse\": {\r\n                        \"Children\": [],\r\n                        \"IsSpecialElement\": true,\r\n                        \"SpecialElementName\": \"Else\",\r\n                        \"GroupName\": \"\"\r\n                      },\r\n                      \"ActionsTrue\": {\r\n                        \"Children\": [\r\n                          {\r\n                            \"$type\": \"MoveTo\",\r\n                            \"Hotspot\": {\r\n                              \"Position\": \"67.3051 2523.539 79.08813\",\r\n                              \"GroundPosition\": \"0 0 0\",\r\n                              \"IsGroundPosition\": false,\r\n                              \"ContinentId\": 1116\r\n                            },\r\n                            \"Method\": \"Navi\"\r\n                          },\r\n                          {\r\n                            \"$type\": \"Wait\",\r\n                            \"Delay\": 2.0,\r\n                            \"DelayMax\": 3.0\r\n                          },\r\n                          {\r\n                            \"$type\": \"MoveTo\",\r\n                            \"Hotspot\": {\r\n                              \"Position\": \"67.3051 2523.539 79.08813\",\r\n                              \"GroundPosition\": \"67.3051 2523.539 79.50198\",\r\n                              \"IsGroundPosition\": false,\r\n                              \"ContinentId\": 1116\r\n                            },\r\n                            \"Method\": \"Navi\"\r\n                          }\r\n                        ],\r\n                        \"IsSpecialElement\": true,\r\n                        \"SpecialElementName\": \"Then\",\r\n                        \"GroupName\": \"\"\r\n                      },\r\n                      \"Conditions\": [\r\n                        {\r\n                          \"Condition\": {\r\n                            \"$type\": \"CSharpCondition\",\r\n                            \"CSharpCode\": \"!QH.IsClose(87f, 2528.8f, 79f,4) && !IsQuestInLogAndComplete(35273)\"\r\n                          },\r\n                          \"IsNot\": false\r\n                        },\r\n                        {\r\n                          \"Condition\": null,\r\n                          \"IsNot\": false\r\n                        },\r\n                        {\r\n                          \"Condition\": null,\r\n                          \"IsNot\": false\r\n                        },\r\n                        {\r\n                          \"Condition\": null,\r\n                          \"IsNot\": false\r\n                        }\r\n                      ],\r\n                      \"IsNot\": false\r\n                    },\r\n                    {\r\n                      \"$type\": \"Wait\",\r\n                      \"Delay\": 2.0,\r\n                      \"DelayMax\": 3.0\r\n                    }\r\n                  ],\r\n                  \"IsSpecialElement\": true,\r\n                  \"SpecialElementName\": \"Then\",\r\n                  \"GroupName\": \"\"\r\n                },\r\n                \"Conditions\": [\r\n                  {\r\n                    \"Condition\": {\r\n                      \"$type\": \"CSharpCondition\",\r\n                      \"CSharpCode\": \"!Me.IsOnTransport\"\r\n                    },\r\n                    \"IsNot\": false\r\n                  },\r\n                  {\r\n                    \"Condition\": null,\r\n                    \"IsNot\": false\r\n                  },\r\n                  {\r\n                    \"Condition\": null,\r\n                    \"IsNot\": false\r\n                  },\r\n                  {\r\n                    \"Condition\": null,\r\n                    \"IsNot\": false\r\n                  }\r\n                ],\r\n                \"IsNot\": false\r\n              }\r\n            ],\r\n            \"GroupName\": \"\"\r\n          }\r\n        ],\r\n        \"IsSpecialElement\": true,\r\n        \"SpecialElementName\": \"Do\",\r\n        \"GroupName\": \"\"\r\n      },\r\n      \"Conditions\": [\r\n        {\r\n          \"Condition\": {\r\n            \"$type\": \"CSharpCondition\",\r\n            \"CSharpCode\": \"!IsQuestInLogAndComplete(35273) && HasQuest(35273)\"\r\n          },\r\n          \"IsNot\": false\r\n        },\r\n        {\r\n          \"Condition\": null,\r\n          \"IsNot\": false\r\n        },\r\n        {\r\n          \"Condition\": null,\r\n          \"IsNot\": false\r\n        },\r\n        {\r\n          \"Condition\": null,\r\n          \"IsNot\": false\r\n        }\r\n      ],\r\n      \"IsNot\": false,\r\n      \"CheckFrequently\": true\r\n    }\r\n  ],\r\n  \"GroupName\": \"\"\r\n}",
  "ActionOrder": 1,
  "Actions": []
}