{
  "QuestID": 35322,
  "Version": 6,
  "FactionGroup": 1,
  "CreatedOn": "2014-11-26T22:48:51.2327946Z",
  "UpdatedOn": "2015-08-07T21:41:28.9035864Z",
  "Comment": "",
  "CreatedBy": null,
  "AllowUpdates": false,
  "RecommendedLevel": 96,
  "Frequency": 1,
  "QuestStart": {
    "ObjectName": "Shadow Hunter Ukambe",
    "EntryId": 81961,
    "AdditionalEntryIds": null,
    "ContinentId": 1116,
    "ZoneId": 6722,
    "Position": "-593.4913 2308.688 27.39493",
    "TurnInType": 0,
    "IsIndoors": true,
    "MyFaction": 0
  },
  "QuestEnd": {
    "ObjectName": "Bryan Finn",
    "EntryId": 82100,
    "AdditionalEntryIds": null,
    "ContinentId": 1116,
    "ZoneId": 6722,
    "Position": "-589.3258 2321.592 29.26218",
    "TurnInType": 0,
    "MyFaction": 1
  },
  "ActionOrder": 1,
  "Actions": [
    {
      "$type": "KillMobsTemplate",
      "TargetObjects": [
        {
          "Hotspot": {
            "Position": "-640.7389 2271.799 27.25282",
            "GroundPosition": "0 0 0",
            "IsGroundPosition": false,
            "ContinentId": 1116
          },
          "Name": "Restless Foreman",
          "EntryId": 82046
        },
        {
          "Hotspot": {
            "Position": "-648.2891 2259.203 27.96166",
            "GroundPosition": "0 0 0",
            "IsGroundPosition": false,
            "ContinentId": 1116
          },
          "Name": "Spectral Laborer",
          "EntryId": 82055
        }
      ],
      "HotspotsX": [
        {
          "Position": "-579.8016 2350.81 33.34656",
          "GroundPosition": "0 0 0",
          "IsGroundPosition": false,
          "ContinentId": 1116
        },
        {
          "Position": "-592.9099 2402.853 34.96304",
          "GroundPosition": "0 0 0",
          "IsGroundPosition": false,
          "ContinentId": 1116
        }
      ],
      "Blackspots": [],
      "ForceLoot": true,
      "ForcePullMobs": false,
      "GameObjectiveIndex": 1,
      "RunTime": 5.0
    },
    {
      "$type": "GossipInteractionTemplate",
      "TargetObjects": [
        {
          "Hotspot": {
            "Position": "-589.5958 2321.556 29.25928",
            "GroundPosition": "0 0 0",
            "IsGroundPosition": false,
            "ContinentId": 1116
          },
          "Name": "Bryan Finn",
          "EntryId": 82065
        }
      ],
      "HotspotsX": [
        {
          "Position": "-589.8691 2318.206 29.26214",
          "GroundPosition": "0 0 0",
          "IsGroundPosition": false,
          "ContinentId": 1116
        }
      ],
      "GossipIndex": 1,
      "Dismount": false,
      "GameObjectiveIndex": 2,
      "RunTime": 5.0
    }
  ]
}