{
  "QuestID": 35380,
  "Version": 2,
  "FactionGroup": 1,
  "CreatedOn": "2015-06-29T12:40:18.0739313Z",
  "UpdatedOn": "2015-08-07T21:41:59.0379258Z",
  "Comment": "",
  "CreatedBy": null,
  "AllowUpdates": false,
  "QuestStart": {
    "ObjectName": "Alice Finn",
    "EntryId": 82126,
    "AdditionalEntryIds": null,
    "ContinentId": 1116,
    "ZoneId": 6722,
    "Position": "-667.25 2406.248 27.4557",
    "TurnInType": 0,
    "IsIndoors": true,
    "MyFaction": 0
  },
  "QuestEnd": {
    "ObjectName": "Sir Harris",
    "EntryId": 82194,
    "AdditionalEntryIds": null,
    "ContinentId": 1116,
    "ZoneId": 6722,
    "Position": "-790.2917 2396.677 37.83548",
    "TurnInType": 0,
    "IsIndoors": true,
    "MyFaction": 1
  },
  "ActionOrder": 1,
  "Actions": []
}