{
  "QuestID": 35407,
  "Version": 4,
  "FactionGroup": 1,
  "CreatedOn": "2014-11-26T23:33:00.7954804Z",
  "UpdatedOn": "2015-08-07T21:42:13.529928Z",
  "Comment": "",
  "CreatedBy": null,
  "AllowUpdates": false,
  "RecommendedLevel": 96,
  "Frequency": 1,
  "QuestStart": {
    "ObjectName": "Sir Harris",
    "EntryId": 82194,
    "AdditionalEntryIds": null,
    "ContinentId": 1116,
    "ZoneId": 6722,
    "Position": "-790.2917 2396.677 37.83548",
    "TurnInType": 0,
    "IsIndoors": true,
    "MyFaction": 0
  },
  "ActionOrder": 1,
  "Actions": [
    {
      "$type": "KillMobsTemplate",
      "TargetObjects": [
        {
          "Hotspot": {
            "Position": "-713.0275 2440.684 35.99605",
            "GroundPosition": "0 0 0",
            "IsGroundPosition": false,
            "ContinentId": 1116
          },
          "Name": "Renegade Cannoneer",
          "EntryId": 82232
        },
        {
          "Hotspot": {
            "Position": "-765.7656 2443.271 35.35247",
            "GroundPosition": "0 0 0",
            "IsGroundPosition": false,
            "ContinentId": 1116
          },
          "Name": "Complicit Guard",
          "EntryId": 82235
        }
      ],
      "HotspotsX": [
        {
          "Position": "-744.4786 2435.622 35.93736",
          "GroundPosition": "0 0 0",
          "IsGroundPosition": false,
          "ContinentId": 1116
        }
      ],
      "Blackspots": [],
      "ForceLoot": false,
      "ForcePullMobs": false,
      "GameObjectiveIndex": 1,
      "RunTime": 5.0
    }
  ]
}