{
  "QuestID": 35550,
  "Version": 3,
  "FactionGroup": 1,
  "CreatedOn": "2014-11-26T23:41:34.4800508Z",
  "UpdatedOn": "2015-08-07T21:42:43.509438Z",
  "Comment": "",
  "CreatedBy": null,
  "AllowUpdates": false,
  "RecommendedLevel": 96,
  "Frequency": 1,
  "QuestStart": {
    "ObjectName": "Shadow Hunter Ukambe",
    "EntryId": 82402,
    "AdditionalEntryIds": null,
    "ContinentId": 1116,
    "ZoneId": 6722,
    "Position": "-908.9167 2447.58 31.17232",
    "TurnInType": 0,
    "IsIndoors": true,
    "MyFaction": 0
  },
  "QuestEnd": {
    "ObjectName": "Taskmaster Gornek",
    "EntryId": 81920,
    "AdditionalEntryIds": null,
    "ContinentId": 1116,
    "ZoneId": 6722,
    "Position": "-373.7014 2245.993 26.13122",
    "TurnInType": 0,
    "MyFaction": 1
  },
  "ActionOrder": 1,
  "Actions": []
}