{
  "QuestID": 35649,
  "Version": 7,
  "FactionGroup": 1,
  "CreatedOn": "2014-12-08T02:26:19.3033762Z",
  "UpdatedOn": "2015-08-07T21:41:01.7677514Z",
  "Comment": "",
  "CreatedBy": null,
  "AllowUpdates": false,
  "RecommendedLevel": 97,
  "Frequency": 1,
  "IsTask": true,
  "QuestStart": {
    "ObjectName": "AreaTrigger",
    "EntryId": 0,
    "AdditionalEntryIds": null,
    "ContinentId": 1116,
    "ZoneId": 6722,
    "Position": "-336.465 2471.65 6.902916",
    "TurnInType": 2,
    "MyFaction": 1
  },
  "QuestEnd": {
    "ObjectName": "WatchFramePopup",
    "EntryId": 0,
    "AdditionalEntryIds": [],
    "ContinentId": 1116,
    "ZoneId": 6722,
    "Position": "0 0 0",
    "TurnInType": 4,
    "MyFaction": 1
  },
  "ActionOrder": 1,
  "Actions": [
    {
      "$type": "KillMobsTemplate",
      "TargetObjects": [
        {
          "Hotspot": {
            "Position": "-530.7327 2721.083 2.130896",
            "GroundPosition": "0 0 0",
            "IsGroundPosition": false,
            "ContinentId": 1116
          },
          "Name": "Taskmaster Banegore",
          "EntryId": 85219
        }
      ],
      "HotspotsX": [
        {
          "Position": "-520.0701 2682.691 2.715475",
          "GroundPosition": "0 0 0",
          "IsGroundPosition": false,
          "ContinentId": 1116
        }
      ],
      "Blackspots": [],
      "ForceLoot": false,
      "ForcePullMobs": false,
      "GameObjectiveIndex": 1,
      "RunTime": 5.0
    },
    {
      "$type": "CollectObjectsTemplate",
      "TargetObjects": [
        {
          "Hotspot": {
            "Position": "-527.2518 2703.234 4.412626",
            "GroundPosition": "0 0 0",
            "IsGroundPosition": false,
            "ContinentId": 1116
          },
          "Name": "Barrel of Harvested Toxin",
          "EntryId": 233035
        }
      ],
      "HotspotsX": [],
      "Blackspots": [],
      "IsLoot": true,
      "OpeningCast": false,
      "NoMovement": false,
      "GameObjectiveIndex": 2,
      "RunTime": 5.0
    },
    {
      "$type": "KillMobsTemplate",
      "TargetObjects": [
        {
          "Hotspot": {
            "Position": "-353.6756 2506.959 -1.132913",
            "GroundPosition": "0 0 0",
            "IsGroundPosition": false,
            "ContinentId": 1116
          },
          "Name": "Varashian Vilefang",
          "EntryId": 85429
        }
      ],
      "HotspotsX": [
        {
          "Position": "-467.8727 2774.047 2.894044",
          "GroundPosition": "0 0 0",
          "TargetSearchRange": 100.0,
          "IsGroundPosition": false,
          "ContinentId": 1116
        },
        {
          "Position": "-308.7888 2775.864 3.794808",
          "GroundPosition": "0 0 0",
          "TargetSearchRange": 100.0,
          "IsGroundPosition": false,
          "ContinentId": 1116
        }
      ],
      "Blackspots": [],
      "ForceLoot": false,
      "ForcePullMobs": false,
      "GameObjectiveIndex": 3,
      "RunTime": 5.0
    },
    {
      "$type": "KillMobsTemplate",
      "TargetObjects": [
        {
          "Hotspot": {
            "Position": "-413.4579 2484.448 2.108078",
            "GroundPosition": "0 0 0",
            "IsGroundPosition": false,
            "ContinentId": 1116
          },
          "Name": "Shattered Hand Blade Dancer",
          "EntryId": 82130
        },
        {
          "Hotspot": {
            "Position": "-534.7413 2709.219 2.849909",
            "GroundPosition": "0 0 0",
            "IsGroundPosition": false,
            "ContinentId": 1116
          },
          "Name": "Shattered Hand Grunt",
          "EntryId": 85461
        },
        {
          "Hotspot": {
            "Position": "-400.9596 2659.657 0.7398979",
            "GroundPosition": "0 0 0",
            "IsGroundPosition": false,
            "ContinentId": 1116
          },
          "Name": "Shattered Hand Flesh-Sculpter",
          "EntryId": 85214
        }
      ],
      "HotspotsX": [
        {
          "Position": "-432.1948 2704.086 -0.2427017",
          "GroundPosition": "0 0 0",
          "TargetSearchRange": 100.0,
          "IsGroundPosition": false,
          "ContinentId": 1116
        }
      ],
      "Blackspots": [],
      "ForceLoot": false,
      "ForcePullMobs": false,
      "GameObjectiveIndex": 4,
      "RunTime": 5.0
    }
  ]
}