{
  "QuestID": 35697,
  "Version": 4,
  "FactionGroup": 1,
  "CreatedOn": "2015-05-14T07:19:21.7666931Z",
  "UpdatedOn": "2015-08-07T21:34:41.4275033Z",
  "Comment": "",
  "CreatedBy": null,
  "AllowUpdates": false,
  "RecommendedLevel": 96,
  "Frequency": 1,
  "QuestStart": {
    "ObjectName": "Provisioner Galgar",
    "EntryId": 82691,
    "AdditionalEntryIds": null,
    "ContinentId": 1116,
    "ZoneId": 6722,
    "Position": "-361.1189 2253.28 27.734",
    "TurnInType": 0,
    "MyFaction": 1
  },
  "QuestEnd": {
    "ObjectName": "Dusk-Seer Irizzar",
    "EntryId": 83463,
    "AdditionalEntryIds": null,
    "ContinentId": 1116,
    "ZoneId": 6722,
    "Position": "-592.6059 2020.816 15.62257",
    "TurnInType": 0,
    "MyFaction": 1
  },
  "ActionOrder": 1,
  "Actions": [
    {
      "$type": "GossipInteractionTemplate",
      "TargetObjects": [
        {
          "Hotspot": {
            "Position": "-592.6059 2020.816 15.62257",
            "GroundPosition": "0 0 0",
            "IsGroundPosition": false,
            "ContinentId": 1116
          },
          "Name": "Dusk-Seer Irizzar",
          "EntryId": 83463
        }
      ],
      "HotspotsX": [
        {
          "Position": "-589.5729 2022.04 15.62227",
          "GroundPosition": "0 0 0",
          "IsGroundPosition": false,
          "ContinentId": 1116
        }
      ],
      "GossipIndex": 1,
      "Dismount": false,
      "GameObjectiveIndex": 1,
      "RunTime": 5.0
    }
  ]
}