{
  "QuestID": 35704,
  "Version": 40,
  "FactionGroup": 1,
  "CreatedOn": "2014-12-01T15:26:34.596412Z",
  "UpdatedOn": "2015-12-17T16:26:31.9775194Z",
  "Comment": "",
  "CreatedBy": null,
  "AllowUpdates": false,
  "RecommendedLevel": 96,
  "Frequency": 1,
  "IsStory": true,
  "QuestStart": {
    "ObjectName": "Reshad",
    "EntryId": 84262,
    "AdditionalEntryIds": null,
    "ContinentId": 1116,
    "ZoneId": 6722,
    "Position": "-809.8212 1862.688 472.9334",
    "TurnInType": 0,
    "IsIndoors": true,
    "ScriptJson": "{\r\n  \"Children\": [\r\n    {\r\n      \"$type\": \"LoadCSharpScript\",\r\n      \"FileName\": \"QH.cs\"\r\n    },\r\n    {\r\n      \"$type\": \"CSharpAction\",\r\n      \"CSharpCode\": \"// Initializing Instance and Injecting Custom API into Rebot\\r\\nQH.API = this;\"\r\n    },\r\n    {\r\n      \"$type\": \"If\",\r\n      \"ActionsFalse\": {\r\n        \"Children\": [],\r\n        \"IsSpecialElement\": true,\r\n        \"SpecialElementName\": \"Else\",\r\n        \"GroupName\": \"\"\r\n      },\r\n      \"ActionsTrue\": {\r\n        \"Children\": [\r\n          {\r\n            \"$type\": \"AcceptQuestCommand\",\r\n            \"QuestIds\": [],\r\n            \"ContinentId\": 1116,\r\n            \"Sphere\": \"-648 1569 34 5.4\"\r\n          }\r\n        ],\r\n        \"IsSpecialElement\": true,\r\n        \"SpecialElementName\": \"Then\",\r\n        \"GroupName\": \"\"\r\n      },\r\n      \"Conditions\": [\r\n        {\r\n          \"Condition\": {\r\n            \"$type\": \"CSharpCondition\",\r\n            \"CSharpCode\": \"!QH.IsClose(-782.2f, 1903.7f, 472.2f,100)\"\r\n          },\r\n          \"IsNot\": false\r\n        },\r\n        {\r\n          \"Condition\": null,\r\n          \"IsNot\": false\r\n        },\r\n        {\r\n          \"Condition\": null,\r\n          \"IsNot\": false\r\n        },\r\n        {\r\n          \"Condition\": null,\r\n          \"IsNot\": false\r\n        }\r\n      ],\r\n      \"IsNot\": false\r\n    }\r\n  ],\r\n  \"GroupName\": \"\"\r\n}",
    "MyFaction": 1
  },
  "QuestEnd": {
    "ObjectName": "Reshad",
    "EntryId": 81770,
    "AdditionalEntryIds": null,
    "ContinentId": 1116,
    "ZoneId": 6722,
    "Position": "-501.684 1863.557 44.7822",
    "TurnInType": 0,
    "MyFaction": 1
  },
  "UseScript": true,
  "ScriptText": "{\r\n  \"Children\": [\r\n    {\r\n      \"$type\": \"LoadCSharpScript\",\r\n      \"FileName\": \"QH.cs\"\r\n    },\r\n    {\r\n      \"$type\": \"CSharpAction\",\r\n      \"CSharpCode\": \"// Initializing Instance and Injecting Custom API into Rebot\\r\\nQH.API = this;\"\r\n    },\r\n    {\r\n      \"$type\": \"While\",\r\n      \"LoopActions\": {\r\n        \"Children\": [\r\n          {\r\n            \"$type\": \"If\",\r\n            \"ActionsFalse\": {\r\n              \"Children\": [],\r\n              \"IsSpecialElement\": true,\r\n              \"SpecialElementName\": \"Else\",\r\n              \"GroupName\": \"\"\r\n            },\r\n            \"ActionsTrue\": {\r\n              \"Children\": [\r\n                {\r\n                  \"$type\": \"If\",\r\n                  \"ActionsFalse\": {\r\n                    \"Children\": [\r\n                      {\r\n                        \"$type\": \"CollectObjectsTemplateScriptAction\",\r\n                        \"Template\": {\r\n                          \"$type\": \"CollectObjectsTemplate\",\r\n                          \"TargetObjects\": [\r\n                            {\r\n                              \"Hotspot\": {\r\n                                \"Position\": \"-821.1736 1859.384 473.1219\",\r\n                                \"GroundPosition\": \"0 0 0\",\r\n                                \"IsGroundPosition\": false,\r\n                                \"ContinentId\": 1116\r\n                              },\r\n                              \"Name\": \"Ka'alu\",\r\n                              \"EntryId\": 86254\r\n                            }\r\n                          ],\r\n                          \"HotspotsX\": [],\r\n                          \"Blackspots\": [],\r\n                          \"IsLoot\": false,\r\n                          \"OpeningCast\": false,\r\n                          \"NoMovement\": false,\r\n                          \"GameObjectiveIndex\": 1,\r\n                          \"RunTime\": 5.0\r\n                        },\r\n                        \"TimeLimit\": 0\r\n                      },\r\n                      {\r\n                        \"$type\": \"GossipTemplateScriptAction\",\r\n                        \"Template\": {\r\n                          \"$type\": \"GossipInteractionTemplate\",\r\n                          \"TargetObjects\": [\r\n                            {\r\n                              \"Hotspot\": {\r\n                                \"Position\": \"-821.1736 1859.384 473.1219\",\r\n                                \"GroundPosition\": \"0 0 0\",\r\n                                \"IsGroundPosition\": false,\r\n                                \"ContinentId\": 1116\r\n                              },\r\n                              \"Name\": \"Ka'alu\",\r\n                              \"EntryId\": 86254\r\n                            }\r\n                          ],\r\n                          \"HotspotsX\": [],\r\n                          \"GossipIndex\": 1,\r\n                          \"Dismount\": false,\r\n                          \"GameObjectiveIndex\": 1,\r\n                          \"RunTime\": 5.0\r\n                        },\r\n                        \"TimeLimit\": 0\r\n                      },\r\n                      {\r\n                        \"$type\": \"Wait\",\r\n                        \"Delay\": 15.0,\r\n                        \"DelayMax\": 16.0\r\n                      }\r\n                    ],\r\n                    \"IsSpecialElement\": true,\r\n                    \"SpecialElementName\": \"Else\",\r\n                    \"GroupName\": \"\"\r\n                  },\r\n                  \"ActionsTrue\": {\r\n                    \"Children\": [\r\n                      {\r\n                        \"$type\": \"GossipTemplateScriptAction\",\r\n                        \"Template\": {\r\n                          \"$type\": \"GossipInteractionTemplate\",\r\n                          \"TargetObjects\": [\r\n                            {\r\n                              \"Hotspot\": {\r\n                                \"Position\": \"-659.2118 1579.464 36.22343\",\r\n                                \"GroundPosition\": \"0 0 0\",\r\n                                \"IsGroundPosition\": false,\r\n                                \"ContinentId\": 1116\r\n                              },\r\n                              \"Name\": \"Ka'alu\",\r\n                              \"EntryId\": 77857\r\n                            }\r\n                          ],\r\n                          \"HotspotsX\": [\r\n                            {\r\n                              \"Position\": \"-654.7048 1577.365 36.00769\",\r\n                              \"GroundPosition\": \"0 0 0\",\r\n                              \"IsGroundPosition\": false,\r\n                              \"ContinentId\": 1116\r\n                            }\r\n                          ],\r\n                          \"GossipIndex\": 1,\r\n                          \"Dismount\": false,\r\n                          \"GameObjectiveIndex\": 1,\r\n                          \"RunTime\": 5.0\r\n                        },\r\n                        \"TimeLimit\": 0\r\n                      },\r\n                      {\r\n                        \"$type\": \"Wait\",\r\n                        \"Delay\": 35.0,\r\n                        \"DelayMax\": 37.0\r\n                      }\r\n                    ],\r\n                    \"IsSpecialElement\": true,\r\n                    \"SpecialElementName\": \"Then\",\r\n                    \"GroupName\": \"\"\r\n                  },\r\n                  \"Conditions\": [\r\n                    {\r\n                      \"Condition\": {\r\n                        \"$type\": \"CSharpCondition\",\r\n                        \"CSharpCode\": \"!QH.IsClose(-782.2f, 1903.7f, 472.2f,125)\"\r\n                      },\r\n                      \"IsNot\": false\r\n                    },\r\n                    {\r\n                      \"Condition\": null,\r\n                      \"IsNot\": false\r\n                    },\r\n                    {\r\n                      \"Condition\": null,\r\n                      \"IsNot\": false\r\n                    },\r\n                    {\r\n                      \"Condition\": null,\r\n                      \"IsNot\": false\r\n                    }\r\n                  ],\r\n                  \"IsNot\": false\r\n                }\r\n              ],\r\n              \"IsSpecialElement\": true,\r\n              \"SpecialElementName\": \"Then\",\r\n              \"GroupName\": \"\"\r\n            },\r\n            \"Conditions\": [\r\n              {\r\n                \"Condition\": {\r\n                  \"$type\": \"CSharpCondition\",\r\n                  \"CSharpCode\": \"!Me.IsOnTransport\"\r\n                },\r\n                \"IsNot\": false\r\n              },\r\n              {\r\n                \"Condition\": null,\r\n                \"IsNot\": false\r\n              },\r\n              {\r\n                \"Condition\": null,\r\n                \"IsNot\": false\r\n              },\r\n              {\r\n                \"Condition\": null,\r\n                \"IsNot\": false\r\n              }\r\n            ],\r\n            \"IsNot\": false\r\n          },\r\n          {\r\n            \"$type\": \"If\",\r\n            \"ActionsFalse\": {\r\n              \"Children\": [],\r\n              \"IsSpecialElement\": true,\r\n              \"SpecialElementName\": \"Else\",\r\n              \"GroupName\": \"\"\r\n            },\r\n            \"ActionsTrue\": {\r\n              \"Children\": [\r\n                {\r\n                  \"$type\": \"While\",\r\n                  \"LoopActions\": {\r\n                    \"Children\": [\r\n                      {\r\n                        \"$type\": \"CSharpAction\",\r\n                        \"CSharpCode\": \"int[] ID = new int[5]{82817,82803,82806,83487,82804};\\r\\nvar killTarget = Me.GUID;\\r\\nfloat closestUnit = 5000f; // Insanely large distance, so first found distance will always be lower.\\r\\nfloat position1;\\r\\nfloat position2;\\r\\nMe.ClearFocus();\\r\\n\\r\\n// Identifying Closest Desired Unit\\r\\nforeach (var unit in Units)\\r\\n{\\r\\n\\tfor (int i = 0; i < ID.Length;  i++)\\r\\n        {\\r\\n                if (unit.EntryID == ID[i] && !unit.IsDead)\\r\\n                {\\r\\n                    \\tif (unit.Distance < closestUnit)\\r\\n                    \\t{\\r\\n                       \\t\\t// This stores the distance of the new unit, so when it re-iterates through,\\r\\n                        \\t// ultimately the unit with the lowest distance, or the one closest to you is stored\\r\\n                        \\tclosestUnit = unit.Distance;\\r\\n                        \\t// This stores the GUID, which is necessary as ALL units share the same UnitID, but the GUID is a unique identifier.\\r\\n                        \\tkillTarget = unit.GUID;\\r\\n                    \\t}\\r\\n                }\\r\\n        }\\r\\n}\\r\\nif (closestUnit == 5000f)\\r\\n{\\r\\n\\tPrint(\\\"No Units Found Within Targetable Range.\\\");\\r\\n}\\r\\nelse\\r\\n{\\r\\n\\tInt32 closest = (Int32)closestUnit; // Easier on the eyes to Print.\\r\\n        // Setting Focus to closest Unit\\r\\n\\r\\n\\tforeach (var unit in Units)\\r\\n        {\\r\\n        \\tif (unit.GUID == killTarget)\\r\\n                {\\r\\n                    \\tMe.SetTarget(unit);\\r\\n\\t\\t\\t// Verifying Target is in front!!!\\r\\n\\t\\t\\tposition1 = Me.Distance2DTo(unit.Position);\\r\\n\\t\\t\\tyield return 250;\\r\\n\\t\\t\\tposition2 = Me.Distance2DTo(unit.Position);\\r\\n\\t\\t\\tif (position1 > position2) \\r\\n\\t\\t\\t{\\r\\n\\t\\t\\t\\tPrint(\\\"Target Acquired... Firing on \\\" + unit.Name + \\\"!\\\");\\r\\n                    \\t\\tMe.SetFocus(unit);\\r\\n\\t\\t\\t\\tvar v = unit.Position - Me.Position;\\r\\n\\t\\t\\t\\tv.Normalize();\\r\\n\\t\\t\\t\\t((UnitObject) Me.Transport).AimAt(Me.Target.PositionPredicted);\\r\\n\\t\\t\\t\\tExecuteLua(string.Format(\\\"local pitch = {0}; local delta = pitch - VehicleAimGetAngle(); VehicleAimIncrement(delta);\\\", Math.Asin(v.Z)));\\r\\n\\t\\t\\t\\tExecuteLua(\\\"OverrideActionBarButton1:Click();\\\");\\r\\n\\t\\t\\t}\\r\\n\\t\\t\\telse\\r\\n\\t\\t\\t{\\r\\n\\t\\t\\t\\tyield return 250;\\r\\n\\t\\t\\t\\tMe.ClearFocus();\\r\\n\\t\\t\\t}\\r\\n\\t\\t\\t\\r\\n                    \\tbreak;\\r\\n                }\\r\\n        }\\r\\n}\\r\\nyield return 1000;\\r\\nMe.ClearFocus();\\r\\n\"\r\n                      }\r\n                    ],\r\n                    \"IsSpecialElement\": true,\r\n                    \"SpecialElementName\": \"Do\",\r\n                    \"GroupName\": \"\"\r\n                  },\r\n                  \"Conditions\": [\r\n                    {\r\n                      \"Condition\": {\r\n                        \"$type\": \"CSharpCondition\",\r\n                        \"CSharpCode\": \"Me.IsOnTransport && HasQuest(35704) && !IsQuestInLogAndComplete(35704)\"\r\n                      },\r\n                      \"IsNot\": false\r\n                    },\r\n                    {\r\n                      \"Condition\": null,\r\n                      \"IsNot\": false\r\n                    },\r\n                    {\r\n                      \"Condition\": null,\r\n                      \"IsNot\": false\r\n                    },\r\n                    {\r\n                      \"Condition\": null,\r\n                      \"IsNot\": false\r\n                    }\r\n                  ],\r\n                  \"IsNot\": false\r\n                }\r\n              ],\r\n              \"IsSpecialElement\": true,\r\n              \"SpecialElementName\": \"Then\",\r\n              \"GroupName\": \"\"\r\n            },\r\n            \"Conditions\": [\r\n              {\r\n                \"Condition\": {\r\n                  \"$type\": \"CSharpCondition\",\r\n                  \"CSharpCode\": \"HasQuest(35704) && !IsQuestObjectiveComplete(35704,1)\"\r\n                },\r\n                \"IsNot\": false\r\n              },\r\n              {\r\n                \"Condition\": null,\r\n                \"IsNot\": false\r\n              },\r\n              {\r\n                \"Condition\": null,\r\n                \"IsNot\": false\r\n              },\r\n              {\r\n                \"Condition\": null,\r\n                \"IsNot\": false\r\n              }\r\n            ],\r\n            \"IsNot\": false\r\n          }\r\n        ],\r\n        \"IsSpecialElement\": true,\r\n        \"SpecialElementName\": \"Do\",\r\n        \"GroupName\": \"\"\r\n      },\r\n      \"Conditions\": [\r\n        {\r\n          \"Condition\": {\r\n            \"$type\": \"CSharpCondition\",\r\n            \"CSharpCode\": \"HasQuest(35704) && !IsQuestInLogAndComplete(35704)\"\r\n          },\r\n          \"IsNot\": false\r\n        },\r\n        {\r\n          \"Condition\": null,\r\n          \"IsNot\": false\r\n        },\r\n        {\r\n          \"Condition\": null,\r\n          \"IsNot\": false\r\n        },\r\n        {\r\n          \"Condition\": null,\r\n          \"IsNot\": false\r\n        }\r\n      ],\r\n      \"IsNot\": false\r\n    }\r\n  ],\r\n  \"GroupName\": \"\"\r\n}",
  "ActionOrder": 1,
  "Actions": []
}