{
  "QuestID": 35734,
  "Version": 43,
  "FactionGroup": 1,
  "CreatedOn": "2014-11-27T17:39:13.9967101Z",
  "UpdatedOn": "2015-08-07T21:43:15.5091331Z",
  "Comment": "",
  "CreatedBy": null,
  "AllowUpdates": false,
  "RecommendedLevel": 97,
  "Frequency": 1,
  "IsStory": true,
  "QuestStart": {
    "ObjectName": "Effigy of Terokk",
    "EntryId": 82813,
    "AdditionalEntryIds": null,
    "ContinentId": 1116,
    "ZoneId": 6722,
    "Position": "-504.9809 1855.319 44.78154",
    "TurnInType": 0,
    "IsIndoors": true,
    "MyFaction": 0
  },
  "QuestEnd": {
    "ObjectName": "Reshad",
    "EntryId": 81770,
    "AdditionalEntryIds": null,
    "ContinentId": 1116,
    "ZoneId": 6722,
    "Position": "-501.684 1863.557 44.78222",
    "TurnInType": 0,
    "MyFaction": 1
  },
  "UseScript": true,
  "ScriptText": "{\r\n  \"Children\": [\r\n    {\r\n      \"$type\": \"While\",\r\n      \"LoopActions\": {\r\n        \"Children\": [\r\n          {\r\n            \"$type\": \"If\",\r\n            \"ActionsFalse\": {\r\n              \"Children\": [],\r\n              \"IsSpecialElement\": true,\r\n              \"SpecialElementName\": \"Else\",\r\n              \"GroupName\": \"\"\r\n            },\r\n            \"ActionsTrue\": {\r\n              \"Children\": [\r\n                {\r\n                  \"$type\": \"GossipTemplateScriptAction\",\r\n                  \"Template\": {\r\n                    \"$type\": \"GossipInteractionTemplate\",\r\n                    \"TargetObjects\": [\r\n                      {\r\n                        \"Hotspot\": {\r\n                          \"Position\": \"-504.9809 1855.319 44.78154\",\r\n                          \"GroundPosition\": \"0 0 0\",\r\n                          \"IsGroundPosition\": false,\r\n                          \"ContinentId\": 1116\r\n                        },\r\n                        \"Name\": \"Effigy of Terokk\",\r\n                        \"EntryId\": 82813\r\n                      }\r\n                    ],\r\n                    \"HotspotsX\": [\r\n                      {\r\n                        \"Position\": \"-503.7482 1856.243 44.7815\",\r\n                        \"GroundPosition\": \"0 0 0\",\r\n                        \"IsGroundPosition\": false,\r\n                        \"ContinentId\": 1116\r\n                      }\r\n                    ],\r\n                    \"GossipIndex\": 1,\r\n                    \"Dismount\": false,\r\n                    \"GameObjectiveIndex\": 1,\r\n                    \"RunTime\": 5.0\r\n                  },\r\n                  \"TimeLimit\": 0\r\n                },\r\n                {\r\n                  \"$type\": \"While\",\r\n                  \"LoopActions\": {\r\n                    \"Children\": [\r\n                      {\r\n                        \"$type\": \"Wait\",\r\n                        \"Delay\": 1.0,\r\n                        \"DelayMax\": 0.0\r\n                      }\r\n                    ],\r\n                    \"IsSpecialElement\": true,\r\n                    \"SpecialElementName\": \"Do\",\r\n                    \"GroupName\": \"\"\r\n                  },\r\n                  \"Conditions\": [\r\n                    {\r\n                      \"Condition\": {\r\n                        \"$type\": \"CSharpCondition\",\r\n                        \"CSharpCode\": \"!Me.IsOnTransport\"\r\n                      },\r\n                      \"IsNot\": false\r\n                    },\r\n                    {\r\n                      \"Condition\": null,\r\n                      \"IsNot\": false\r\n                    },\r\n                    {\r\n                      \"Condition\": null,\r\n                      \"IsNot\": false\r\n                    },\r\n                    {\r\n                      \"Condition\": null,\r\n                      \"IsNot\": false\r\n                    }\r\n                  ],\r\n                  \"IsNot\": false\r\n                },\r\n                {\r\n                  \"$type\": \"Wait\",\r\n                  \"Delay\": 2.0,\r\n                  \"DelayMax\": 3.0\r\n                }\r\n              ],\r\n              \"IsSpecialElement\": true,\r\n              \"SpecialElementName\": \"Then\",\r\n              \"GroupName\": \"\"\r\n            },\r\n            \"Conditions\": [\r\n              {\r\n                \"Condition\": {\r\n                  \"$type\": \"CSharpCondition\",\r\n                  \"CSharpCode\": \"HasQuest(35734) && !Me.IsOnTransport && !IsQuestInLogAndComplete(35734)\"\r\n                },\r\n                \"IsNot\": false\r\n              },\r\n              {\r\n                \"Condition\": null,\r\n                \"IsNot\": false\r\n              },\r\n              {\r\n                \"Condition\": null,\r\n                \"IsNot\": false\r\n              },\r\n              {\r\n                \"Condition\": null,\r\n                \"IsNot\": false\r\n              }\r\n            ],\r\n            \"IsNot\": false\r\n          },\r\n          {\r\n            \"$type\": \"CSharpAction\",\r\n            \"CSharpCode\": \"DisableCombat = true;\\r\\nMe.PreventMounting = true;\"\r\n          },\r\n          {\r\n            \"$type\": \"Comment\",\r\n            \"Text\": \"Targeting All Nearby Units!\",\r\n            \"Color\": \"64, 128, 128\"\r\n          },\r\n          {\r\n            \"$type\": \"While\",\r\n            \"LoopActions\": {\r\n              \"Children\": [\r\n                {\r\n                  \"$type\": \"While\",\r\n                  \"LoopActions\": {\r\n                    \"Children\": [\r\n                      {\r\n                        \"$type\": \"CSharpAction\",\r\n                        \"CSharpCode\": \"var killTarget = Me.GUID;\\r\\nfloat closestUnit = 5000f;\\r\\n\\r\\n// Blacklisted Targets\\r\\nVector3 location1 = new Vector3(-1412.8f, 1833.4f, 5.4f);\\r\\n\\r\\nforeach (UnitObject unit in Units)\\r\\n{\\r\\n\\tif (((unit.EntryID == 82938) || (unit.EntryID == 82944) || (unit.EntryID == 82946) || (unit.EntryID == 82947) || (unit.EntryID == 75948)) && !unit.IsDead && unit.Distance2DTo(location1) > 20)\\r\\n        {\\r\\n        \\tif (unit.Distance < closestUnit)\\r\\n                {\\r\\n                    closestUnit = unit.Distance;\\r\\n                    killTarget = unit.GUID;\\r\\n                }\\r\\n        }\\r\\n}\\r\\nif (closestUnit == 5000)\\r\\n{\\r\\n\\tPrint(\\\"No Units Found Within Targetable Range! Moving to new Hotspot!\\\");\\r\\n\\tVector3 location = new Vector3(-1573f, 1772.6f, 2.6f);\\r\\n\\twhile(!MoveTo(location))\\r\\n\\t{\\r\\n\\t\\tyield return 100;\\r\\n\\t}\\r\\n}\\r\\nelse\\r\\n{\\r\\n\\tInt32 closest = (Int32)closestUnit;\\r\\n\\tPrint(\\\"Next target is \\\" + closest + \\\" yards away.\\\");\\r\\n        foreach (UnitObject unit in Units)\\r\\n        {\\r\\n        \\tif (unit.GUID == killTarget)\\r\\n                {\\r\\n                    Me.SetFocus(unit);\\r\\n                    Me.SetTarget(unit);\\r\\n                    break;\\r\\n                }\\r\\n        }\\r\\n}\\r\\n\"\r\n                      }\r\n                    ],\r\n                    \"IsSpecialElement\": true,\r\n                    \"SpecialElementName\": \"Do\",\r\n                    \"GroupName\": \"\"\r\n                  },\r\n                  \"Conditions\": [\r\n                    {\r\n                      \"Condition\": {\r\n                        \"$type\": \"CSharpCondition\",\r\n                        \"CSharpCode\": \"Me.Focus == null\"\r\n                      },\r\n                      \"IsNot\": false\r\n                    },\r\n                    {\r\n                      \"Condition\": null,\r\n                      \"IsNot\": false\r\n                    },\r\n                    {\r\n                      \"Condition\": null,\r\n                      \"IsNot\": false\r\n                    },\r\n                    {\r\n                      \"Condition\": null,\r\n                      \"IsNot\": false\r\n                    }\r\n                  ],\r\n                  \"IsNot\": false\r\n                },\r\n                {\r\n                  \"$type\": \"While\",\r\n                  \"LoopActions\": {\r\n                    \"Children\": [\r\n                      {\r\n                        \"$type\": \"CSharpAction\",\r\n                        \"CSharpCode\": \"while (Me.Focus != null && Me.Focus.Distance > 4) \\r\\n{\\r\\n\\tMoveTo(Me.Focus.Position);\\r\\n\\tyield return 100;\\r\\n}\\r\\n\\r\\nwhile (Me.Focus != null && !Me.Focus.IsDead && Me.Focus.Distance < 5) \\r\\n{\\r\\n\\tCTM(Me.Focus.Position);\\r\\n\\tyield return 50;\\r\\n\\tExecuteLua(\\\"OverrideActionBarButton1:Click()\\\");\\r\\n\\tyield return 1000;\\r\\n}\\r\\n\"\r\n                      }\r\n                    ],\r\n                    \"IsSpecialElement\": true,\r\n                    \"SpecialElementName\": \"Do\",\r\n                    \"GroupName\": \"\"\r\n                  },\r\n                  \"Conditions\": [\r\n                    {\r\n                      \"Condition\": {\r\n                        \"$type\": \"CSharpCondition\",\r\n                        \"CSharpCode\": \"Me.Focus != null && !Me.Focus.IsDead\"\r\n                      },\r\n                      \"IsNot\": false\r\n                    },\r\n                    {\r\n                      \"Condition\": null,\r\n                      \"IsNot\": false\r\n                    },\r\n                    {\r\n                      \"Condition\": null,\r\n                      \"IsNot\": false\r\n                    },\r\n                    {\r\n                      \"Condition\": null,\r\n                      \"IsNot\": false\r\n                    }\r\n                  ],\r\n                  \"IsNot\": false\r\n                },\r\n                {\r\n                  \"$type\": \"If\",\r\n                  \"ActionsFalse\": {\r\n                    \"Children\": [],\r\n                    \"IsSpecialElement\": true,\r\n                    \"SpecialElementName\": \"Else\",\r\n                    \"GroupName\": \"\"\r\n                  },\r\n                  \"ActionsTrue\": {\r\n                    \"Children\": [\r\n                      {\r\n                        \"$type\": \"CSharpAction\",\r\n                        \"CSharpCode\": \"Me.ClearFocus();\\r\\n\"\r\n                      }\r\n                    ],\r\n                    \"IsSpecialElement\": true,\r\n                    \"SpecialElementName\": \"Then\",\r\n                    \"GroupName\": \"\"\r\n                  },\r\n                  \"Conditions\": [\r\n                    {\r\n                      \"Condition\": {\r\n                        \"$type\": \"CSharpCondition\",\r\n                        \"CSharpCode\": \"Me.Focus != null && Me.Focus.IsDead\"\r\n                      },\r\n                      \"IsNot\": false\r\n                    },\r\n                    {\r\n                      \"Condition\": null,\r\n                      \"IsNot\": false\r\n                    },\r\n                    {\r\n                      \"Condition\": null,\r\n                      \"IsNot\": false\r\n                    },\r\n                    {\r\n                      \"Condition\": null,\r\n                      \"IsNot\": false\r\n                    }\r\n                  ],\r\n                  \"IsNot\": false\r\n                },\r\n                {\r\n                  \"$type\": \"Wait\",\r\n                  \"Delay\": 1.0,\r\n                  \"DelayMax\": 0.0\r\n                }\r\n              ],\r\n              \"IsSpecialElement\": true,\r\n              \"SpecialElementName\": \"Do\",\r\n              \"GroupName\": \"\"\r\n            },\r\n            \"Conditions\": [\r\n              {\r\n                \"Condition\": {\r\n                  \"$type\": \"CSharpCondition\",\r\n                  \"CSharpCode\": \"HasQuest(35734) && !IsQuestObjectiveComplete(35734,1) && !IsQuestObjectiveComplete(35734,2) && Me.IsOnTransport\"\r\n                },\r\n                \"IsNot\": false\r\n              },\r\n              {\r\n                \"Condition\": null,\r\n                \"IsNot\": false\r\n              },\r\n              {\r\n                \"Condition\": null,\r\n                \"IsNot\": false\r\n              },\r\n              {\r\n                \"Condition\": null,\r\n                \"IsNot\": false\r\n              }\r\n            ],\r\n            \"IsNot\": false\r\n          },\r\n          {\r\n            \"$type\": \"If\",\r\n            \"ActionsFalse\": {\r\n              \"Children\": [],\r\n              \"IsSpecialElement\": true,\r\n              \"SpecialElementName\": \"Else\",\r\n              \"GroupName\": \"\"\r\n            },\r\n            \"ActionsTrue\": {\r\n              \"Children\": [\r\n                {\r\n                  \"$type\": \"Comment\",\r\n                  \"Text\": \"Only Bloodmane Shortfang Left to Kill!\",\r\n                  \"Color\": \"64, 128, 128\"\r\n                }\r\n              ],\r\n              \"IsSpecialElement\": true,\r\n              \"SpecialElementName\": \"Then\",\r\n              \"GroupName\": \"\"\r\n            },\r\n            \"Conditions\": [\r\n              {\r\n                \"Condition\": {\r\n                  \"$type\": \"CSharpCondition\",\r\n                  \"CSharpCode\": \"!IsQuestObjectiveComplete(35734,1)\"\r\n                },\r\n                \"IsNot\": false\r\n              },\r\n              {\r\n                \"Condition\": null,\r\n                \"IsNot\": false\r\n              },\r\n              {\r\n                \"Condition\": null,\r\n                \"IsNot\": false\r\n              },\r\n              {\r\n                \"Condition\": null,\r\n                \"IsNot\": false\r\n              }\r\n            ],\r\n            \"IsNot\": false\r\n          },\r\n          {\r\n            \"$type\": \"While\",\r\n            \"LoopActions\": {\r\n              \"Children\": [\r\n                {\r\n                  \"$type\": \"While\",\r\n                  \"LoopActions\": {\r\n                    \"Children\": [\r\n                      {\r\n                        \"$type\": \"CSharpAction\",\r\n                        \"CSharpCode\": \"var killTarget = Me.GUID;\\r\\nfloat closestUnit = 5000f;\\r\\n\\r\\n// Blacklisted Targets\\r\\nVector3 location1 = new Vector3(-1412.8f, 1833.4f, 5.4f);\\r\\n\\r\\nforeach (UnitObject unit in Units)\\r\\n{\\r\\n\\tif (unit.EntryID == 82946 && !unit.IsDead && unit.Distance2DTo(location1) > 20)\\r\\n        {\\r\\n        \\tif (unit.Distance < closestUnit)\\r\\n                {\\r\\n                    closestUnit = unit.Distance;\\r\\n                    killTarget = unit.GUID;\\r\\n                }\\r\\n        }\\r\\n}\\r\\nif (closestUnit == 5000)\\r\\n{\\r\\n\\tPrint(\\\"No Units Found Within Targetable Range! Moving to new Hotspot!\\\");\\r\\n\\tVector3 location = new Vector3(-1452.3f, 1801.4f, 3.3f);\\r\\n\\twhile(!MoveTo(location))\\r\\n\\t{\\r\\n\\t\\tyield return 100;\\r\\n\\t}\\r\\n}\\r\\nelse\\r\\n{\\r\\n\\tInt32 closest = (Int32)closestUnit;\\r\\n\\tPrint(\\\"Next target is \\\" + closest + \\\" yards away.\\\");\\r\\n        foreach (UnitObject unit in Units)\\r\\n        {\\r\\n        \\tif (unit.GUID == killTarget)\\r\\n                {\\r\\n                    Me.SetFocus(unit);\\r\\n                    Me.SetTarget(unit);\\r\\n                    break;\\r\\n                }\\r\\n        }\\r\\n}\\r\\n\"\r\n                      }\r\n                    ],\r\n                    \"IsSpecialElement\": true,\r\n                    \"SpecialElementName\": \"Do\",\r\n                    \"GroupName\": \"\"\r\n                  },\r\n                  \"Conditions\": [\r\n                    {\r\n                      \"Condition\": {\r\n                        \"$type\": \"CSharpCondition\",\r\n                        \"CSharpCode\": \"Me.Focus == null\"\r\n                      },\r\n                      \"IsNot\": false\r\n                    },\r\n                    {\r\n                      \"Condition\": null,\r\n                      \"IsNot\": false\r\n                    },\r\n                    {\r\n                      \"Condition\": null,\r\n                      \"IsNot\": false\r\n                    },\r\n                    {\r\n                      \"Condition\": null,\r\n                      \"IsNot\": false\r\n                    }\r\n                  ],\r\n                  \"IsNot\": false\r\n                },\r\n                {\r\n                  \"$type\": \"While\",\r\n                  \"LoopActions\": {\r\n                    \"Children\": [\r\n                      {\r\n                        \"$type\": \"CSharpAction\",\r\n                        \"CSharpCode\": \"while (Me.Focus != null && Me.Focus.Distance > 4) \\r\\n{\\r\\n\\tMoveTo(Me.Focus.Position);\\r\\n\\tyield return 100;\\r\\n}\\r\\n\\r\\nwhile (Me.Focus != null && !Me.Focus.IsDead && Me.Focus.Distance < 5) \\r\\n{\\r\\n\\tCTM(Me.Focus.Position);\\r\\n\\tyield return 50;\\r\\n\\tExecuteLua(\\\"OverrideActionBarButton1:Click()\\\");\\r\\n\\tyield return 1000;\\r\\n}\\r\\n\"\r\n                      }\r\n                    ],\r\n                    \"IsSpecialElement\": true,\r\n                    \"SpecialElementName\": \"Do\",\r\n                    \"GroupName\": \"\"\r\n                  },\r\n                  \"Conditions\": [\r\n                    {\r\n                      \"Condition\": {\r\n                        \"$type\": \"CSharpCondition\",\r\n                        \"CSharpCode\": \"Me.Focus != null && !Me.Focus.IsDead\"\r\n                      },\r\n                      \"IsNot\": false\r\n                    },\r\n                    {\r\n                      \"Condition\": null,\r\n                      \"IsNot\": false\r\n                    },\r\n                    {\r\n                      \"Condition\": null,\r\n                      \"IsNot\": false\r\n                    },\r\n                    {\r\n                      \"Condition\": null,\r\n                      \"IsNot\": false\r\n                    }\r\n                  ],\r\n                  \"IsNot\": false\r\n                },\r\n                {\r\n                  \"$type\": \"If\",\r\n                  \"ActionsFalse\": {\r\n                    \"Children\": [],\r\n                    \"IsSpecialElement\": true,\r\n                    \"SpecialElementName\": \"Else\",\r\n                    \"GroupName\": \"\"\r\n                  },\r\n                  \"ActionsTrue\": {\r\n                    \"Children\": [\r\n                      {\r\n                        \"$type\": \"CSharpAction\",\r\n                        \"CSharpCode\": \"Me.ClearFocus();\\r\\n\"\r\n                      }\r\n                    ],\r\n                    \"IsSpecialElement\": true,\r\n                    \"SpecialElementName\": \"Then\",\r\n                    \"GroupName\": \"\"\r\n                  },\r\n                  \"Conditions\": [\r\n                    {\r\n                      \"Condition\": {\r\n                        \"$type\": \"CSharpCondition\",\r\n                        \"CSharpCode\": \"Me.Focus != null && Me.Focus.IsDead\"\r\n                      },\r\n                      \"IsNot\": false\r\n                    },\r\n                    {\r\n                      \"Condition\": null,\r\n                      \"IsNot\": false\r\n                    },\r\n                    {\r\n                      \"Condition\": null,\r\n                      \"IsNot\": false\r\n                    },\r\n                    {\r\n                      \"Condition\": null,\r\n                      \"IsNot\": false\r\n                    }\r\n                  ],\r\n                  \"IsNot\": false\r\n                },\r\n                {\r\n                  \"$type\": \"Wait\",\r\n                  \"Delay\": 1.0,\r\n                  \"DelayMax\": 0.0\r\n                }\r\n              ],\r\n              \"IsSpecialElement\": true,\r\n              \"SpecialElementName\": \"Do\",\r\n              \"GroupName\": \"\"\r\n            },\r\n            \"Conditions\": [\r\n              {\r\n                \"Condition\": {\r\n                  \"$type\": \"CSharpCondition\",\r\n                  \"CSharpCode\": \"HasQuest(35734) && !IsQuestObjectiveComplete(35734,1) && Me.IsOnTransport\"\r\n                },\r\n                \"IsNot\": false\r\n              },\r\n              {\r\n                \"Condition\": null,\r\n                \"IsNot\": false\r\n              },\r\n              {\r\n                \"Condition\": null,\r\n                \"IsNot\": false\r\n              },\r\n              {\r\n                \"Condition\": null,\r\n                \"IsNot\": false\r\n              }\r\n            ],\r\n            \"IsNot\": false\r\n          },\r\n          {\r\n            \"$type\": \"If\",\r\n            \"ActionsFalse\": {\r\n              \"Children\": [],\r\n              \"IsSpecialElement\": true,\r\n              \"SpecialElementName\": \"Else\",\r\n              \"GroupName\": \"\"\r\n            },\r\n            \"ActionsTrue\": {\r\n              \"Children\": [\r\n                {\r\n                  \"$type\": \"Comment\",\r\n                  \"Text\": \"Almost Done! All Bloodmane Shortfang Kills Completed!\",\r\n                  \"Color\": \"64, 128, 128\"\r\n                }\r\n              ],\r\n              \"IsSpecialElement\": true,\r\n              \"SpecialElementName\": \"Then\",\r\n              \"GroupName\": \"\"\r\n            },\r\n            \"Conditions\": [\r\n              {\r\n                \"Condition\": {\r\n                  \"$type\": \"CSharpCondition\",\r\n                  \"CSharpCode\": \"!IsQuestObjectiveComplete(35734,2)\"\r\n                },\r\n                \"IsNot\": false\r\n              },\r\n              {\r\n                \"Condition\": null,\r\n                \"IsNot\": false\r\n              },\r\n              {\r\n                \"Condition\": null,\r\n                \"IsNot\": false\r\n              },\r\n              {\r\n                \"Condition\": null,\r\n                \"IsNot\": false\r\n              }\r\n            ],\r\n            \"IsNot\": false\r\n          },\r\n          {\r\n            \"$type\": \"While\",\r\n            \"LoopActions\": {\r\n              \"Children\": [\r\n                {\r\n                  \"$type\": \"While\",\r\n                  \"LoopActions\": {\r\n                    \"Children\": [\r\n                      {\r\n                        \"$type\": \"CSharpAction\",\r\n                        \"CSharpCode\": \"var killTarget = Me.GUID;\\r\\nfloat closestUnit = 5000f;\\r\\n\\r\\n// Blacklisted Targets\\r\\nVector3 location1 = new Vector3(-1412.8f, 1833.4f, 5.4f);\\r\\n\\r\\nforeach (UnitObject unit in Units)\\r\\n{\\r\\n\\tif (((unit.EntryID == 82938) || (unit.EntryID == 82944) || (unit.EntryID == 82947) || (unit.EntryID == 75948)) && !unit.IsDead && unit.Distance2DTo(location1) > 20)\\r\\n        {\\r\\n        \\tif (unit.Distance < closestUnit)\\r\\n                {\\r\\n                    closestUnit = unit.Distance;\\r\\n                    killTarget = unit.GUID;\\r\\n                }\\r\\n        }\\r\\n}\\r\\nif (closestUnit == 5000)\\r\\n{\\r\\n\\tPrint(\\\"No Units Found Within Targetable Range! Moving to new Hotspot!\\\");\\r\\n\\tVector3 location = new Vector3(-1452.3f, 1801.4f, 3.3f);\\r\\n\\twhile(!MoveTo(location))\\r\\n\\t{\\r\\n\\t\\tyield return 100;\\r\\n\\t}\\r\\n}\\r\\nelse\\r\\n{\\r\\n\\tInt32 closest = (Int32)closestUnit;\\r\\n\\tPrint(\\\"Next target is \\\" + closest + \\\" yards away.\\\");\\r\\n        foreach (UnitObject unit in Units)\\r\\n        {\\r\\n        \\tif (unit.GUID == killTarget)\\r\\n                {\\r\\n                    Me.SetFocus(unit);\\r\\n                    Me.SetTarget(unit);\\r\\n                    break;\\r\\n                }\\r\\n        }\\r\\n}\\r\\n\"\r\n                      }\r\n                    ],\r\n                    \"IsSpecialElement\": true,\r\n                    \"SpecialElementName\": \"Do\",\r\n                    \"GroupName\": \"\"\r\n                  },\r\n                  \"Conditions\": [\r\n                    {\r\n                      \"Condition\": {\r\n                        \"$type\": \"CSharpCondition\",\r\n                        \"CSharpCode\": \"Me.Focus == null\"\r\n                      },\r\n                      \"IsNot\": false\r\n                    },\r\n                    {\r\n                      \"Condition\": null,\r\n                      \"IsNot\": false\r\n                    },\r\n                    {\r\n                      \"Condition\": null,\r\n                      \"IsNot\": false\r\n                    },\r\n                    {\r\n                      \"Condition\": null,\r\n                      \"IsNot\": false\r\n                    }\r\n                  ],\r\n                  \"IsNot\": false\r\n                },\r\n                {\r\n                  \"$type\": \"While\",\r\n                  \"LoopActions\": {\r\n                    \"Children\": [\r\n                      {\r\n                        \"$type\": \"CSharpAction\",\r\n                        \"CSharpCode\": \"while (Me.Focus != null && Me.Focus.Distance > 4) \\r\\n{\\r\\n\\tMoveTo(Me.Focus.Position);\\r\\n\\tyield return 100;\\r\\n}\\r\\n\\r\\nwhile (Me.Focus != null && !Me.Focus.IsDead && Me.Focus.Distance < 5) \\r\\n{\\r\\n\\tCTM(Me.Focus.Position);\\r\\n\\tyield return 50;\\r\\n\\tExecuteLua(\\\"OverrideActionBarButton1:Click()\\\");\\r\\n\\tyield return 1000;\\r\\n}\\r\\n\"\r\n                      }\r\n                    ],\r\n                    \"IsSpecialElement\": true,\r\n                    \"SpecialElementName\": \"Do\",\r\n                    \"GroupName\": \"\"\r\n                  },\r\n                  \"Conditions\": [\r\n                    {\r\n                      \"Condition\": {\r\n                        \"$type\": \"CSharpCondition\",\r\n                        \"CSharpCode\": \"Me.Focus != null && !Me.Focus.IsDead\"\r\n                      },\r\n                      \"IsNot\": false\r\n                    },\r\n                    {\r\n                      \"Condition\": null,\r\n                      \"IsNot\": false\r\n                    },\r\n                    {\r\n                      \"Condition\": null,\r\n                      \"IsNot\": false\r\n                    },\r\n                    {\r\n                      \"Condition\": null,\r\n                      \"IsNot\": false\r\n                    }\r\n                  ],\r\n                  \"IsNot\": false\r\n                },\r\n                {\r\n                  \"$type\": \"If\",\r\n                  \"ActionsFalse\": {\r\n                    \"Children\": [],\r\n                    \"IsSpecialElement\": true,\r\n                    \"SpecialElementName\": \"Else\",\r\n                    \"GroupName\": \"\"\r\n                  },\r\n                  \"ActionsTrue\": {\r\n                    \"Children\": [\r\n                      {\r\n                        \"$type\": \"CSharpAction\",\r\n                        \"CSharpCode\": \"Me.ClearFocus();\\r\\n\"\r\n                      }\r\n                    ],\r\n                    \"IsSpecialElement\": true,\r\n                    \"SpecialElementName\": \"Then\",\r\n                    \"GroupName\": \"\"\r\n                  },\r\n                  \"Conditions\": [\r\n                    {\r\n                      \"Condition\": {\r\n                        \"$type\": \"CSharpCondition\",\r\n                        \"CSharpCode\": \"Me.Focus != null && Me.Focus.IsDead\"\r\n                      },\r\n                      \"IsNot\": false\r\n                    },\r\n                    {\r\n                      \"Condition\": null,\r\n                      \"IsNot\": false\r\n                    },\r\n                    {\r\n                      \"Condition\": null,\r\n                      \"IsNot\": false\r\n                    },\r\n                    {\r\n                      \"Condition\": null,\r\n                      \"IsNot\": false\r\n                    }\r\n                  ],\r\n                  \"IsNot\": false\r\n                },\r\n                {\r\n                  \"$type\": \"Wait\",\r\n                  \"Delay\": 1.0,\r\n                  \"DelayMax\": 0.0\r\n                }\r\n              ],\r\n              \"IsSpecialElement\": true,\r\n              \"SpecialElementName\": \"Do\",\r\n              \"GroupName\": \"\"\r\n            },\r\n            \"Conditions\": [\r\n              {\r\n                \"Condition\": {\r\n                  \"$type\": \"CSharpCondition\",\r\n                  \"CSharpCode\": \"HasQuest(35734) && !IsQuestObjectiveComplete(35734,2) && Me.IsOnTransport\"\r\n                },\r\n                \"IsNot\": false\r\n              },\r\n              {\r\n                \"Condition\": null,\r\n                \"IsNot\": false\r\n              },\r\n              {\r\n                \"Condition\": null,\r\n                \"IsNot\": false\r\n              },\r\n              {\r\n                \"Condition\": null,\r\n                \"IsNot\": false\r\n              }\r\n            ],\r\n            \"IsNot\": false\r\n          },\r\n          {\r\n            \"$type\": \"Comment\",\r\n            \"Text\": \"One Last Kill... Pridelord Karash Has Eluded Us For Far Too Long! That Ends Now!!!\",\r\n            \"Color\": \"64, 128, 128\"\r\n          },\r\n          {\r\n            \"$type\": \"While\",\r\n            \"LoopActions\": {\r\n              \"Children\": [\r\n                {\r\n                  \"$type\": \"MoveTo\",\r\n                  \"Hotspot\": {\r\n                    \"Position\": \"-1340.474 1884.452 13.04107\",\r\n                    \"GroundPosition\": \"0 0 0\",\r\n                    \"IsGroundPosition\": false,\r\n                    \"IsOnTransport\": true,\r\n                    \"ContinentId\": 1116\r\n                  },\r\n                  \"Method\": \"Navi\"\r\n                },\r\n                {\r\n                  \"$type\": \"While\",\r\n                  \"LoopActions\": {\r\n                    \"Children\": [\r\n                      {\r\n                        \"$type\": \"CSharpAction\",\r\n                        \"CSharpCode\": \"foreach (UnitObject unit in Units)\\r\\n{\\r\\n\\tif (unit.EntryID == 82950 && !unit.IsDead)\\r\\n        {\\r\\n        \\tMe.SetFocus(unit);\\r\\n                Me.SetTarget(unit);\\r\\n                break;\\r\\n        }\\r\\n}\\r\\n\"\r\n                      }\r\n                    ],\r\n                    \"IsSpecialElement\": true,\r\n                    \"SpecialElementName\": \"Do\",\r\n                    \"GroupName\": \"\"\r\n                  },\r\n                  \"Conditions\": [\r\n                    {\r\n                      \"Condition\": {\r\n                        \"$type\": \"CSharpCondition\",\r\n                        \"CSharpCode\": \"Me.Focus == null\"\r\n                      },\r\n                      \"IsNot\": false\r\n                    },\r\n                    {\r\n                      \"Condition\": null,\r\n                      \"IsNot\": false\r\n                    },\r\n                    {\r\n                      \"Condition\": null,\r\n                      \"IsNot\": false\r\n                    },\r\n                    {\r\n                      \"Condition\": null,\r\n                      \"IsNot\": false\r\n                    }\r\n                  ],\r\n                  \"IsNot\": false\r\n                },\r\n                {\r\n                  \"$type\": \"While\",\r\n                  \"LoopActions\": {\r\n                    \"Children\": [\r\n                      {\r\n                        \"$type\": \"CSharpAction\",\r\n                        \"CSharpCode\": \"while (Me.Focus != null && Me.Focus.Distance > 4) \\r\\n{\\r\\n\\tMoveTo(Me.Focus.Position);\\r\\n\\tyield return 100;\\r\\n}\\r\\n\\r\\nwhile (Me.Focus != null && !Me.Focus.IsDead && Me.Focus.Distance < 5) \\r\\n{\\r\\n\\tCTM(Me.Focus.Position);\\r\\n\\tyield return 50;\\r\\n\\tExecuteLua(\\\"OverrideActionBarButton1:Click()\\\");\\r\\n\\tyield return 1000;\\r\\n}\\r\\n\"\r\n                      }\r\n                    ],\r\n                    \"IsSpecialElement\": true,\r\n                    \"SpecialElementName\": \"Do\",\r\n                    \"GroupName\": \"\"\r\n                  },\r\n                  \"Conditions\": [\r\n                    {\r\n                      \"Condition\": {\r\n                        \"$type\": \"CSharpCondition\",\r\n                        \"CSharpCode\": \"Me.Focus != null && !Me.Focus.IsDead\"\r\n                      },\r\n                      \"IsNot\": false\r\n                    },\r\n                    {\r\n                      \"Condition\": null,\r\n                      \"IsNot\": false\r\n                    },\r\n                    {\r\n                      \"Condition\": null,\r\n                      \"IsNot\": false\r\n                    },\r\n                    {\r\n                      \"Condition\": null,\r\n                      \"IsNot\": false\r\n                    }\r\n                  ],\r\n                  \"IsNot\": false\r\n                },\r\n                {\r\n                  \"$type\": \"If\",\r\n                  \"ActionsFalse\": {\r\n                    \"Children\": [],\r\n                    \"IsSpecialElement\": true,\r\n                    \"SpecialElementName\": \"Else\",\r\n                    \"GroupName\": \"\"\r\n                  },\r\n                  \"ActionsTrue\": {\r\n                    \"Children\": [\r\n                      {\r\n                        \"$type\": \"CSharpAction\",\r\n                        \"CSharpCode\": \"Me.ClearFocus();\\r\\n\"\r\n                      }\r\n                    ],\r\n                    \"IsSpecialElement\": true,\r\n                    \"SpecialElementName\": \"Then\",\r\n                    \"GroupName\": \"\"\r\n                  },\r\n                  \"Conditions\": [\r\n                    {\r\n                      \"Condition\": {\r\n                        \"$type\": \"CSharpCondition\",\r\n                        \"CSharpCode\": \"Me.Focus != null && Me.Focus.IsDead\"\r\n                      },\r\n                      \"IsNot\": false\r\n                    },\r\n                    {\r\n                      \"Condition\": null,\r\n                      \"IsNot\": false\r\n                    },\r\n                    {\r\n                      \"Condition\": null,\r\n                      \"IsNot\": false\r\n                    },\r\n                    {\r\n                      \"Condition\": null,\r\n                      \"IsNot\": false\r\n                    }\r\n                  ],\r\n                  \"IsNot\": false\r\n                },\r\n                {\r\n                  \"$type\": \"Wait\",\r\n                  \"Delay\": 1.0,\r\n                  \"DelayMax\": 0.0\r\n                }\r\n              ],\r\n              \"IsSpecialElement\": true,\r\n              \"SpecialElementName\": \"Do\",\r\n              \"GroupName\": \"\"\r\n            },\r\n            \"Conditions\": [\r\n              {\r\n                \"Condition\": {\r\n                  \"$type\": \"CSharpCondition\",\r\n                  \"CSharpCode\": \"HasQuest(35734) && !IsQuestObjectiveComplete(35734,3) && Me.IsOnTransport\"\r\n                },\r\n                \"IsNot\": false\r\n              },\r\n              {\r\n                \"Condition\": null,\r\n                \"IsNot\": false\r\n              },\r\n              {\r\n                \"Condition\": null,\r\n                \"IsNot\": false\r\n              },\r\n              {\r\n                \"Condition\": null,\r\n                \"IsNot\": false\r\n              }\r\n            ],\r\n            \"IsNot\": false\r\n          },\r\n          {\r\n            \"$type\": \"If\",\r\n            \"ActionsFalse\": {\r\n              \"Children\": [],\r\n              \"IsSpecialElement\": true,\r\n              \"SpecialElementName\": \"Else\",\r\n              \"GroupName\": \"\"\r\n            },\r\n            \"ActionsTrue\": {\r\n              \"Children\": [\r\n                {\r\n                  \"$type\": \"ExecuteLua\",\r\n                  \"LuaCode\": \"VehicleExit()\"\r\n                },\r\n                {\r\n                  \"$type\": \"Wait\",\r\n                  \"Delay\": 1.0,\r\n                  \"DelayMax\": 0.0\r\n                }\r\n              ],\r\n              \"IsSpecialElement\": true,\r\n              \"SpecialElementName\": \"Then\",\r\n              \"GroupName\": \"\"\r\n            },\r\n            \"Conditions\": [\r\n              {\r\n                \"Condition\": {\r\n                  \"$type\": \"CSharpCondition\",\r\n                  \"CSharpCode\": \"Me.IsOnTransport && IsQuestInLogAndComplete(35734)\"\r\n                },\r\n                \"IsNot\": false\r\n              },\r\n              {\r\n                \"Condition\": null,\r\n                \"IsNot\": false\r\n              },\r\n              {\r\n                \"Condition\": null,\r\n                \"IsNot\": false\r\n              },\r\n              {\r\n                \"Condition\": null,\r\n                \"IsNot\": false\r\n              }\r\n            ],\r\n            \"IsNot\": false\r\n          },\r\n          {\r\n            \"$type\": \"CSharpAction\",\r\n            \"CSharpCode\": \"DisableCombat = false;\\r\\nMe.PreventMounting = false;\"\r\n          }\r\n        ],\r\n        \"IsSpecialElement\": true,\r\n        \"SpecialElementName\": \"Do\",\r\n        \"GroupName\": \"\"\r\n      },\r\n      \"Conditions\": [\r\n        {\r\n          \"Condition\": {\r\n            \"$type\": \"CSharpCondition\",\r\n            \"CSharpCode\": \"HasQuest(35734) && !IsQuestInLogAndComplete(35734)\"\r\n          },\r\n          \"IsNot\": false\r\n        },\r\n        {\r\n          \"Condition\": null,\r\n          \"IsNot\": false\r\n        },\r\n        {\r\n          \"Condition\": null,\r\n          \"IsNot\": false\r\n        },\r\n        {\r\n          \"Condition\": null,\r\n          \"IsNot\": false\r\n        }\r\n      ],\r\n      \"IsNot\": false\r\n    }\r\n  ],\r\n  \"GroupName\": \"\"\r\n}",
  "ActionOrder": 1,
  "Actions": []
}