{
  "QuestID": 35797,
  "Version": 4,
  "FactionGroup": 1,
  "CreatedOn": "2015-08-04T00:33:53.1158349Z",
  "UpdatedOn": "2015-10-05T21:57:19.6083358Z",
  "Comment": "",
  "CreatedBy": null,
  "AllowUpdates": false,
  "RecommendedLevel": 96,
  "Frequency": 1,
  "QuestStart": {
    "ObjectName": "Trixxy Weldblast",
    "EntryId": 82786,
    "AdditionalEntryIds": null,
    "ContinentId": 1116,
    "ZoneId": 6722,
    "Position": "-763.7934 1032.913 7.370832",
    "TurnInType": 0,
    "MyFaction": 1
  },
  "QuestEnd": {
    "ObjectName": "Trixxy Weldblast",
    "EntryId": 82786,
    "AdditionalEntryIds": null,
    "ContinentId": 1116,
    "ZoneId": 6722,
    "Position": "-783.905 1040.394 3.950132",
    "TurnInType": 0,
    "MyFaction": 1
  },
  "ActionOrder": 1,
  "Actions": [
    {
      "$type": "KillMobsTemplate",
      "TargetObjects": [
        {
          "Hotspot": {
            "Position": "-1094.073 732.5903 0.5140941",
            "GroundPosition": "0 0 0",
            "IsGroundPosition": false,
            "ContinentId": 1116
          },
          "Name": "The Ebon Hunter",
          "EntryId": 82933
        }
      ],
      "HotspotsX": [
        {
          "Position": "-1089.11 745.4042 0.5982695",
          "GroundPosition": "0 0 0",
          "ContinentId": 1116
        }
      ],
      "Blackspots": [],
      "ForceLoot": true,
      "ForcePullMobs": false,
      "GameObjectiveIndex": 1,
      "RunTime": 5.0
    }
  ]
}