{
  "QuestID": 35879,
  "Version": 3,
  "FactionGroup": 1,
  "CreatedOn": "2015-06-11T08:16:18.7874536Z",
  "UpdatedOn": "2015-08-07T21:46:22.2997723Z",
  "Comment": "",
  "CreatedBy": null,
  "AllowUpdates": false,
  "RecommendedLevel": 96,
  "Frequency": 1,
  "QuestStart": {
    "ObjectName": "Mixxy Weldblast",
    "EntryId": 82713,
    "AdditionalEntryIds": null,
    "ContinentId": 1116,
    "ZoneId": 6722,
    "Position": "-267.8767 1285.938 20.25582",
    "TurnInType": 0,
    "MyFaction": 1
  },
  "ActionOrder": 1,
  "Actions": [
    {
      "$type": "KillMobsTemplate",
      "TargetObjects": [
        {
          "Hotspot": {
            "Position": "-274.3015 1358.704 8.163123",
            "GroundPosition": "0 0 0",
            "IsGroundPosition": false,
            "ContinentId": 1116
          },
          "Name": "Agitated Piglet",
          "EntryId": 82728
        },
        {
          "Hotspot": {
            "Position": "-247.7447 1353.828 6.856566",
            "GroundPosition": "0 0 0",
            "IsGroundPosition": false,
            "ContinentId": 1116
          },
          "Name": "Electrified Stingtail",
          "EntryId": 83444
        },
        {
          "Hotspot": {
            "Position": "-360.6813 1338.292 6.907342",
            "GroundPosition": "0 0 0",
            "IsGroundPosition": false,
            "ContinentId": 1116
          },
          "Name": "Putrid Mandragora",
          "EntryId": 82722
        },
        {
          "Hotspot": {
            "Position": "-384.9271 1274.583 12.10551",
            "GroundPosition": "0 0 0",
            "IsGroundPosition": false,
            "ContinentId": 1116
          },
          "Name": "Surly Bogwallow",
          "EntryId": 82726
        }
      ],
      "HotspotsX": [
        {
          "Position": "-261.0227 1358.596 5.906337",
          "GroundPosition": "0 0 0",
          "IsGroundPosition": false,
          "ContinentId": 1116
        },
        {
          "Position": "-393.603 1296.608 10.26153",
          "GroundPosition": "0 0 0",
          "IsGroundPosition": false,
          "ContinentId": 1116
        },
        {
          "Position": "-548.7584 1234.962 8.468719",
          "GroundPosition": "0 0 0",
          "IsGroundPosition": false,
          "ContinentId": 1116
        }
      ],
      "Blackspots": [],
      "ForceLoot": false,
      "ForcePullMobs": false,
      "GameObjectiveIndex": 1,
      "RunTime": 5.0
    }
  ]
}