{
  "QuestID": 36316,
  "Version": 2,
  "FactionGroup": 1,
  "CreatedOn": "2015-08-07T21:55:52.0214136Z",
  "UpdatedOn": "2015-08-07T21:55:55.3142061Z",
  "Comment": "",
  "CreatedBy": null,
  "AllowUpdates": false,
  "QuestStart": {
    "ObjectName": "Reshad",
    "EntryId": 81770,
    "AdditionalEntryIds": null,
    "ContinentId": 1116,
    "ZoneId": 6722,
    "Position": "-501.684 1863.557 44.7822",
    "TurnInType": 0,
    "MyFaction": 1
  },
  "ActionOrder": 1,
  "Actions": []
}