{
  "QuestID": 36590,
  "Version": 9,
  "FactionGroup": 1,
  "CreatedOn": "2015-08-05T23:14:23.9072491Z",
  "UpdatedOn": "2015-12-17T18:14:03.4586272Z",
  "Comment": "",
  "CreatedBy": null,
  "AllowUpdates": false,
  "RecommendedLevel": 97,
  "Frequency": 1,
  "IsTask": true,
  "QuestStart": {
    "ObjectName": "AreaTrigger",
    "EntryId": 0,
    "AdditionalEntryIds": null,
    "ContinentId": 1116,
    "ZoneId": 6722,
    "Position": "507.4665 947.0037 82.0628",
    "TurnInType": 2,
    "MyFaction": 1
  },
  "UseScript": true,
  "ScriptText": "{\r\n  \"Children\": [\r\n    {\r\n      \"$type\": \"LoadCSharpScript\",\r\n      \"FileName\": \"QH.cs\"\r\n    },\r\n    {\r\n      \"$type\": \"CSharpAction\",\r\n      \"CSharpCode\": \"// Initializing Instance and Injecting Custom API into Rebot\\r\\nQH.API = this;\"\r\n    },\r\n    {\r\n      \"$type\": \"While\",\r\n      \"LoopActions\": {\r\n        \"Children\": [\r\n          {\r\n            \"$type\": \"If\",\r\n            \"ActionsFalse\": {\r\n              \"Children\": [],\r\n              \"IsSpecialElement\": true,\r\n              \"SpecialElementName\": \"Else\",\r\n              \"GroupName\": \"\"\r\n            },\r\n            \"ActionsTrue\": {\r\n              \"Children\": [\r\n                {\r\n                  \"$type\": \"MoveTo\",\r\n                  \"Hotspot\": {\r\n                    \"Position\": \"507.8203 947.5265 82.08073\",\r\n                    \"GroundPosition\": \"0 0 0\",\r\n                    \"ContinentId\": 1116\r\n                  },\r\n                  \"Method\": \"Navi\"\r\n                }\r\n              ],\r\n              \"IsSpecialElement\": true,\r\n              \"SpecialElementName\": \"Then\",\r\n              \"GroupName\": \"\"\r\n            },\r\n            \"Conditions\": [\r\n              {\r\n                \"Condition\": {\r\n                  \"$type\": \"CSharpCondition\",\r\n                  \"CSharpCode\": \"HasQuest(36590) && !IsQuestObjectiveComplete(36590,2)\"\r\n                },\r\n                \"IsNot\": false\r\n              },\r\n              {\r\n                \"Condition\": null,\r\n                \"IsNot\": false\r\n              },\r\n              {\r\n                \"Condition\": null,\r\n                \"IsNot\": false\r\n              },\r\n              {\r\n                \"Condition\": null,\r\n                \"IsNot\": false\r\n              }\r\n            ],\r\n            \"IsNot\": false\r\n          },\r\n          {\r\n            \"$type\": \"While\",\r\n            \"LoopActions\": {\r\n              \"Children\": [\r\n                {\r\n                  \"$type\": \"CollectObjectsTemplateScriptAction\",\r\n                  \"Template\": {\r\n                    \"$type\": \"CollectObjectsTemplate\",\r\n                    \"TargetObjects\": [\r\n                      {\r\n                        \"Hotspot\": {\r\n                          \"Position\": \"560.7465 892.7274 97.14127\",\r\n                          \"GroundPosition\": \"0 0 0\",\r\n                          \"IsGroundPosition\": false,\r\n                          \"ContinentId\": 1116\r\n                        },\r\n                        \"Name\": \"Rylak Egg\",\r\n                        \"EntryId\": 236010\r\n                      }\r\n                    ],\r\n                    \"HotspotsX\": [\r\n                      {\r\n                        \"Position\": \"530.1824 942.9976 88.75558\",\r\n                        \"GroundPosition\": \"0 0 0\",\r\n                        \"IsGroundPosition\": false,\r\n                        \"ContinentId\": 1116\r\n                      },\r\n                      {\r\n                        \"Position\": \"431.4945 836.4561 87.23059\",\r\n                        \"GroundPosition\": \"0 0 0\",\r\n                        \"IsGroundPosition\": false,\r\n                        \"ContinentId\": 1116\r\n                      }\r\n                    ],\r\n                    \"Blackspots\": [\r\n                      \"438 736 95 48.3\"\r\n                    ],\r\n                    \"IsLoot\": true,\r\n                    \"OpeningCast\": false,\r\n                    \"NoMovement\": false,\r\n                    \"GameObjectiveIndex\": 1,\r\n                    \"RunTime\": 5.0\r\n                  },\r\n                  \"TimeLimit\": 0\r\n                },\r\n                {\r\n                  \"$type\": \"Wait\",\r\n                  \"Delay\": 1.0,\r\n                  \"DelayMax\": 0.0\r\n                }\r\n              ],\r\n              \"IsSpecialElement\": true,\r\n              \"SpecialElementName\": \"Do\",\r\n              \"GroupName\": \"\"\r\n            },\r\n            \"Conditions\": [\r\n              {\r\n                \"Condition\": {\r\n                  \"$type\": \"CSharpCondition\",\r\n                  \"CSharpCode\": \"HasQuest(36590) && !IsQuestObjectiveComplete(36590,2)\"\r\n                },\r\n                \"IsNot\": false\r\n              },\r\n              {\r\n                \"Condition\": null,\r\n                \"IsNot\": false\r\n              },\r\n              {\r\n                \"Condition\": null,\r\n                \"IsNot\": false\r\n              },\r\n              {\r\n                \"Condition\": null,\r\n                \"IsNot\": false\r\n              }\r\n            ],\r\n            \"IsNot\": false\r\n          },\r\n          {\r\n            \"$type\": \"While\",\r\n            \"LoopActions\": {\r\n              \"Children\": [\r\n                {\r\n                  \"$type\": \"KillMobsTemplateScriptAction\",\r\n                  \"Template\": {\r\n                    \"$type\": \"KillMobsTemplate\",\r\n                    \"TargetObjects\": [\r\n                      {\r\n                        \"Hotspot\": {\r\n                          \"Position\": \"445.2274 862.2379 16.74715\",\r\n                          \"GroundPosition\": \"0 0 0\",\r\n                          \"IsGroundPosition\": false,\r\n                          \"IsIndoors\": true,\r\n                          \"ContinentId\": 1116\r\n                        },\r\n                        \"Name\": \"Insane Nullifier\",\r\n                        \"EntryId\": 85902\r\n                      }\r\n                    ],\r\n                    \"HotspotsX\": [\r\n                      {\r\n                        \"Position\": \"430.7613 823.2977 21.57445\",\r\n                        \"GroundPosition\": \"0 0 0\",\r\n                        \"IsGroundPosition\": false,\r\n                        \"IsIndoors\": true,\r\n                        \"ContinentId\": 1116\r\n                      }\r\n                    ],\r\n                    \"Blackspots\": [],\r\n                    \"ForceLoot\": false,\r\n                    \"ForcePullMobs\": false,\r\n                    \"GameObjectiveIndex\": 1,\r\n                    \"RunTime\": 5.0\r\n                  },\r\n                  \"TimeLimit\": 10\r\n                },\r\n                {\r\n                  \"$type\": \"Wait\",\r\n                  \"Delay\": 1.0,\r\n                  \"DelayMax\": 0.0\r\n                }\r\n              ],\r\n              \"IsSpecialElement\": true,\r\n              \"SpecialElementName\": \"Do\",\r\n              \"GroupName\": \"\"\r\n            },\r\n            \"Conditions\": [\r\n              {\r\n                \"Condition\": {\r\n                  \"$type\": \"CSharpCondition\",\r\n                  \"CSharpCode\": \"HasQuest(36590) && !IsQuestObjectiveComplete(36590,4)\"\r\n                },\r\n                \"IsNot\": false\r\n              },\r\n              {\r\n                \"Condition\": null,\r\n                \"IsNot\": false\r\n              },\r\n              {\r\n                \"Condition\": null,\r\n                \"IsNot\": false\r\n              },\r\n              {\r\n                \"Condition\": null,\r\n                \"IsNot\": false\r\n              }\r\n            ],\r\n            \"IsNot\": false\r\n          },\r\n          {\r\n            \"$type\": \"While\",\r\n            \"LoopActions\": {\r\n              \"Children\": [\r\n                {\r\n                  \"$type\": \"KillMobsTemplateScriptAction\",\r\n                  \"Template\": {\r\n                    \"$type\": \"KillMobsTemplate\",\r\n                    \"TargetObjects\": [\r\n                      {\r\n                        \"Hotspot\": {\r\n                          \"Position\": \"319.8438 515.8768 16.00463\",\r\n                          \"GroundPosition\": \"0 0 0\",\r\n                          \"IsGroundPosition\": false,\r\n                          \"IsIndoors\": true,\r\n                          \"ContinentId\": 1116\r\n                        },\r\n                        \"Name\": \"Vile Siphonmaster\",\r\n                        \"EntryId\": 85898\r\n                      }\r\n                    ],\r\n                    \"HotspotsX\": [\r\n                      {\r\n                        \"Position\": \"319.1924 571.3286 20.98442\",\r\n                        \"GroundPosition\": \"0 0 0\",\r\n                        \"IsGroundPosition\": false,\r\n                        \"IsIndoors\": true,\r\n                        \"ContinentId\": 1116\r\n                      }\r\n                    ],\r\n                    \"Blackspots\": [],\r\n                    \"ForceLoot\": false,\r\n                    \"ForcePullMobs\": false,\r\n                    \"GameObjectiveIndex\": 1,\r\n                    \"RunTime\": 5.0\r\n                  },\r\n                  \"TimeLimit\": 10\r\n                },\r\n                {\r\n                  \"$type\": \"Wait\",\r\n                  \"Delay\": 1.0,\r\n                  \"DelayMax\": 0.0\r\n                }\r\n              ],\r\n              \"IsSpecialElement\": true,\r\n              \"SpecialElementName\": \"Do\",\r\n              \"GroupName\": \"\"\r\n            },\r\n            \"Conditions\": [\r\n              {\r\n                \"Condition\": {\r\n                  \"$type\": \"CSharpCondition\",\r\n                  \"CSharpCode\": \"HasQuest(36590) && !IsQuestObjectiveComplete(36590,3)\"\r\n                },\r\n                \"IsNot\": false\r\n              },\r\n              {\r\n                \"Condition\": null,\r\n                \"IsNot\": false\r\n              },\r\n              {\r\n                \"Condition\": null,\r\n                \"IsNot\": false\r\n              },\r\n              {\r\n                \"Condition\": null,\r\n                \"IsNot\": false\r\n              }\r\n            ],\r\n            \"IsNot\": false\r\n          },\r\n          {\r\n            \"$type\": \"While\",\r\n            \"LoopActions\": {\r\n              \"Children\": [\r\n                {\r\n                  \"$type\": \"KillMobsTemplateScriptAction\",\r\n                  \"Template\": {\r\n                    \"$type\": \"KillMobsTemplate\",\r\n                    \"TargetObjects\": [\r\n                      {\r\n                        \"Hotspot\": {\r\n                          \"Position\": \"328.2118 829.5226 9.903864\",\r\n                          \"GroundPosition\": \"0 0 0\",\r\n                          \"IsGroundPosition\": false,\r\n                          \"IsIndoors\": true,\r\n                          \"ContinentId\": 1116\r\n                        },\r\n                        \"Name\": \"Crazed Obliterator\",\r\n                        \"EntryId\": 85901\r\n                      }\r\n                    ],\r\n                    \"HotspotsX\": [\r\n                      {\r\n                        \"Position\": \"311.8693 790.1302 14.74266\",\r\n                        \"GroundPosition\": \"0 0 0\",\r\n                        \"IsGroundPosition\": false,\r\n                        \"IsIndoors\": true,\r\n                        \"ContinentId\": 1116\r\n                      }\r\n                    ],\r\n                    \"Blackspots\": [],\r\n                    \"ForceLoot\": false,\r\n                    \"ForcePullMobs\": false,\r\n                    \"GameObjectiveIndex\": 1,\r\n                    \"RunTime\": 5.0\r\n                  },\r\n                  \"TimeLimit\": 10\r\n                },\r\n                {\r\n                  \"$type\": \"Wait\",\r\n                  \"Delay\": 1.0,\r\n                  \"DelayMax\": 0.0\r\n                }\r\n              ],\r\n              \"IsSpecialElement\": true,\r\n              \"SpecialElementName\": \"Do\",\r\n              \"GroupName\": \"\"\r\n            },\r\n            \"Conditions\": [\r\n              {\r\n                \"Condition\": {\r\n                  \"$type\": \"CSharpCondition\",\r\n                  \"CSharpCode\": \"HasQuest(36590) && !IsQuestObjectiveComplete(36590,5)\"\r\n                },\r\n                \"IsNot\": false\r\n              },\r\n              {\r\n                \"Condition\": null,\r\n                \"IsNot\": false\r\n              },\r\n              {\r\n                \"Condition\": null,\r\n                \"IsNot\": false\r\n              },\r\n              {\r\n                \"Condition\": null,\r\n                \"IsNot\": false\r\n              }\r\n            ],\r\n            \"IsNot\": false\r\n          },\r\n          {\r\n            \"$type\": \"If\",\r\n            \"ActionsFalse\": {\r\n              \"Children\": [],\r\n              \"IsSpecialElement\": true,\r\n              \"SpecialElementName\": \"Else\",\r\n              \"GroupName\": \"\"\r\n            },\r\n            \"ActionsTrue\": {\r\n              \"Children\": [\r\n                {\r\n                  \"$type\": \"MoveTo\",\r\n                  \"Hotspot\": {\r\n                    \"Position\": \"272.8291 689.156 56.66524\",\r\n                    \"GroundPosition\": \"272.8291 689.156 58.04374\",\r\n                    \"IsGroundPosition\": false,\r\n                    \"ContinentId\": 1116\r\n                  },\r\n                  \"Method\": \"Navi\"\r\n                },\r\n                {\r\n                  \"$type\": \"MoveTo\",\r\n                  \"Hotspot\": {\r\n                    \"Position\": \"312.2544 662.1747 59.80459\",\r\n                    \"GroundPosition\": \"0 0 0\",\r\n                    \"IsGroundPosition\": false,\r\n                    \"ContinentId\": 1116\r\n                  },\r\n                  \"Method\": \"Navi\"\r\n                }\r\n              ],\r\n              \"IsSpecialElement\": true,\r\n              \"SpecialElementName\": \"Then\",\r\n              \"GroupName\": \"\"\r\n            },\r\n            \"Conditions\": [\r\n              {\r\n                \"Condition\": {\r\n                  \"$type\": \"CSharpCondition\",\r\n                  \"CSharpCode\": \"QH.IsClose(328.2f, 829.5f, 9.9f,35)\"\r\n                },\r\n                \"IsNot\": false\r\n              },\r\n              {\r\n                \"Condition\": null,\r\n                \"IsNot\": false\r\n              },\r\n              {\r\n                \"Condition\": null,\r\n                \"IsNot\": false\r\n              },\r\n              {\r\n                \"Condition\": null,\r\n                \"IsNot\": false\r\n              }\r\n            ],\r\n            \"IsNot\": false\r\n          },\r\n          {\r\n            \"$type\": \"While\",\r\n            \"LoopActions\": {\r\n              \"Children\": [\r\n                {\r\n                  \"$type\": \"While\",\r\n                  \"LoopActions\": {\r\n                    \"Children\": [\r\n                      {\r\n                        \"$type\": \"KillMobsTemplateScriptAction\",\r\n                        \"Template\": {\r\n                          \"$type\": \"KillMobsTemplate\",\r\n                          \"TargetObjects\": [\r\n                            {\r\n                              \"Hotspot\": {\r\n                                \"Position\": \"428.4738 851.0554 20.22212\",\r\n                                \"GroundPosition\": \"0 0 0\",\r\n                                \"IsGroundPosition\": false,\r\n                                \"IsIndoors\": true,\r\n                                \"ContinentId\": 1116\r\n                              },\r\n                              \"Name\": \"Twisted Bilecaster\",\r\n                              \"EntryId\": 85894\r\n                            },\r\n                            {\r\n                              \"Hotspot\": {\r\n                                \"Position\": \"312.3148 675.4341 56.86937\",\r\n                                \"GroundPosition\": \"0 0 0\",\r\n                                \"IsGroundPosition\": false,\r\n                                \"ContinentId\": 1116\r\n                              },\r\n                              \"Name\": \"Irradiated Jawbreaker\",\r\n                              \"EntryId\": 86044\r\n                            }\r\n                          ],\r\n                          \"HotspotsX\": [\r\n                            {\r\n                              \"Position\": \"407.8091 750.387 59.0066\",\r\n                              \"GroundPosition\": \"0 0 0\",\r\n                              \"IsGroundPosition\": false,\r\n                              \"ContinentId\": 1116\r\n                            },\r\n                            {\r\n                              \"Position\": \"318.7813 585.6693 28.26235\",\r\n                              \"GroundPosition\": \"0 0 0\",\r\n                              \"IsGroundPosition\": false,\r\n                              \"IsIndoors\": true,\r\n                              \"ContinentId\": 1116\r\n                            },\r\n                            {\r\n                              \"Position\": \"298.3354 748.6878 35.43972\",\r\n                              \"GroundPosition\": \"0 0 0\",\r\n                              \"IsGroundPosition\": false,\r\n                              \"ContinentId\": 1116\r\n                            }\r\n                          ],\r\n                          \"Blackspots\": [],\r\n                          \"ForceLoot\": false,\r\n                          \"ForcePullMobs\": false,\r\n                          \"GameObjectiveIndex\": 1,\r\n                          \"RunTime\": 5.0\r\n                        },\r\n                        \"TimeLimit\": 0\r\n                      }\r\n                    ],\r\n                    \"IsSpecialElement\": true,\r\n                    \"SpecialElementName\": \"Do\",\r\n                    \"GroupName\": \"\"\r\n                  },\r\n                  \"Conditions\": [\r\n                    {\r\n                      \"Condition\": {\r\n                        \"$type\": \"CSharpCondition\",\r\n                        \"CSharpCode\": \"int itemCount = ExecuteLua<int>(\\\"local itemCount =GetItemCount(116766, false, false); return itemCount;\\\");\\r\\n\\r\\nif (itemCount < 3)\\r\\n{\\r\\n\\treturn true;\\r\\n}\\r\\nreturn false;\"\r\n                      },\r\n                      \"IsNot\": false\r\n                    },\r\n                    {\r\n                      \"Condition\": null,\r\n                      \"IsNot\": false\r\n                    },\r\n                    {\r\n                      \"Condition\": null,\r\n                      \"IsNot\": false\r\n                    },\r\n                    {\r\n                      \"Condition\": null,\r\n                      \"IsNot\": false\r\n                    }\r\n                  ],\r\n                  \"IsNot\": false\r\n                },\r\n                {\r\n                  \"$type\": \"MoveTo\",\r\n                  \"Hotspot\": {\r\n                    \"Position\": \"286.15 791.8828 46.2126\",\r\n                    \"GroundPosition\": \"0 0 0\",\r\n                    \"IsGroundPosition\": false,\r\n                    \"IsIndoors\": true,\r\n                    \"ContinentId\": 1116\r\n                  },\r\n                  \"Method\": \"Navi\"\r\n                },\r\n                {\r\n                  \"$type\": \"Comment\",\r\n                  \"Text\": \"Processing What to Do...\",\r\n                  \"Color\": \"64, 128, 128\"\r\n                },\r\n                {\r\n                  \"$type\": \"Wait\",\r\n                  \"Delay\": 4.0,\r\n                  \"DelayMax\": 5.0\r\n                },\r\n                {\r\n                  \"$type\": \"MoveTo\",\r\n                  \"Hotspot\": {\r\n                    \"Position\": \"286.15 791.8828 46.2126\",\r\n                    \"GroundPosition\": \"0 0 0\",\r\n                    \"IsGroundPosition\": false,\r\n                    \"IsIndoors\": true,\r\n                    \"ContinentId\": 1116\r\n                  },\r\n                  \"Method\": \"Navi\"\r\n                },\r\n                {\r\n                  \"$type\": \"Wait\",\r\n                  \"Delay\": 1.0,\r\n                  \"DelayMax\": 0.0\r\n                },\r\n                {\r\n                  \"$type\": \"CSharpAction\",\r\n                  \"CSharpCode\": \"DisableCombat = true;\"\r\n                },\r\n                {\r\n                  \"$type\": \"While\",\r\n                  \"LoopActions\": {\r\n                    \"Children\": [\r\n                      {\r\n                        \"$type\": \"If\",\r\n                        \"ActionsFalse\": {\r\n                          \"Children\": [\r\n                            {\r\n                              \"$type\": \"If\",\r\n                              \"ActionsFalse\": {\r\n                                \"Children\": [\r\n                                  {\r\n                                    \"$type\": \"If\",\r\n                                    \"ActionsFalse\": {\r\n                                      \"Children\": [],\r\n                                      \"IsSpecialElement\": true,\r\n                                      \"SpecialElementName\": \"Else\",\r\n                                      \"GroupName\": \"\"\r\n                                    },\r\n                                    \"ActionsTrue\": {\r\n                                      \"Children\": [\r\n                                        {\r\n                                          \"$type\": \"MoveTo\",\r\n                                          \"Hotspot\": {\r\n                                            \"Position\": \"261.0323 809.4462 45.9831\",\r\n                                            \"GroundPosition\": \"0 0 0\",\r\n                                            \"IsGroundPosition\": false,\r\n                                            \"IsIndoors\": true,\r\n                                            \"ContinentId\": 1116\r\n                                          },\r\n                                          \"Method\": \"Navi\"\r\n                                        },\r\n                                        {\r\n                                          \"$type\": \"CollectObjectsTemplateScriptAction\",\r\n                                          \"Template\": {\r\n                                            \"$type\": \"CollectObjectsTemplate\",\r\n                                            \"TargetObjects\": [\r\n                                              {\r\n                                                \"Hotspot\": {\r\n                                                  \"Position\": \"273.4531 785.9983 50.86313\",\r\n                                                  \"GroundPosition\": \"0 0 0\",\r\n                                                  \"IsGroundPosition\": false,\r\n                                                  \"IsIndoors\": true,\r\n                                                  \"ContinentId\": 1116\r\n                                                },\r\n                                                \"Name\": \"Apexis Pylon\",\r\n                                                \"EntryId\": 86019\r\n                                              }\r\n                                            ],\r\n                                            \"HotspotsX\": [],\r\n                                            \"Blackspots\": [],\r\n                                            \"IsLoot\": false,\r\n                                            \"OpeningCast\": true,\r\n                                            \"NoMovement\": false,\r\n                                            \"GameObjectiveIndex\": 1,\r\n                                            \"RunTime\": 5.0\r\n                                          },\r\n                                          \"TimeLimit\": 0\r\n                                        },\r\n                                        {\r\n                                          \"$type\": \"Wait\",\r\n                                          \"Delay\": 1.0,\r\n                                          \"DelayMax\": 0.0\r\n                                        }\r\n                                      ],\r\n                                      \"IsSpecialElement\": true,\r\n                                      \"SpecialElementName\": \"Then\",\r\n                                      \"GroupName\": \"\"\r\n                                    },\r\n                                    \"Conditions\": [\r\n                                      {\r\n                                        \"Condition\": {\r\n                                          \"$type\": \"CSharpCondition\",\r\n                                          \"CSharpCode\": \"int count = 0;\\r\\nforeach(UnitObject unit in Units)\\r\\n{\\r\\n\\tif (unit.EntryID == 86019)\\r\\n\\t{\\r\\n\\t\\tcount++;\\r\\n\\t}\\r\\n}\\r\\n\\r\\nif (count == 1)\\r\\n{\\r\\n\\treturn true;\\r\\n}\\r\\nreturn false;\"\r\n                                        },\r\n                                        \"IsNot\": false\r\n                                      },\r\n                                      {\r\n                                        \"Condition\": null,\r\n                                        \"IsNot\": false\r\n                                      },\r\n                                      {\r\n                                        \"Condition\": null,\r\n                                        \"IsNot\": false\r\n                                      },\r\n                                      {\r\n                                        \"Condition\": null,\r\n                                        \"IsNot\": false\r\n                                      }\r\n                                    ],\r\n                                    \"IsNot\": false\r\n                                  }\r\n                                ],\r\n                                \"IsSpecialElement\": true,\r\n                                \"SpecialElementName\": \"Else\",\r\n                                \"GroupName\": \"\"\r\n                              },\r\n                              \"ActionsTrue\": {\r\n                                \"Children\": [\r\n                                  {\r\n                                    \"$type\": \"MoveTo\",\r\n                                    \"Hotspot\": {\r\n                                      \"Position\": \"259.705 791.1378 46.32185\",\r\n                                      \"GroundPosition\": \"0 0 0\",\r\n                                      \"IsGroundPosition\": false,\r\n                                      \"IsIndoors\": true,\r\n                                      \"ContinentId\": 1116\r\n                                    },\r\n                                    \"Method\": \"Navi\"\r\n                                  },\r\n                                  {\r\n                                    \"$type\": \"CollectObjectsTemplateScriptAction\",\r\n                                    \"Template\": {\r\n                                      \"$type\": \"CollectObjectsTemplate\",\r\n                                      \"TargetObjects\": [\r\n                                        {\r\n                                          \"Hotspot\": {\r\n                                            \"Position\": \"273.4531 785.9983 50.86313\",\r\n                                            \"GroundPosition\": \"0 0 0\",\r\n                                            \"IsGroundPosition\": false,\r\n                                            \"IsIndoors\": true,\r\n                                            \"ContinentId\": 1116\r\n                                          },\r\n                                          \"Name\": \"Apexis Pylon\",\r\n                                          \"EntryId\": 86019\r\n                                        }\r\n                                      ],\r\n                                      \"HotspotsX\": [],\r\n                                      \"Blackspots\": [],\r\n                                      \"IsLoot\": false,\r\n                                      \"OpeningCast\": true,\r\n                                      \"NoMovement\": false,\r\n                                      \"GameObjectiveIndex\": 1,\r\n                                      \"RunTime\": 5.0\r\n                                    },\r\n                                    \"TimeLimit\": 0\r\n                                  },\r\n                                  {\r\n                                    \"$type\": \"Wait\",\r\n                                    \"Delay\": 1.0,\r\n                                    \"DelayMax\": 0.0\r\n                                  }\r\n                                ],\r\n                                \"IsSpecialElement\": true,\r\n                                \"SpecialElementName\": \"Then\",\r\n                                \"GroupName\": \"\"\r\n                              },\r\n                              \"Conditions\": [\r\n                                {\r\n                                  \"Condition\": {\r\n                                    \"$type\": \"CSharpCondition\",\r\n                                    \"CSharpCode\": \"int count = 0;\\r\\nforeach(UnitObject unit in Units)\\r\\n{\\r\\n\\tif (unit.EntryID == 86019)\\r\\n\\t{\\r\\n\\t\\tcount++;\\r\\n\\t}\\r\\n}\\r\\n\\r\\nif (count == 2)\\r\\n{\\r\\n\\treturn true;\\r\\n}\\r\\nreturn false;\"\r\n                                  },\r\n                                  \"IsNot\": false\r\n                                },\r\n                                {\r\n                                  \"Condition\": null,\r\n                                  \"IsNot\": false\r\n                                },\r\n                                {\r\n                                  \"Condition\": null,\r\n                                  \"IsNot\": false\r\n                                },\r\n                                {\r\n                                  \"Condition\": null,\r\n                                  \"IsNot\": false\r\n                                }\r\n                              ],\r\n                              \"IsNot\": false\r\n                            }\r\n                          ],\r\n                          \"IsSpecialElement\": true,\r\n                          \"SpecialElementName\": \"Else\",\r\n                          \"GroupName\": \"\"\r\n                        },\r\n                        \"ActionsTrue\": {\r\n                          \"Children\": [\r\n                            {\r\n                              \"$type\": \"MoveTo\",\r\n                              \"Hotspot\": {\r\n                                \"Position\": \"277.515 786.1911 46.22772\",\r\n                                \"GroundPosition\": \"0 0 0\",\r\n                                \"IsGroundPosition\": false,\r\n                                \"IsIndoors\": true,\r\n                                \"ContinentId\": 1116\r\n                              },\r\n                              \"Method\": \"Navi\"\r\n                            },\r\n                            {\r\n                              \"$type\": \"CollectObjectsTemplateScriptAction\",\r\n                              \"Template\": {\r\n                                \"$type\": \"CollectObjectsTemplate\",\r\n                                \"TargetObjects\": [\r\n                                  {\r\n                                    \"Hotspot\": {\r\n                                      \"Position\": \"273.4531 785.9983 50.86313\",\r\n                                      \"GroundPosition\": \"0 0 0\",\r\n                                      \"IsGroundPosition\": false,\r\n                                      \"IsIndoors\": true,\r\n                                      \"ContinentId\": 1116\r\n                                    },\r\n                                    \"Name\": \"Apexis Pylon\",\r\n                                    \"EntryId\": 86019\r\n                                  }\r\n                                ],\r\n                                \"HotspotsX\": [],\r\n                                \"Blackspots\": [],\r\n                                \"IsLoot\": false,\r\n                                \"OpeningCast\": true,\r\n                                \"NoMovement\": false,\r\n                                \"GameObjectiveIndex\": 1,\r\n                                \"RunTime\": 5.0\r\n                              },\r\n                              \"TimeLimit\": 0\r\n                            },\r\n                            {\r\n                              \"$type\": \"Wait\",\r\n                              \"Delay\": 1.0,\r\n                              \"DelayMax\": 0.0\r\n                            }\r\n                          ],\r\n                          \"IsSpecialElement\": true,\r\n                          \"SpecialElementName\": \"Then\",\r\n                          \"GroupName\": \"\"\r\n                        },\r\n                        \"Conditions\": [\r\n                          {\r\n                            \"Condition\": {\r\n                              \"$type\": \"CSharpCondition\",\r\n                              \"CSharpCode\": \"int count = 0;\\r\\nforeach(UnitObject unit in Units)\\r\\n{\\r\\n\\tif (unit.EntryID == 86019)\\r\\n\\t{\\r\\n\\t\\tcount++;\\r\\n\\t}\\r\\n}\\r\\n\\r\\nif (count == 3)\\r\\n{\\r\\n\\treturn true;\\r\\n}\\r\\nreturn false;\"\r\n                            },\r\n                            \"IsNot\": false\r\n                          },\r\n                          {\r\n                            \"Condition\": null,\r\n                            \"IsNot\": false\r\n                          },\r\n                          {\r\n                            \"Condition\": null,\r\n                            \"IsNot\": false\r\n                          },\r\n                          {\r\n                            \"Condition\": null,\r\n                            \"IsNot\": false\r\n                          }\r\n                        ],\r\n                        \"IsNot\": false\r\n                      },\r\n                      {\r\n                        \"$type\": \"Wait\",\r\n                        \"Delay\": 1.0,\r\n                        \"DelayMax\": 0.0\r\n                      }\r\n                    ],\r\n                    \"IsSpecialElement\": true,\r\n                    \"SpecialElementName\": \"Do\",\r\n                    \"GroupName\": \"\"\r\n                  },\r\n                  \"Conditions\": [\r\n                    {\r\n                      \"Condition\": {\r\n                        \"$type\": \"CSharpCondition\",\r\n                        \"CSharpCode\": \"int count = 0;\\r\\nforeach(UnitObject unit in Units)\\r\\n{\\r\\n\\tif (unit.EntryID == 86019)\\r\\n\\t{\\r\\n\\t\\tcount++;\\r\\n\\t}\\r\\n}\\r\\nPrint(\\\"There are \\\" + count + \\\" Apexis Pylons Left to Deactivate\\\");\\r\\n\\r\\nif (count > 0 && HasQuest(36590) && !IsQuestObjectiveComplete(36590,6))\\r\\n{\\r\\n\\treturn true;\\r\\n}\\r\\nreturn false;\"\r\n                      },\r\n                      \"IsNot\": false\r\n                    },\r\n                    {\r\n                      \"Condition\": null,\r\n                      \"IsNot\": false\r\n                    },\r\n                    {\r\n                      \"Condition\": null,\r\n                      \"IsNot\": false\r\n                    },\r\n                    {\r\n                      \"Condition\": null,\r\n                      \"IsNot\": false\r\n                    }\r\n                  ],\r\n                  \"IsNot\": false\r\n                },\r\n                {\r\n                  \"$type\": \"CSharpAction\",\r\n                  \"CSharpCode\": \"DisableCombat = false;\"\r\n                },\r\n                {\r\n                  \"$type\": \"KillMobsTemplateScriptAction\",\r\n                  \"Template\": {\r\n                    \"$type\": \"KillMobsTemplate\",\r\n                    \"TargetObjects\": [\r\n                      {\r\n                        \"Hotspot\": {\r\n                          \"Position\": \"267.8611 799.3073 47.39889\",\r\n                          \"GroundPosition\": \"0 0 0\",\r\n                          \"IsGroundPosition\": false,\r\n                          \"IsIndoors\": true,\r\n                          \"ContinentId\": 1116\r\n                        },\r\n                        \"Name\": \"Stored Projection\",\r\n                        \"EntryId\": 85887\r\n                      }\r\n                    ],\r\n                    \"HotspotsX\": [\r\n                      {\r\n                        \"Position\": \"280.3654 797.135 46.35551\",\r\n                        \"GroundPosition\": \"0 0 0\",\r\n                        \"UseCTM\": true,\r\n                        \"IsGroundPosition\": false,\r\n                        \"IsIndoors\": true,\r\n                        \"ContinentId\": 1116\r\n                      }\r\n                    ],\r\n                    \"Blackspots\": [],\r\n                    \"ForceLoot\": false,\r\n                    \"ForcePullMobs\": true,\r\n                    \"GameObjectiveIndex\": 1,\r\n                    \"RunTime\": 5.0\r\n                  },\r\n                  \"TimeLimit\": 10\r\n                },\r\n                {\r\n                  \"$type\": \"Wait\",\r\n                  \"Delay\": 1.0,\r\n                  \"DelayMax\": 0.0\r\n                }\r\n              ],\r\n              \"IsSpecialElement\": true,\r\n              \"SpecialElementName\": \"Do\",\r\n              \"GroupName\": \"\"\r\n            },\r\n            \"Conditions\": [\r\n              {\r\n                \"Condition\": {\r\n                  \"$type\": \"CSharpCondition\",\r\n                  \"CSharpCode\": \"HasQuest(36590) && !IsQuestObjectiveComplete(36590,6)\"\r\n                },\r\n                \"IsNot\": false\r\n              },\r\n              {\r\n                \"Condition\": null,\r\n                \"IsNot\": false\r\n              },\r\n              {\r\n                \"Condition\": null,\r\n                \"IsNot\": false\r\n              },\r\n              {\r\n                \"Condition\": null,\r\n                \"IsNot\": false\r\n              }\r\n            ],\r\n            \"IsNot\": false\r\n          },\r\n          {\r\n            \"$type\": \"While\",\r\n            \"LoopActions\": {\r\n              \"Children\": [\r\n                {\r\n                  \"$type\": \"KillMobsTemplateScriptAction\",\r\n                  \"Template\": {\r\n                    \"$type\": \"KillMobsTemplate\",\r\n                    \"TargetObjects\": [\r\n                      {\r\n                        \"Hotspot\": {\r\n                          \"Position\": \"428.4738 851.0554 20.22212\",\r\n                          \"GroundPosition\": \"0 0 0\",\r\n                          \"IsGroundPosition\": false,\r\n                          \"IsIndoors\": true,\r\n                          \"ContinentId\": 1116\r\n                        },\r\n                        \"Name\": \"Twisted Bilecaster\",\r\n                        \"EntryId\": 85894\r\n                      },\r\n                      {\r\n                        \"Hotspot\": {\r\n                          \"Position\": \"312.3148 675.4341 56.86937\",\r\n                          \"GroundPosition\": \"0 0 0\",\r\n                          \"IsGroundPosition\": false,\r\n                          \"ContinentId\": 1116\r\n                        },\r\n                        \"Name\": \"Irradiated Jawbreaker\",\r\n                        \"EntryId\": 86044\r\n                      }\r\n                    ],\r\n                    \"HotspotsX\": [\r\n                      {\r\n                        \"Position\": \"407.8091 750.387 59.0066\",\r\n                        \"GroundPosition\": \"0 0 0\",\r\n                        \"IsGroundPosition\": false,\r\n                        \"ContinentId\": 1116\r\n                      },\r\n                      {\r\n                        \"Position\": \"318.7813 585.6693 28.26235\",\r\n                        \"GroundPosition\": \"0 0 0\",\r\n                        \"IsGroundPosition\": false,\r\n                        \"IsIndoors\": true,\r\n                        \"ContinentId\": 1116\r\n                      },\r\n                      {\r\n                        \"Position\": \"298.3354 748.6878 35.43972\",\r\n                        \"GroundPosition\": \"0 0 0\",\r\n                        \"IsGroundPosition\": false,\r\n                        \"ContinentId\": 1116\r\n                      }\r\n                    ],\r\n                    \"Blackspots\": [],\r\n                    \"ForceLoot\": false,\r\n                    \"ForcePullMobs\": false,\r\n                    \"GameObjectiveIndex\": 1,\r\n                    \"RunTime\": 5.0\r\n                  },\r\n                  \"TimeLimit\": 0\r\n                }\r\n              ],\r\n              \"IsSpecialElement\": true,\r\n              \"SpecialElementName\": \"Do\",\r\n              \"GroupName\": \"\"\r\n            },\r\n            \"Conditions\": [\r\n              {\r\n                \"Condition\": {\r\n                  \"$type\": \"CSharpCondition\",\r\n                  \"CSharpCode\": \"HasQuest(36590) && !IsQuestObjectiveComplete(36590,1)\"\r\n                },\r\n                \"IsNot\": false\r\n              },\r\n              {\r\n                \"Condition\": null,\r\n                \"IsNot\": false\r\n              },\r\n              {\r\n                \"Condition\": null,\r\n                \"IsNot\": false\r\n              },\r\n              {\r\n                \"Condition\": null,\r\n                \"IsNot\": false\r\n              }\r\n            ],\r\n            \"IsNot\": false\r\n          }\r\n        ],\r\n        \"IsSpecialElement\": true,\r\n        \"SpecialElementName\": \"Do\",\r\n        \"GroupName\": \"\"\r\n      },\r\n      \"Conditions\": [\r\n        {\r\n          \"Condition\": {\r\n            \"$type\": \"CSharpCondition\",\r\n            \"CSharpCode\": \"!IsQuestCompleted(36590)\"\r\n          },\r\n          \"IsNot\": false\r\n        },\r\n        {\r\n          \"Condition\": null,\r\n          \"IsNot\": false\r\n        },\r\n        {\r\n          \"Condition\": null,\r\n          \"IsNot\": false\r\n        },\r\n        {\r\n          \"Condition\": null,\r\n          \"IsNot\": false\r\n        }\r\n      ],\r\n      \"IsNot\": false\r\n    }\r\n  ],\r\n  \"GroupName\": \"\"\r\n}",
  "ActionOrder": 1,
  "Actions": []
}