{
  "QuestID": 36792,
  "Version": 26,
  "FactionGroup": 1,
  "CreatedOn": "2015-06-10T20:21:50.3416018Z",
  "UpdatedOn": "2015-12-16T00:18:11.6318569Z",
  "Comment": "",
  "CreatedBy": null,
  "AllowUpdates": false,
  "RecommendedLevel": 97,
  "Frequency": 1,
  "IsTask": true,
  "QuestStart": {
    "ObjectName": "AreaTrigger",
    "EntryId": 0,
    "AdditionalEntryIds": null,
    "ContinentId": 1116,
    "ZoneId": 6722,
    "Position": "32.71638 2823.471 44.3861",
    "TurnInType": 2,
    "MyFaction": 1
  },
  "UseScript": true,
  "ScriptText": "{\r\n  \"Children\": [\r\n    {\r\n      \"$type\": \"While\",\r\n      \"LoopActions\": {\r\n        \"Children\": [\r\n          {\r\n            \"$type\": \"While\",\r\n            \"LoopActions\": {\r\n              \"Children\": [\r\n                {\r\n                  \"$type\": \"KillMobsTemplateScriptAction\",\r\n                  \"Template\": {\r\n                    \"$type\": \"KillMobsTemplate\",\r\n                    \"TargetObjects\": [\r\n                      {\r\n                        \"Hotspot\": {\r\n                          \"Position\": \"185.8316 2816.909 15.2854\",\r\n                          \"GroundPosition\": \"0 0 0\",\r\n                          \"IsGroundPosition\": false,\r\n                          \"IsIndoors\": true,\r\n                          \"ContinentId\": 1116\r\n                        },\r\n                        \"Name\": \"Brood Mother Xylax\",\r\n                        \"EntryId\": 86455\r\n                      }\r\n                    ],\r\n                    \"HotspotsX\": [\r\n                      {\r\n                        \"Position\": \"157.8245 2835.617 16.76978\",\r\n                        \"GroundPosition\": \"0 0 0\",\r\n                        \"IsGroundPosition\": false,\r\n                        \"IsIndoors\": true,\r\n                        \"ContinentId\": 1116\r\n                      }\r\n                    ],\r\n                    \"Blackspots\": [],\r\n                    \"ForceLoot\": false,\r\n                    \"ForcePullMobs\": false,\r\n                    \"GameObjectiveIndex\": 1,\r\n                    \"RunTime\": 5.0\r\n                  },\r\n                  \"TimeLimit\": 5\r\n                }\r\n              ],\r\n              \"IsSpecialElement\": true,\r\n              \"SpecialElementName\": \"Do\",\r\n              \"GroupName\": \"\"\r\n            },\r\n            \"Conditions\": [\r\n              {\r\n                \"Condition\": {\r\n                  \"$type\": \"CSharpCondition\",\r\n                  \"CSharpCode\": \"HasQuest(36792) && !IsQuestObjectiveComplete(36792,4)\"\r\n                },\r\n                \"IsNot\": false\r\n              },\r\n              {\r\n                \"Condition\": null,\r\n                \"IsNot\": false\r\n              },\r\n              {\r\n                \"Condition\": null,\r\n                \"IsNot\": false\r\n              },\r\n              {\r\n                \"Condition\": null,\r\n                \"IsNot\": false\r\n              }\r\n            ],\r\n            \"IsNot\": false\r\n          },\r\n          {\r\n            \"$type\": \"While\",\r\n            \"LoopActions\": {\r\n              \"Children\": [\r\n                {\r\n                  \"$type\": \"CollectObjectsTemplateScriptAction\",\r\n                  \"Template\": {\r\n                    \"$type\": \"CollectObjectsTemplate\",\r\n                    \"TargetObjects\": [\r\n                      {\r\n                        \"Hotspot\": {\r\n                          \"Position\": \"123.2135 2764.259 64.49581\",\r\n                          \"GroundPosition\": \"0 0 0\",\r\n                          \"IsGroundPosition\": false,\r\n                          \"ContinentId\": 1116\r\n                        },\r\n                        \"Name\": \"Iron Grenade\",\r\n                        \"EntryId\": 86524\r\n                      }\r\n                    ],\r\n                    \"HotspotsX\": [\r\n                      {\r\n                        \"Position\": \"131.9928 2788.238 63.56449\",\r\n                        \"GroundPosition\": \"0 0 0\",\r\n                        \"IsGroundPosition\": false,\r\n                        \"ContinentId\": 1116\r\n                      },\r\n                      {\r\n                        \"Position\": \"224.0459 2796.448 81.56994\",\r\n                        \"GroundPosition\": \"0 0 0\",\r\n                        \"IsGroundPosition\": false,\r\n                        \"ContinentId\": 1116\r\n                      },\r\n                      {\r\n                        \"Position\": \"224.7462 2839.528 80.58295\",\r\n                        \"GroundPosition\": \"0 0 0\",\r\n                        \"IsGroundPosition\": false,\r\n                        \"ContinentId\": 1116\r\n                      },\r\n                      {\r\n                        \"Position\": \"242.8462 2954.615 83.27338\",\r\n                        \"GroundPosition\": \"0 0 0\",\r\n                        \"IsGroundPosition\": false,\r\n                        \"ContinentId\": 1116\r\n                      }\r\n                    ],\r\n                    \"Blackspots\": [\r\n                      \"288 2998 99 40.5\"\r\n                    ],\r\n                    \"IsLoot\": false,\r\n                    \"OpeningCast\": false,\r\n                    \"NoMovement\": false,\r\n                    \"GameObjectiveIndex\": 1,\r\n                    \"RunTime\": 5.0\r\n                  },\r\n                  \"TimeLimit\": 0\r\n                }\r\n              ],\r\n              \"IsSpecialElement\": true,\r\n              \"SpecialElementName\": \"Do\",\r\n              \"GroupName\": \"\"\r\n            },\r\n            \"Conditions\": [\r\n              {\r\n                \"Condition\": {\r\n                  \"$type\": \"CSharpCondition\",\r\n                  \"CSharpCode\": \"HasQuest(36792) && !IsQuestObjectiveComplete(36792,3)\"\r\n                },\r\n                \"IsNot\": false\r\n              },\r\n              {\r\n                \"Condition\": null,\r\n                \"IsNot\": false\r\n              },\r\n              {\r\n                \"Condition\": null,\r\n                \"IsNot\": false\r\n              },\r\n              {\r\n                \"Condition\": null,\r\n                \"IsNot\": false\r\n              }\r\n            ],\r\n            \"IsNot\": false\r\n          },\r\n          {\r\n            \"$type\": \"While\",\r\n            \"LoopActions\": {\r\n              \"Children\": [\r\n                {\r\n                  \"$type\": \"If\",\r\n                  \"ActionsFalse\": {\r\n                    \"Children\": [],\r\n                    \"IsSpecialElement\": true,\r\n                    \"SpecialElementName\": \"Else\",\r\n                    \"GroupName\": \"\"\r\n                  },\r\n                  \"ActionsTrue\": {\r\n                    \"Children\": [\r\n                      {\r\n                        \"$type\": \"MoveTo\",\r\n                        \"Hotspot\": {\r\n                          \"Position\": \"287.7999 2990.075 99.77257\",\r\n                          \"GroundPosition\": \"287.7999 2990.075 100.1035\",\r\n                          \"IsGroundPosition\": false,\r\n                          \"IsIndoors\": true,\r\n                          \"ContinentId\": 1116\r\n                        },\r\n                        \"Method\": \"Navi\"\r\n                      },\r\n                      {\r\n                        \"$type\": \"Wait\",\r\n                        \"Delay\": 2.0,\r\n                        \"DelayMax\": 3.0\r\n                      },\r\n                      {\r\n                        \"$type\": \"MoveTo\",\r\n                        \"Hotspot\": {\r\n                          \"Position\": \"296.9797 3001.935 99.77448\",\r\n                          \"GroundPosition\": \"296.9797 3001.935 99.87154\",\r\n                          \"UseCTM\": true,\r\n                          \"IsGroundPosition\": false,\r\n                          \"IsIndoors\": true,\r\n                          \"ContinentId\": 1116\r\n                        }\r\n                      },\r\n                      {\r\n                        \"$type\": \"Wait\",\r\n                        \"Delay\": 4.0,\r\n                        \"DelayMax\": 5.0\r\n                      },\r\n                      {\r\n                        \"$type\": \"MoveTo\",\r\n                        \"Hotspot\": {\r\n                          \"Position\": \"296.9797 3001.935 99.77448\",\r\n                          \"GroundPosition\": \"0 0 0\",\r\n                          \"UseCTM\": true,\r\n                          \"IsGroundPosition\": false,\r\n                          \"IsIndoors\": true,\r\n                          \"ContinentId\": 1116\r\n                        }\r\n                      },\r\n                      {\r\n                        \"$type\": \"CSharpAction\",\r\n                        \"CSharpCode\": \"DisableCombat = true;\"\r\n                      },\r\n                      {\r\n                        \"$type\": \"MoveTo\",\r\n                        \"Hotspot\": {\r\n                          \"Position\": \"291.9628 3006.593 99.24377\",\r\n                          \"GroundPosition\": \"291.9628 3006.593 99.81509\",\r\n                          \"UseCTM\": true,\r\n                          \"IsGroundPosition\": false,\r\n                          \"IsIndoors\": true,\r\n                          \"ContinentId\": 1116\r\n                        }\r\n                      },\r\n                      {\r\n                        \"$type\": \"MoveTo\",\r\n                        \"Hotspot\": {\r\n                          \"Position\": \"279.3768 2994.823 111.5376\",\r\n                          \"GroundPosition\": \"279.3768 2994.823 111.7947\",\r\n                          \"UseCTM\": true,\r\n                          \"IsGroundPosition\": false,\r\n                          \"IsIndoors\": true,\r\n                          \"ContinentId\": 1116\r\n                        }\r\n                      },\r\n                      {\r\n                        \"$type\": \"CSharpAction\",\r\n                        \"CSharpCode\": \"Vector3 spot1 = new Vector3(289.1f, 2988.9f, 111.5f);\\r\\nwhile(!CTM(spot1)) \\r\\n{\\r\\n\\tyield return 100;\\r\\n}\\r\\n\"\r\n                      },\r\n                      {\r\n                        \"$type\": \"CSharpAction\",\r\n                        \"CSharpCode\": \"Vector3 here = new Vector3(297.3861f, 2997.928f, 119.0f);\\r\\n\\r\\nwhile(Me.Distance2DTo(here) > 2) \\r\\n{\\r\\n\\tCTM(here);\\r\\n\\tyield return 100;\\r\\n}\\r\\n\"\r\n                      },\r\n                      {\r\n                        \"$type\": \"MoveTo\",\r\n                        \"Hotspot\": {\r\n                          \"Position\": \"288.2621 3007.35 129.2082\",\r\n                          \"GroundPosition\": \"288.2621 3007.35 129.2084\",\r\n                          \"UseCTM\": true,\r\n                          \"IsGroundPosition\": false,\r\n                          \"IsIndoors\": true,\r\n                          \"ContinentId\": 1116\r\n                        }\r\n                      },\r\n                      {\r\n                        \"$type\": \"MoveTo\",\r\n                        \"Hotspot\": {\r\n                          \"Position\": \"279.6757 2998.478 135.6414\",\r\n                          \"GroundPosition\": \"0 0 0\",\r\n                          \"UseCTM\": true,\r\n                          \"IsGroundPosition\": false,\r\n                          \"ContinentId\": 1116\r\n                        }\r\n                      },\r\n                      {\r\n                        \"$type\": \"MoveTo\",\r\n                        \"Hotspot\": {\r\n                          \"Position\": \"294.9865 2992.617 135.6289\",\r\n                          \"GroundPosition\": \"0 0 0\",\r\n                          \"UseCTM\": true,\r\n                          \"IsGroundPosition\": false,\r\n                          \"ContinentId\": 1116\r\n                        }\r\n                      },\r\n                      {\r\n                        \"$type\": \"MoveTo\",\r\n                        \"Hotspot\": {\r\n                          \"Position\": \"291.9628 3006.593 136.2438\",\r\n                          \"GroundPosition\": \"291.9628 3006.593 135.7991\",\r\n                          \"UseCTM\": true,\r\n                          \"IsGroundPosition\": false,\r\n                          \"ContinentId\": 1116\r\n                        }\r\n                      },\r\n                      {\r\n                        \"$type\": \"CSharpAction\",\r\n                        \"CSharpCode\": \"DisableCombat = false;\"\r\n                      }\r\n                    ],\r\n                    \"IsSpecialElement\": true,\r\n                    \"SpecialElementName\": \"Then\",\r\n                    \"GroupName\": \"\"\r\n                  },\r\n                  \"Conditions\": [\r\n                    {\r\n                      \"Condition\": {\r\n                        \"$type\": \"CSharpCondition\",\r\n                        \"CSharpCode\": \"Vector3 here = new Vector3(292.0f, 2994.2f, 136.0f);\\r\\n\\r\\nif (Me.Distance2DTo(here) > 6) \\r\\n{\\r\\n\\treturn true;\\r\\n}\\r\\n\\treturn false;\"\r\n                      },\r\n                      \"IsNot\": false\r\n                    },\r\n                    {\r\n                      \"Condition\": null,\r\n                      \"IsNot\": false\r\n                    },\r\n                    {\r\n                      \"Condition\": null,\r\n                      \"IsNot\": false\r\n                    },\r\n                    {\r\n                      \"Condition\": null,\r\n                      \"IsNot\": false\r\n                    }\r\n                  ],\r\n                  \"IsNot\": false\r\n                },\r\n                {\r\n                  \"$type\": \"KillMobsTemplateScriptAction\",\r\n                  \"Template\": {\r\n                    \"$type\": \"KillMobsTemplate\",\r\n                    \"TargetObjects\": [\r\n                      {\r\n                        \"Hotspot\": {\r\n                          \"Position\": \"298.8264 2989.751 135.6285\",\r\n                          \"GroundPosition\": \"0 0 0\",\r\n                          \"IsGroundPosition\": false,\r\n                          \"ContinentId\": 1116\r\n                        },\r\n                        \"Name\": \"Val'dune Fleshcrafter\",\r\n                        \"EntryId\": 86482\r\n                      }\r\n                    ],\r\n                    \"HotspotsX\": [\r\n                      {\r\n                        \"Position\": \"297.3735 2990.44 137.2141\",\r\n                        \"GroundPosition\": \"297.3735 2990.44 135.7768\",\r\n                        \"UseCTM\": true,\r\n                        \"IsGroundPosition\": false,\r\n                        \"ContinentId\": 1116\r\n                      }\r\n                    ],\r\n                    \"Blackspots\": [],\r\n                    \"ForceLoot\": false,\r\n                    \"ForcePullMobs\": false,\r\n                    \"GameObjectiveIndex\": 1,\r\n                    \"RunTime\": 5.0\r\n                  },\r\n                  \"TimeLimit\": 0\r\n                },\r\n                {\r\n                  \"$type\": \"CSharpAction\",\r\n                  \"CSharpCode\": \"DisableCombat = true;\"\r\n                },\r\n                {\r\n                  \"$type\": \"MoveTo\",\r\n                  \"Hotspot\": {\r\n                    \"Position\": \"294.9865 2992.617 135.6289\",\r\n                    \"GroundPosition\": \"0 0 0\",\r\n                    \"UseCTM\": true,\r\n                    \"IsGroundPosition\": false,\r\n                    \"ContinentId\": 1116\r\n                  }\r\n                },\r\n                {\r\n                  \"$type\": \"MoveTo\",\r\n                  \"Hotspot\": {\r\n                    \"Position\": \"279.6757 2998.478 135.6414\",\r\n                    \"GroundPosition\": \"0 0 0\",\r\n                    \"UseCTM\": true,\r\n                    \"IsGroundPosition\": false,\r\n                    \"ContinentId\": 1116\r\n                  }\r\n                },\r\n                {\r\n                  \"$type\": \"MoveTo\",\r\n                  \"Hotspot\": {\r\n                    \"Position\": \"288.2621 3007.35 129.2082\",\r\n                    \"GroundPosition\": \"0 0 0\",\r\n                    \"UseCTM\": true,\r\n                    \"IsGroundPosition\": false,\r\n                    \"IsIndoors\": true,\r\n                    \"ContinentId\": 1116\r\n                  }\r\n                },\r\n                {\r\n                  \"$type\": \"CSharpAction\",\r\n                  \"CSharpCode\": \"Vector3 spot1 = new Vector3(289.1f, 2988.9f, 111.5f);\\r\\nwhile(!CTM(spot1)) \\r\\n{\\r\\n\\tyield return 100;\\r\\n}\\r\\n\"\r\n                },\r\n                {\r\n                  \"$type\": \"CSharpAction\",\r\n                  \"CSharpCode\": \"Vector3 here = new Vector3(297.3861f, 2997.928f, 119.0f);\\r\\n\\r\\nwhile(Me.Distance2DTo(here) > 2) \\r\\n{\\r\\n\\tCTM(here);\\r\\n\\tyield return 100;\\r\\n}\\r\\n\"\r\n                },\r\n                {\r\n                  \"$type\": \"MoveTo\",\r\n                  \"Hotspot\": {\r\n                    \"Position\": \"279.3768 2994.823 111.5376\",\r\n                    \"GroundPosition\": \"0 0 0\",\r\n                    \"UseCTM\": true,\r\n                    \"IsGroundPosition\": false,\r\n                    \"IsIndoors\": true,\r\n                    \"ContinentId\": 1116\r\n                  }\r\n                },\r\n                {\r\n                  \"$type\": \"MoveTo\",\r\n                  \"Hotspot\": {\r\n                    \"Position\": \"291.9628 3006.593 99.24377\",\r\n                    \"GroundPosition\": \"0 0 0\",\r\n                    \"UseCTM\": true,\r\n                    \"IsGroundPosition\": false,\r\n                    \"IsIndoors\": true,\r\n                    \"ContinentId\": 1116\r\n                  }\r\n                },\r\n                {\r\n                  \"$type\": \"MoveTo\",\r\n                  \"Hotspot\": {\r\n                    \"Position\": \"296.9797 3001.935 99.77448\",\r\n                    \"GroundPosition\": \"0 0 0\",\r\n                    \"UseCTM\": true,\r\n                    \"IsGroundPosition\": false,\r\n                    \"IsIndoors\": true,\r\n                    \"ContinentId\": 1116\r\n                  }\r\n                },\r\n                {\r\n                  \"$type\": \"MoveTo\",\r\n                  \"Hotspot\": {\r\n                    \"Position\": \"287.7999 2990.075 99.77257\",\r\n                    \"GroundPosition\": \"0 0 0\",\r\n                    \"UseCTM\": true,\r\n                    \"IsGroundPosition\": false,\r\n                    \"IsIndoors\": true,\r\n                    \"ContinentId\": 1116\r\n                  }\r\n                },\r\n                {\r\n                  \"$type\": \"CSharpAction\",\r\n                  \"CSharpCode\": \"DisableCombat = false;\"\r\n                },\r\n                {\r\n                  \"$type\": \"MoveTo\",\r\n                  \"Hotspot\": {\r\n                    \"Position\": \"267.1845 2964.189 89.1479\",\r\n                    \"GroundPosition\": \"0 0 0\",\r\n                    \"IsGroundPosition\": false,\r\n                    \"ContinentId\": 1116\r\n                  },\r\n                  \"Method\": \"Navi\"\r\n                }\r\n              ],\r\n              \"IsSpecialElement\": true,\r\n              \"SpecialElementName\": \"Do\",\r\n              \"GroupName\": \"\"\r\n            },\r\n            \"Conditions\": [\r\n              {\r\n                \"Condition\": {\r\n                  \"$type\": \"CSharpCondition\",\r\n                  \"CSharpCode\": \"HasQuest(36792) && !IsQuestObjectiveComplete(36792,6)\"\r\n                },\r\n                \"IsNot\": false\r\n              },\r\n              {\r\n                \"Condition\": null,\r\n                \"IsNot\": false\r\n              },\r\n              {\r\n                \"Condition\": null,\r\n                \"IsNot\": false\r\n              },\r\n              {\r\n                \"Condition\": null,\r\n                \"IsNot\": false\r\n              }\r\n            ],\r\n            \"IsNot\": false\r\n          },\r\n          {\r\n            \"$type\": \"While\",\r\n            \"LoopActions\": {\r\n              \"Children\": [\r\n                {\r\n                  \"$type\": \"KillMobsTemplateScriptAction\",\r\n                  \"Template\": {\r\n                    \"$type\": \"KillMobsTemplate\",\r\n                    \"TargetObjects\": [\r\n                      {\r\n                        \"Hotspot\": {\r\n                          \"Position\": \"267.5732 2847.196 78.09657\",\r\n                          \"GroundPosition\": \"0 0 0\",\r\n                          \"IsGroundPosition\": false,\r\n                          \"ContinentId\": 1116\r\n                        },\r\n                        \"Name\": \"Bagdoth Goredrinker\",\r\n                        \"EntryId\": 86461\r\n                      }\r\n                    ],\r\n                    \"HotspotsX\": [\r\n                      {\r\n                        \"Position\": \"259.8779 2872.259 78.10099\",\r\n                        \"GroundPosition\": \"0 0 0\",\r\n                        \"IsGroundPosition\": false,\r\n                        \"ContinentId\": 1116\r\n                      }\r\n                    ],\r\n                    \"Blackspots\": [],\r\n                    \"ForceLoot\": false,\r\n                    \"ForcePullMobs\": false,\r\n                    \"GameObjectiveIndex\": 1,\r\n                    \"RunTime\": 5.0\r\n                  },\r\n                  \"TimeLimit\": 5\r\n                }\r\n              ],\r\n              \"IsSpecialElement\": true,\r\n              \"SpecialElementName\": \"Do\",\r\n              \"GroupName\": \"\"\r\n            },\r\n            \"Conditions\": [\r\n              {\r\n                \"Condition\": {\r\n                  \"$type\": \"CSharpCondition\",\r\n                  \"CSharpCode\": \"HasQuest(36792) && !IsQuestObjectiveComplete(36792,5)\"\r\n                },\r\n                \"IsNot\": false\r\n              },\r\n              {\r\n                \"Condition\": null,\r\n                \"IsNot\": false\r\n              },\r\n              {\r\n                \"Condition\": null,\r\n                \"IsNot\": false\r\n              },\r\n              {\r\n                \"Condition\": null,\r\n                \"IsNot\": false\r\n              }\r\n            ],\r\n            \"IsNot\": false\r\n          },\r\n          {\r\n            \"$type\": \"While\",\r\n            \"LoopActions\": {\r\n              \"Children\": [\r\n                {\r\n                  \"$type\": \"KillMobsTemplateScriptAction\",\r\n                  \"Template\": {\r\n                    \"$type\": \"KillMobsTemplate\",\r\n                    \"TargetObjects\": [\r\n                      {\r\n                        \"Hotspot\": {\r\n                          \"Position\": \"268.4375 2858.297 78.09653\",\r\n                          \"GroundPosition\": \"0 0 0\",\r\n                          \"IsGroundPosition\": false,\r\n                          \"ContinentId\": 1116\r\n                        },\r\n                        \"Name\": \"Shattered Hand Brawler\",\r\n                        \"EntryId\": 86285\r\n                      },\r\n                      {\r\n                        \"Hotspot\": {\r\n                          \"Position\": \"207.3576 2832.624 80.86111\",\r\n                          \"GroundPosition\": \"0 0 0\",\r\n                          \"IsGroundPosition\": false,\r\n                          \"ContinentId\": 1116\r\n                        },\r\n                        \"Name\": \"Shattered Hand Cutter\",\r\n                        \"EntryId\": 86296\r\n                      },\r\n                      {\r\n                        \"Hotspot\": {\r\n                          \"Position\": \"226.221 2842.873 80.55993\",\r\n                          \"GroundPosition\": \"0 0 0\",\r\n                          \"IsGroundPosition\": false,\r\n                          \"ContinentId\": 1116\r\n                        },\r\n                        \"Name\": \"Bladefist Ravager\",\r\n                        \"EntryId\": 86286\r\n                      },\r\n                      {\r\n                        \"Hotspot\": {\r\n                          \"Position\": \"247.7847 2793.406 81.66798\",\r\n                          \"GroundPosition\": \"0 0 0\",\r\n                          \"IsGroundPosition\": false,\r\n                          \"ContinentId\": 1116\r\n                        },\r\n                        \"Name\": \"Shattered Hand Dominator\",\r\n                        \"EntryId\": 86416\r\n                      },\r\n                      {\r\n                        \"Hotspot\": {\r\n                          \"Position\": \"213.1108 2950.685 83.16718\",\r\n                          \"GroundPosition\": \"0 0 0\",\r\n                          \"IsGroundPosition\": false,\r\n                          \"ContinentId\": 1116\r\n                        },\r\n                        \"Name\": \"Shattered Hand Blood-Twister\",\r\n                        \"EntryId\": 86295\r\n                      }\r\n                    ],\r\n                    \"HotspotsX\": [\r\n                      {\r\n                        \"Position\": \"218.6034 2834.049 80.51651\",\r\n                        \"GroundPosition\": \"0 0 0\",\r\n                        \"IsGroundPosition\": false,\r\n                        \"ContinentId\": 1116\r\n                      },\r\n                      {\r\n                        \"Position\": \"225.4391 2957.12 83.16686\",\r\n                        \"GroundPosition\": \"0 0 0\",\r\n                        \"IsGroundPosition\": false,\r\n                        \"ContinentId\": 1116\r\n                      },\r\n                      {\r\n                        \"Position\": \"339.2691 2842.913 95.03667\",\r\n                        \"GroundPosition\": \"0 0 0\",\r\n                        \"IsGroundPosition\": false,\r\n                        \"ContinentId\": 1116\r\n                      }\r\n                    ],\r\n                    \"Blackspots\": [\r\n                      \"273 2836 78 30\",\r\n                      \"364 2896 109 100\"\r\n                    ],\r\n                    \"ForceLoot\": false,\r\n                    \"ForcePullMobs\": false,\r\n                    \"GameObjectiveIndex\": 1,\r\n                    \"RunTime\": 5.0\r\n                  },\r\n                  \"TimeLimit\": 5\r\n                }\r\n              ],\r\n              \"IsSpecialElement\": true,\r\n              \"SpecialElementName\": \"Do\",\r\n              \"GroupName\": \"\"\r\n            },\r\n            \"Conditions\": [\r\n              {\r\n                \"Condition\": {\r\n                  \"$type\": \"CSharpCondition\",\r\n                  \"CSharpCode\": \"HasQuest(36792) && !IsQuestObjectiveComplete(36792,1)\"\r\n                },\r\n                \"IsNot\": false\r\n              },\r\n              {\r\n                \"Condition\": null,\r\n                \"IsNot\": false\r\n              },\r\n              {\r\n                \"Condition\": null,\r\n                \"IsNot\": false\r\n              },\r\n              {\r\n                \"Condition\": null,\r\n                \"IsNot\": false\r\n              }\r\n            ],\r\n            \"IsNot\": false\r\n          },\r\n          {\r\n            \"$type\": \"While\",\r\n            \"LoopActions\": {\r\n              \"Children\": [\r\n                {\r\n                  \"$type\": \"KillMobsTemplateScriptAction\",\r\n                  \"Template\": {\r\n                    \"$type\": \"KillMobsTemplate\",\r\n                    \"TargetObjects\": [\r\n                      {\r\n                        \"Hotspot\": {\r\n                          \"Position\": \"11.98623 2836.283 47.83837\",\r\n                          \"GroundPosition\": \"0 0 0\",\r\n                          \"IsGroundPosition\": false,\r\n                          \"ContinentId\": 1116\r\n                        },\r\n                        \"Name\": \"Bladefist Skitterer\",\r\n                        \"EntryId\": 86294\r\n                      }\r\n                    ],\r\n                    \"HotspotsX\": [\r\n                      {\r\n                        \"Position\": \"102.8273 2900.951 44.2635\",\r\n                        \"GroundPosition\": \"0 0 0\",\r\n                        \"IsGroundPosition\": false,\r\n                        \"ContinentId\": 1116\r\n                      },\r\n                      {\r\n                        \"Position\": \"31.29528 2822.976 44.3334\",\r\n                        \"GroundPosition\": \"0 0 0\",\r\n                        \"IsGroundPosition\": false,\r\n                        \"ContinentId\": 1116\r\n                      }\r\n                    ],\r\n                    \"Blackspots\": [],\r\n                    \"ForceLoot\": false,\r\n                    \"ForcePullMobs\": false,\r\n                    \"GameObjectiveIndex\": 1,\r\n                    \"RunTime\": 5.0\r\n                  },\r\n                  \"TimeLimit\": 5\r\n                }\r\n              ],\r\n              \"IsSpecialElement\": true,\r\n              \"SpecialElementName\": \"Do\",\r\n              \"GroupName\": \"\"\r\n            },\r\n            \"Conditions\": [\r\n              {\r\n                \"Condition\": {\r\n                  \"$type\": \"CSharpCondition\",\r\n                  \"CSharpCode\": \"HasQuest(36792) && !IsQuestObjectiveComplete(36792,2)\"\r\n                },\r\n                \"IsNot\": false\r\n              },\r\n              {\r\n                \"Condition\": null,\r\n                \"IsNot\": false\r\n              },\r\n              {\r\n                \"Condition\": null,\r\n                \"IsNot\": false\r\n              },\r\n              {\r\n                \"Condition\": null,\r\n                \"IsNot\": false\r\n              }\r\n            ],\r\n            \"IsNot\": false\r\n          }\r\n        ],\r\n        \"IsSpecialElement\": true,\r\n        \"SpecialElementName\": \"Do\",\r\n        \"GroupName\": \"\"\r\n      },\r\n      \"Conditions\": [\r\n        {\r\n          \"Condition\": {\r\n            \"$type\": \"CSharpCondition\",\r\n            \"CSharpCode\": \"HasQuest(36792) && !IsQuestCompleted(36792)\"\r\n          },\r\n          \"IsNot\": false\r\n        },\r\n        {\r\n          \"Condition\": null,\r\n          \"IsNot\": false\r\n        },\r\n        {\r\n          \"Condition\": null,\r\n          \"IsNot\": false\r\n        },\r\n        {\r\n          \"Condition\": null,\r\n          \"IsNot\": false\r\n        }\r\n      ],\r\n      \"IsNot\": false\r\n    }\r\n  ],\r\n  \"GroupName\": \"\"\r\n}",
  "ActionOrder": 1,
  "Actions": []
}