{
  "QuestID": 36790,
  "Version": 5,
  "FactionGroup": 1,
  "CreatedOn": "2014-11-28T16:49:34.2809481Z",
  "UpdatedOn": "2015-08-07T21:52:10.6722183Z",
  "Comment": "",
  "CreatedBy": null,
  "AllowUpdates": false,
  "RecommendedLevel": 96,
  "Frequency": 1,
  "QuestStart": {
    "ObjectName": "Mortally Wounded Initiate",
    "EntryId": 86381,
    "AdditionalEntryIds": null,
    "ContinentId": 1116,
    "ZoneId": 6722,
    "Position": "-876.9202 1593.054 56.9739",
    "TurnInType": 0,
    "IsIndoors": true,
    "MyFaction": 0
  },
  "QuestEnd": {
    "ObjectName": "Vakora of the Flock",
    "EntryId": 80746,
    "AdditionalEntryIds": null,
    "ContinentId": 1116,
    "ZoneId": 6722,
    "Position": "-612.5868 1524.309 36.532",
    "TurnInType": 0,
    "MyFaction": 1
  },
  "ActionOrder": 1,
  "Actions": [
    {
      "$type": "KillMobsTemplate",
      "TargetObjects": [
        {
          "Hotspot": {
            "Position": "-887.0226 1610.899 57.51217",
            "GroundPosition": "0 0 0",
            "IsGroundPosition": false,
            "ContinentId": 1116
          },
          "Name": "Bloodmane Raider",
          "EntryId": 80447
        },
        {
          "Hotspot": {
            "Position": "-913.0452 1597.566 60.98779",
            "GroundPosition": "0 0 0",
            "IsGroundPosition": false,
            "ContinentId": 1116
          },
          "Name": "Bloodmane Gutripper",
          "EntryId": 80450
        },
        {
          "Hotspot": {
            "Position": "-893.1979 1609.658 59.84919",
            "GroundPosition": "0 0 0",
            "IsGroundPosition": false,
            "ContinentId": 1116
          },
          "Name": "Bloodmane Earthbinder",
          "EntryId": 80448
        }
      ],
      "HotspotsX": [
        {
          "Position": "-876.5229 1611.491 55.7522",
          "GroundPosition": "0 0 0",
          "IsGroundPosition": false,
          "ContinentId": 1116
        },
        {
          "Position": "-957.4203 1702.057 60.10846",
          "GroundPosition": "0 0 0",
          "IsGroundPosition": false,
          "ContinentId": 1116
        },
        {
          "Position": "-1098.514 1671.919 58.25221",
          "GroundPosition": "0 0 0",
          "IsGroundPosition": false,
          "ContinentId": 1116
        }
      ],
      "Blackspots": [
        "-1032 1649 67 29.4"
      ],
      "ForceLoot": false,
      "ForcePullMobs": false,
      "GameObjectiveIndex": 1,
      "RunTime": 5.0
    }
  ]
}