{
  "QuestID": 36951,
  "Version": 8,
  "FactionGroup": 2,
  "CreatedOn": "2015-03-13T17:14:26.1040843Z",
  "UpdatedOn": "2016-01-07T08:33:05.6218498Z",
  "Comment": "",
  "CreatedBy": null,
  "AllowUpdates": false,
  "RecommendedLevel": 96,
  "Frequency": 1,
  "IsStory": true,
  "QuestStart": {
    "ObjectName": "Bulletin Board",
    "EntryId": 232397,
    "AdditionalEntryIds": null,
    "ContinentId": 1116,
    "ZoneId": 7004,
    "Position": "1889.443 252.7309 76.62231",
    "TurnInType": 1,
    "IsIndoors": true,
    "ScriptJson": "{\r\n  \"Children\": [\r\n    {\r\n      \"$type\": \"ActionSequence\",\r\n      \"Children\": [\r\n        {\r\n          \"$type\": \"ExecuteLua\",\r\n          \"LuaCode\": \"EJMicroButton:Click()\"\r\n        },\r\n        {\r\n          \"$type\": \"Wait\",\r\n          \"Delay\": 1.0,\r\n          \"DelayMax\": 0.0\r\n        },\r\n        {\r\n          \"$type\": \"ExecuteLua\",\r\n          \"LuaCode\": \"EncounterJournalSuggestFrame.Suggestion1.button:Click()\"\r\n        },\r\n        {\r\n          \"$type\": \"Wait\",\r\n          \"Delay\": 1.0,\r\n          \"DelayMax\": 0.0\r\n        },\r\n        {\r\n          \"$type\": \"ExecuteLua\",\r\n          \"LuaCode\": \"QuestFrameAcceptButton:Click()\"\r\n        }\r\n      ],\r\n      \"GroupName\": \"Quest Pickup\"\r\n    }\r\n  ],\r\n  \"GroupName\": \"\"\r\n}",
    "MyFaction": 1
  },
  "QuestEnd": {
    "ObjectName": "Azik",
    "EntryId": 79539,
    "AdditionalEntryIds": null,
    "ContinentId": 1116,
    "ZoneId": 6722,
    "Position": "655.0746 2384.804 203.7572",
    "TurnInType": 0,
    "MyFaction": 2
  },
  "UseScript": true,
  "ScriptText": "{\r\n  \"Children\": [\r\n    {\r\n      \"$type\": \"LoadCSharpScript\",\r\n      \"FileName\": \"QH.cs\"\r\n    },\r\n    {\r\n      \"$type\": \"CSharpAction\",\r\n      \"CSharpCode\": \"// Initializing Instance and Injecting Custom API into Rebot\\r\\nQH.API = this;\"\r\n    },\r\n    {\r\n      \"$type\": \"If\",\r\n      \"ActionsFalse\": {\r\n        \"Children\": [],\r\n        \"IsSpecialElement\": true,\r\n        \"SpecialElementName\": \"Else\",\r\n        \"GroupName\": \"\"\r\n      },\r\n      \"ActionsTrue\": {\r\n        \"Children\": [\r\n          {\r\n            \"$type\": \"CSharpAction\",\r\n            \"CSharpCode\": \"QH.Fib = new Fiber<int>(QH.HearthToGarrison());\\r\\nwhile(QH.Fib.Run()){\\r\\n\\tyield return 100;\\r\\n}\\r\\n\"\r\n          },\r\n          {\r\n            \"$type\": \"Interact\",\r\n            \"Target\": {\r\n              \"Name\": \"Bron Skyhorn\",\r\n              \"EntryId\": 79407\r\n            },\r\n            \"NumOfTimes\": 0\r\n          },\r\n          {\r\n            \"$type\": \"Wait\",\r\n            \"Delay\": 2.0,\r\n            \"DelayMax\": 3.0\r\n          },\r\n          {\r\n            \"$type\": \"Comment\",\r\n            \"Text\": \"Taking Escorted Flight to Spires of Arak!\",\r\n            \"Color\": \"64, 128, 128\"\r\n          },\r\n          {\r\n            \"$type\": \"CSharpAction\",\r\n            \"CSharpCode\": \"QH.DoGossipOnMatch(\\\"Please fly me to Spires of Arak.\\\");\"\r\n          },\r\n          {\r\n            \"$type\": \"Wait\",\r\n            \"Delay\": 1.0,\r\n            \"DelayMax\": 0.0\r\n          }\r\n        ],\r\n        \"IsSpecialElement\": true,\r\n        \"SpecialElementName\": \"Then\",\r\n        \"GroupName\": \"\"\r\n      },\r\n      \"Condition\": {\r\n        \"$type\": \"CSharpCondition\",\r\n        \"CSharpCode\": \"Me.ZoneId != 6722;\"\r\n      },\r\n      \"IsNot\": false\r\n    }\r\n  ],\r\n  \"GroupName\": \"\"\r\n}",
  "ActionOrder": 1,
  "Actions": []
}