{
  "QuestID": 37296,
  "Version": 8,
  "FactionGroup": 1,
  "CreatedOn": "2014-11-30T14:37:48.7818317Z",
  "UpdatedOn": "2015-12-14T23:02:24.8550513Z",
  "Comment": "",
  "CreatedBy": null,
  "AllowUpdates": false,
  "RecommendedLevel": 96,
  "Frequency": 1,
  "QuestStart": {
    "ObjectName": "Dusk-Seer Irizzar",
    "EntryId": 83463,
    "AdditionalEntryIds": null,
    "ContinentId": 1116,
    "ZoneId": 6722,
    "Position": "-592.6059 2020.816 15.62257",
    "TurnInType": 0,
    "IsIndoors": true,
    "MyFaction": 0
  },
  "ActionOrder": 1,
  "Actions": [
    {
      "$type": "MoveToTemplate",
      "Hotspots": [
        {
          "Position": "-572.3229 1972.485 20.67565",
          "GroundPosition": "0 0 0",
          "IsGroundPosition": false,
          "ContinentId": 1116
        },
        {
          "Position": "-590.4611 1966.572 26.15151",
          "GroundPosition": "0 0 0",
          "IsGroundPosition": false,
          "ContinentId": 1116
        }
      ],
      "PreventMounting": false,
      "GameObjectiveIndex": 0,
      "RunTime": 5.0
    },
    {
      "$type": "KillMobsTemplate",
      "TargetObjects": [
        {
          "Hotspot": {
            "Position": "-645.9268 2088.095 35.76211",
            "GroundPosition": "0 0 0",
            "IsGroundPosition": false,
            "ContinentId": 1116
          },
          "Name": "Widow Wasp",
          "EntryId": 84866
        },
        {
          "Hotspot": {
            "Position": "-532.6022 2026.471 40.37931",
            "GroundPosition": "0 0 0",
            "IsGroundPosition": false,
            "ContinentId": 1116
          },
          "Name": "Widow Wasp",
          "EntryId": 84865
        }
      ],
      "HotspotsX": [
        {
          "Position": "-583.5319 2026.629 15.61539",
          "GroundPosition": "0 0 0",
          "IsGroundPosition": false,
          "ContinentId": 1116
        }
      ],
      "Blackspots": [],
      "ForceLoot": false,
      "ForcePullMobs": true,
      "GameObjectiveIndex": 1,
      "RunTime": 5.0
    }
  ]
}