{
  "QuestID": 35154,
  "Version": 8,
  "FactionGroup": 1,
  "CreatedOn": "2015-01-28T18:26:02.2727388Z",
  "UpdatedOn": "2015-08-06T21:24:19.2092605Z",
  "Comment": "",
  "CreatedBy": null,
  "RecommendedLevel": 98,
  "Frequency": 1,
  "QuestStart": {
    "ObjectName": "Gorsol",
    "EntryId": 81688,
    "AdditionalEntryIds": null,
    "ContinentId": 1330,
    "ZoneId": 7004,
    "Position": "5467.965 4449.892 144.6725",
    "TurnInType": 0,
    "IsIndoors": true,
    "MyFaction": 0
  },
  "UseScript": true,
  "ScriptText": "{\r\n  \"Children\": [\r\n    {\r\n      \"$type\": \"ExecuteLua\",\r\n      \"LuaCode\": \"zone = GetMinimapZoneText();\"\r\n    },\r\n    {\r\n      \"$type\": \"Wait\",\r\n      \"Delay\": 1.0,\r\n      \"DelayMax\": 0.0\r\n    },\r\n    {\r\n      \"$type\": \"If\",\r\n      \"ActionsFalse\": {\r\n        \"Children\": [],\r\n        \"IsSpecialElement\": true,\r\n        \"SpecialElementName\": \"Else\",\r\n        \"GroupName\": \"\"\r\n      },\r\n      \"ActionsTrue\": {\r\n        \"Children\": [\r\n          {\r\n            \"$type\": \"If\",\r\n            \"ActionsFalse\": {\r\n              \"Children\": [\r\n                {\r\n                  \"$type\": \"Comment\",\r\n                  \"Text\": \"WARNING! Pathing Issues! Normally would hearth and restart...\",\r\n                  \"Color\": \"Red\"\r\n                },\r\n                {\r\n                  \"$type\": \"Comment\",\r\n                  \"Text\": \"Hearthstone on Cooldown so please manually move player to outside mine, then restart.\",\r\n                  \"Color\": \"Red\"\r\n                },\r\n                {\r\n                  \"$type\": \"EndScript\"\r\n                }\r\n              ],\r\n              \"IsSpecialElement\": true,\r\n              \"SpecialElementName\": \"Else\",\r\n              \"GroupName\": \"\"\r\n            },\r\n            \"ActionsTrue\": {\r\n              \"Children\": [\r\n                {\r\n                  \"$type\": \"Comment\",\r\n                  \"Text\": \"Due to pathing issues, Let's hearth out of here then restart.\",\r\n                  \"Color\": \"64, 128, 128\"\r\n                },\r\n                {\r\n                  \"$type\": \"UseHearthstone\",\r\n                  \"WantedZoneId\": 0,\r\n                  \"UseGarrisonHS\": true\r\n                },\r\n                {\r\n                  \"$type\": \"While\",\r\n                  \"LoopActions\": {\r\n                    \"Children\": [\r\n                      {\r\n                        \"$type\": \"Wait\",\r\n                        \"Delay\": 1.0,\r\n                        \"DelayMax\": 0.0\r\n                      }\r\n                    ],\r\n                    \"IsSpecialElement\": true,\r\n                    \"SpecialElementName\": \"Do\",\r\n                    \"GroupName\": \"\"\r\n                  },\r\n                  \"Condition\": {\r\n                    \"$type\": \"PlayerCondition\",\r\n                    \"Property\": \"IsInGarrison\"\r\n                  },\r\n                  \"IsNot\": true\r\n                }\r\n              ],\r\n              \"IsSpecialElement\": true,\r\n              \"SpecialElementName\": \"Then\",\r\n              \"GroupName\": \"\"\r\n            },\r\n            \"Condition\": {\r\n              \"$type\": \"CSharpCondition\",\r\n              \"CSharpCode\": \"ItemCooldown(110560) == 0\"\r\n            },\r\n            \"IsNot\": false\r\n          }\r\n        ],\r\n        \"IsSpecialElement\": true,\r\n        \"SpecialElementName\": \"Then\",\r\n        \"GroupName\": \"\"\r\n      },\r\n      \"Condition\": {\r\n        \"$type\": \"LuaCondition\",\r\n        \"LuaCode\": \"zone == \\\"Frostwall Mine\\\"\"\r\n      },\r\n      \"IsNot\": false\r\n    },\r\n    {\r\n      \"$type\": \"MoveTo\",\r\n      \"Hotspot\": {\r\n        \"Position\": \"5474.33 4442.244 144.6951\",\r\n        \"GroundPosition\": \"0 0 0\",\r\n        \"IsGroundPosition\": false,\r\n        \"ContinentId\": 1330\r\n      },\r\n      \"Method\": \"Navi\"\r\n    },\r\n    {\r\n      \"$type\": \"While\",\r\n      \"LoopActions\": {\r\n        \"Children\": [\r\n          {\r\n            \"$type\": \"MoveTo\",\r\n            \"Hotspot\": {\r\n              \"Position\": \"5462.039 4424.48 141.9686\",\r\n              \"GroundPosition\": \"0 0 0\",\r\n              \"UseCTM\": true,\r\n              \"IsIndoors\": true,\r\n              \"ContinentId\": 1330\r\n            }\r\n          },\r\n          {\r\n            \"$type\": \"MoveTo\",\r\n            \"Hotspot\": {\r\n              \"Position\": \"5452.232 4412.713 135.5217\",\r\n              \"GroundPosition\": \"0 0 0\",\r\n              \"UseCTM\": true,\r\n              \"IsIndoors\": true,\r\n              \"ContinentId\": 1330\r\n            }\r\n          },\r\n          {\r\n            \"$type\": \"MoveTo\",\r\n            \"Hotspot\": {\r\n              \"Position\": \"5455.333 4401.446 130.5036\",\r\n              \"GroundPosition\": \"0 0 0\",\r\n              \"UseCTM\": true,\r\n              \"IsIndoors\": true,\r\n              \"ContinentId\": 1330\r\n            }\r\n          },\r\n          {\r\n            \"$type\": \"MoveTo\",\r\n            \"Hotspot\": {\r\n              \"Position\": \"5463.341 4388.695 125.4468\",\r\n              \"GroundPosition\": \"0 0 0\",\r\n              \"UseCTM\": true,\r\n              \"IsIndoors\": true,\r\n              \"ContinentId\": 1330\r\n            }\r\n          },\r\n          {\r\n            \"$type\": \"MoveTo\",\r\n            \"Hotspot\": {\r\n              \"Position\": \"5473.041 4390.198 122.9093\",\r\n              \"GroundPosition\": \"0 0 0\",\r\n              \"UseCTM\": true,\r\n              \"IsIndoors\": true,\r\n              \"ContinentId\": 1330\r\n            }\r\n          },\r\n          {\r\n            \"$type\": \"MoveTo\",\r\n            \"Hotspot\": {\r\n              \"Position\": \"5482.635 4396.759 116.5537\",\r\n              \"GroundPosition\": \"0 0 0\",\r\n              \"UseCTM\": true,\r\n              \"IsIndoors\": true,\r\n              \"ContinentId\": 1330\r\n            }\r\n          },\r\n          {\r\n            \"$type\": \"MoveTo\",\r\n            \"Hotspot\": {\r\n              \"Position\": \"5495.285 4406.984 110.46\",\r\n              \"GroundPosition\": \"0 0 0\",\r\n              \"UseCTM\": true,\r\n              \"IsIndoors\": true,\r\n              \"ContinentId\": 1330\r\n            }\r\n          },\r\n          {\r\n            \"$type\": \"MoveTo\",\r\n            \"Hotspot\": {\r\n              \"Position\": \"5506.759 4413.31 109.6156\",\r\n              \"GroundPosition\": \"0 0 0\",\r\n              \"UseCTM\": true,\r\n              \"IsIndoors\": true,\r\n              \"ContinentId\": 1330\r\n            }\r\n          },\r\n          {\r\n            \"$type\": \"MoveTo\",\r\n            \"Hotspot\": {\r\n              \"Position\": \"5515.342 4417.915 105.7838\",\r\n              \"GroundPosition\": \"0 0 0\",\r\n              \"UseCTM\": true,\r\n              \"IsIndoors\": true,\r\n              \"ContinentId\": 1330\r\n            }\r\n          },\r\n          {\r\n            \"$type\": \"MoveTo\",\r\n            \"Hotspot\": {\r\n              \"Position\": \"5507.547 4431.526 99.15601\",\r\n              \"GroundPosition\": \"0 0 0\",\r\n              \"UseCTM\": true,\r\n              \"IsIndoors\": true,\r\n              \"ContinentId\": 1330\r\n            }\r\n          },\r\n          {\r\n            \"$type\": \"MoveTo\",\r\n            \"Hotspot\": {\r\n              \"Position\": \"5499.711 4445.53 92.94734\",\r\n              \"GroundPosition\": \"0 0 0\",\r\n              \"UseCTM\": true,\r\n              \"IsIndoors\": true,\r\n              \"ContinentId\": 1330\r\n            }\r\n          },\r\n          {\r\n            \"$type\": \"MoveTo\",\r\n            \"Hotspot\": {\r\n              \"Position\": \"5490.188 4446.874 91.34396\",\r\n              \"GroundPosition\": \"0 0 0\",\r\n              \"UseCTM\": true,\r\n              \"IsIndoors\": true,\r\n              \"ContinentId\": 1330\r\n            }\r\n          },\r\n          {\r\n            \"$type\": \"MoveTo\",\r\n            \"Hotspot\": {\r\n              \"Position\": \"5487.927 4458.742 88.26621\",\r\n              \"GroundPosition\": \"0 0 0\",\r\n              \"UseCTM\": true,\r\n              \"IsIndoors\": true,\r\n              \"ContinentId\": 1330\r\n            }\r\n          },\r\n          {\r\n            \"$type\": \"MoveTo\",\r\n            \"Hotspot\": {\r\n              \"Position\": \"5479.407 4464.859 87.73031\",\r\n              \"GroundPosition\": \"0 0 0\",\r\n              \"UseCTM\": true,\r\n              \"IsIndoors\": true,\r\n              \"ContinentId\": 1330\r\n            }\r\n          },\r\n          {\r\n            \"$type\": \"MoveTo\",\r\n            \"Hotspot\": {\r\n              \"Position\": \"5468.689 4467.928 85.86214\",\r\n              \"GroundPosition\": \"0 0 0\",\r\n              \"UseCTM\": true,\r\n              \"IsIndoors\": true,\r\n              \"ContinentId\": 1330\r\n            }\r\n          },\r\n          {\r\n            \"$type\": \"MoveTo\",\r\n            \"Hotspot\": {\r\n              \"Position\": \"5458.399 4464.622 85.21074\",\r\n              \"GroundPosition\": \"0 0 0\",\r\n              \"UseCTM\": true,\r\n              \"IsIndoors\": true,\r\n              \"ContinentId\": 1330\r\n            }\r\n          },\r\n          {\r\n            \"$type\": \"MoveTo\",\r\n            \"Hotspot\": {\r\n              \"Position\": \"5449.273 4459.42 84.61583\",\r\n              \"GroundPosition\": \"0 0 0\",\r\n              \"UseCTM\": true,\r\n              \"IsIndoors\": true,\r\n              \"ContinentId\": 1330\r\n            }\r\n          },\r\n          {\r\n            \"$type\": \"MoveTo\",\r\n            \"Hotspot\": {\r\n              \"Position\": \"5437.597 4453.463 82.74174\",\r\n              \"GroundPosition\": \"0 0 0\",\r\n              \"UseCTM\": true,\r\n              \"IsIndoors\": true,\r\n              \"ContinentId\": 1330\r\n            }\r\n          },\r\n          {\r\n            \"$type\": \"MoveTo\",\r\n            \"Hotspot\": {\r\n              \"Position\": \"5428.837 4449.11 82.58175\",\r\n              \"GroundPosition\": \"0 0 0\",\r\n              \"UseCTM\": true,\r\n              \"IsIndoors\": true,\r\n              \"ContinentId\": 1330\r\n            }\r\n          },\r\n          {\r\n            \"$type\": \"MoveTo\",\r\n            \"Hotspot\": {\r\n              \"Position\": \"5419.271 4446.235 83.29964\",\r\n              \"GroundPosition\": \"0 0 0\",\r\n              \"UseCTM\": true,\r\n              \"IsIndoors\": true,\r\n              \"ContinentId\": 1330\r\n            }\r\n          },\r\n          {\r\n            \"$type\": \"MoveTo\",\r\n            \"Hotspot\": {\r\n              \"Position\": \"5411.407 4454.606 83.68245\",\r\n              \"GroundPosition\": \"0 0 0\",\r\n              \"UseCTM\": true,\r\n              \"IsIndoors\": true,\r\n              \"ContinentId\": 1330\r\n            }\r\n          },\r\n          {\r\n            \"$type\": \"MoveTo\",\r\n            \"Hotspot\": {\r\n              \"Position\": \"5407.739 4458.556 83.45271\",\r\n              \"GroundPosition\": \"0 0 0\",\r\n              \"UseCTM\": true,\r\n              \"IsIndoors\": true,\r\n              \"ContinentId\": 1330\r\n            }\r\n          },\r\n          {\r\n            \"$type\": \"KillMobsTemplateScriptAction\",\r\n            \"Template\": {\r\n              \"$type\": \"KillMobsTemplate\",\r\n              \"TargetObjects\": [\r\n                {\r\n                  \"Hotspot\": {\r\n                    \"Position\": \"5397.686 4469.77 80.5237\",\r\n                    \"GroundPosition\": \"0 0 0\",\r\n                    \"IsGroundPosition\": false,\r\n                    \"IsIndoors\": true,\r\n                    \"ContinentId\": 1330\r\n                  },\r\n                  \"Name\": \"Stonetooth\",\r\n                  \"EntryId\": 81396\r\n                }\r\n              ],\r\n              \"HotspotsX\": [\r\n                {\r\n                  \"Position\": \"5404.511 4463.09 82.26744\",\r\n                  \"GroundPosition\": \"0 0 0\",\r\n                  \"UseCTM\": true,\r\n                  \"IsGroundPosition\": false,\r\n                  \"IsIndoors\": true,\r\n                  \"ContinentId\": 1330\r\n                }\r\n              ],\r\n              \"Blackspots\": [],\r\n              \"ForceLoot\": false,\r\n              \"ForcePullMobs\": false,\r\n              \"GameObjectiveIndex\": 1,\r\n              \"RunTime\": 5.0\r\n            },\r\n            \"TimeLimit\": 0\r\n          },\r\n          {\r\n            \"$type\": \"MoveTo\",\r\n            \"Hotspot\": {\r\n              \"Position\": \"5418.393 4451.21 83.31255\",\r\n              \"GroundPosition\": \"0 0 0\",\r\n              \"UseCTM\": true,\r\n              \"IsIndoors\": true,\r\n              \"ContinentId\": 1330\r\n            }\r\n          },\r\n          {\r\n            \"$type\": \"MoveTo\",\r\n            \"Hotspot\": {\r\n              \"Position\": \"5434.405 4454.339 82.73782\",\r\n              \"GroundPosition\": \"0 0 0\",\r\n              \"UseCTM\": true,\r\n              \"IsIndoors\": true,\r\n              \"ContinentId\": 1330\r\n            }\r\n          },\r\n          {\r\n            \"$type\": \"MoveTo\",\r\n            \"Hotspot\": {\r\n              \"Position\": \"5457.886 4463.155 85.18226\",\r\n              \"GroundPosition\": \"0 0 0\",\r\n              \"UseCTM\": true,\r\n              \"IsIndoors\": true,\r\n              \"ContinentId\": 1330\r\n            }\r\n          },\r\n          {\r\n            \"$type\": \"MoveTo\",\r\n            \"Hotspot\": {\r\n              \"Position\": \"5479.038 4466.975 87.30759\",\r\n              \"GroundPosition\": \"0 0 0\",\r\n              \"UseCTM\": true,\r\n              \"IsIndoors\": true,\r\n              \"ContinentId\": 1330\r\n            }\r\n          },\r\n          {\r\n            \"$type\": \"MoveTo\",\r\n            \"Hotspot\": {\r\n              \"Position\": \"5493.368 4453.511 90.08895\",\r\n              \"GroundPosition\": \"0 0 0\",\r\n              \"UseCTM\": true,\r\n              \"IsIndoors\": true,\r\n              \"ContinentId\": 1330\r\n            }\r\n          },\r\n          {\r\n            \"$type\": \"MoveTo\",\r\n            \"Hotspot\": {\r\n              \"Position\": \"5501.992 4440.762 95.43136\",\r\n              \"GroundPosition\": \"0 0 0\",\r\n              \"UseCTM\": true,\r\n              \"IsIndoors\": true,\r\n              \"ContinentId\": 1330\r\n            }\r\n          },\r\n          {\r\n            \"$type\": \"MoveTo\",\r\n            \"Hotspot\": {\r\n              \"Position\": \"5514.971 4418.129 105.7817\",\r\n              \"GroundPosition\": \"0 0 0\",\r\n              \"UseCTM\": true,\r\n              \"IsIndoors\": true,\r\n              \"ContinentId\": 1330\r\n            }\r\n          },\r\n          {\r\n            \"$type\": \"MoveTo\",\r\n            \"Hotspot\": {\r\n              \"Position\": \"5496.44 4408.028 110.6087\",\r\n              \"GroundPosition\": \"0 0 0\",\r\n              \"UseCTM\": true,\r\n              \"IsIndoors\": true,\r\n              \"ContinentId\": 1330\r\n            }\r\n          },\r\n          {\r\n            \"$type\": \"MoveTo\",\r\n            \"Hotspot\": {\r\n              \"Position\": \"5474.057 4391.802 122.1379\",\r\n              \"GroundPosition\": \"0 0 0\",\r\n              \"UseCTM\": true,\r\n              \"IsIndoors\": true,\r\n              \"ContinentId\": 1330\r\n            }\r\n          },\r\n          {\r\n            \"$type\": \"MoveTo\",\r\n            \"Hotspot\": {\r\n              \"Position\": \"5458.167 4396.001 127.7061\",\r\n              \"GroundPosition\": \"0 0 0\",\r\n              \"UseCTM\": true,\r\n              \"IsIndoors\": true,\r\n              \"ContinentId\": 1330\r\n            }\r\n          },\r\n          {\r\n            \"$type\": \"MoveTo\",\r\n            \"Hotspot\": {\r\n              \"Position\": \"5458.484 4417.932 138.3706\",\r\n              \"GroundPosition\": \"0 0 0\",\r\n              \"UseCTM\": true,\r\n              \"IsIndoors\": true,\r\n              \"ContinentId\": 1330\r\n            }\r\n          },\r\n          {\r\n            \"$type\": \"MoveTo\",\r\n            \"Hotspot\": {\r\n              \"Position\": \"5466.46 4430.361 145.6716\",\r\n              \"GroundPosition\": \"0 0 0\",\r\n              \"UseCTM\": true,\r\n              \"IsIndoors\": true,\r\n              \"ContinentId\": 1330\r\n            }\r\n          },\r\n          {\r\n            \"$type\": \"MoveTo\",\r\n            \"Hotspot\": {\r\n              \"Position\": \"5477.599 4448.878 144.4197\",\r\n              \"GroundPosition\": \"0 0 0\",\r\n              \"UseCTM\": true,\r\n              \"ContinentId\": 1330\r\n            }\r\n          },\r\n          {\r\n            \"$type\": \"MoveTo\",\r\n            \"Hotspot\": {\r\n              \"Position\": \"5471.072 4451.798 144.632\",\r\n              \"GroundPosition\": \"0 0 0\",\r\n              \"UseCTM\": true,\r\n              \"ContinentId\": 1330\r\n            }\r\n          }\r\n        ],\r\n        \"IsSpecialElement\": true,\r\n        \"SpecialElementName\": \"Do\",\r\n        \"GroupName\": \"\"\r\n      },\r\n      \"Condition\": {\r\n        \"$type\": \"IsQuestObjectiveComplete\",\r\n        \"QuestId\": 35154,\r\n        \"ObjectiveIndex\": 1\r\n      },\r\n      \"IsNot\": true\r\n    },\r\n    {\r\n      \"$type\": \"While\",\r\n      \"LoopActions\": {\r\n        \"Children\": [\r\n          {\r\n            \"$type\": \"If\",\r\n            \"ActionsFalse\": {\r\n              \"Children\": [],\r\n              \"IsSpecialElement\": true,\r\n              \"SpecialElementName\": \"Else\",\r\n              \"GroupName\": \"\"\r\n            },\r\n            \"ActionsTrue\": {\r\n              \"Children\": [\r\n                {\r\n                  \"$type\": \"If\",\r\n                  \"ActionsFalse\": {\r\n                    \"Children\": [\r\n                      {\r\n                        \"$type\": \"Comment\",\r\n                        \"Text\": \"WARNING! Pathing Issues! Normally would hearth and restart...\",\r\n                        \"Color\": \"Red\"\r\n                      },\r\n                      {\r\n                        \"$type\": \"Comment\",\r\n                        \"Text\": \"Hearthstone on Cooldown so please manually move player to outside mine, then restart.\",\r\n                        \"Color\": \"Red\"\r\n                      },\r\n                      {\r\n                        \"$type\": \"EndScript\"\r\n                      }\r\n                    ],\r\n                    \"IsSpecialElement\": true,\r\n                    \"SpecialElementName\": \"Else\",\r\n                    \"GroupName\": \"\"\r\n                  },\r\n                  \"ActionsTrue\": {\r\n                    \"Children\": [\r\n                      {\r\n                        \"$type\": \"Comment\",\r\n                        \"Text\": \"Due to pathing issues, Let's hearth out of here then restart.\",\r\n                        \"Color\": \"64, 128, 128\"\r\n                      },\r\n                      {\r\n                        \"$type\": \"UseHearthstone\",\r\n                        \"WantedZoneId\": 0,\r\n                        \"UseGarrisonHS\": true\r\n                      },\r\n                      {\r\n                        \"$type\": \"While\",\r\n                        \"LoopActions\": {\r\n                          \"Children\": [\r\n                            {\r\n                              \"$type\": \"Wait\",\r\n                              \"Delay\": 1.0,\r\n                              \"DelayMax\": 0.0\r\n                            }\r\n                          ],\r\n                          \"IsSpecialElement\": true,\r\n                          \"SpecialElementName\": \"Do\",\r\n                          \"GroupName\": \"\"\r\n                        },\r\n                        \"Condition\": {\r\n                          \"$type\": \"PlayerCondition\",\r\n                          \"Property\": \"IsInGarrison\"\r\n                        },\r\n                        \"IsNot\": true\r\n                      }\r\n                    ],\r\n                    \"IsSpecialElement\": true,\r\n                    \"SpecialElementName\": \"Then\",\r\n                    \"GroupName\": \"\"\r\n                  },\r\n                  \"Condition\": {\r\n                    \"$type\": \"CSharpCondition\",\r\n                    \"CSharpCode\": \"ItemCooldown(110560) == 0\"\r\n                  },\r\n                  \"IsNot\": false\r\n                }\r\n              ],\r\n              \"IsSpecialElement\": true,\r\n              \"SpecialElementName\": \"Then\",\r\n              \"GroupName\": \"\"\r\n            },\r\n            \"Condition\": {\r\n              \"$type\": \"LuaCondition\",\r\n              \"LuaCode\": \"zone == \\\"Frostwall Mine\\\"\"\r\n            },\r\n            \"IsNot\": false\r\n          },\r\n          {\r\n            \"$type\": \"KillMobsTemplateScriptAction\",\r\n            \"Template\": {\r\n              \"$type\": \"KillMobsTemplate\",\r\n              \"TargetObjects\": [\r\n                {\r\n                  \"Hotspot\": {\r\n                    \"Position\": \"5474.523 4439.596 144.7175\",\r\n                    \"GroundPosition\": \"0 0 0\",\r\n                    \"IsGroundPosition\": false,\r\n                    \"ContinentId\": 1330\r\n                  },\r\n                  \"Name\": \"Frostwall Goren\",\r\n                  \"EntryId\": 81362\r\n                },\r\n                {\r\n                  \"Hotspot\": {\r\n                    \"Position\": \"5454.462 4413.367 135.5239\",\r\n                    \"GroundPosition\": \"0 0 0\",\r\n                    \"IsGroundPosition\": false,\r\n                    \"IsIndoors\": true,\r\n                    \"ContinentId\": 1330\r\n                  },\r\n                  \"Name\": \"Frostwall Goren Hatchling\",\r\n                  \"EntryId\": 81398\r\n                }\r\n              ],\r\n              \"HotspotsX\": [\r\n                {\r\n                  \"Position\": \"5472.637 4442.735 144.72\",\r\n                  \"GroundPosition\": \"0 0 0\",\r\n                  \"IsGroundPosition\": false,\r\n                  \"ContinentId\": 1330\r\n                }\r\n              ],\r\n              \"Blackspots\": [],\r\n              \"ForceLoot\": false,\r\n              \"ForcePullMobs\": false,\r\n              \"GameObjectiveIndex\": 1,\r\n              \"RunTime\": 5.0\r\n            },\r\n            \"TimeLimit\": 0\r\n          }\r\n        ],\r\n        \"IsSpecialElement\": true,\r\n        \"SpecialElementName\": \"Do\",\r\n        \"GroupName\": \"\"\r\n      },\r\n      \"Condition\": {\r\n        \"$type\": \"IsQuestObjectiveComplete\",\r\n        \"QuestId\": 35154,\r\n        \"ObjectiveIndex\": 2\r\n      },\r\n      \"IsNot\": true\r\n    }\r\n  ],\r\n  \"GroupName\": \"\"\r\n}",
  "ActionOrder": 1,
  "Actions": [
    {
      "$type": "KillMobsTemplate",
      "TargetObjects": [
        {
          "Hotspot": {
            "Position": "5412.604 4455.155 83.49879",
            "GroundPosition": "0 0 0",
            "IsGroundPosition": false,
            "IsIndoors": true,
            "ContinentId": 1330
          },
          "Name": "Stonetooth",
          "EntryId": 81396
        }
      ],
      "HotspotsX": [
        {
          "Position": "5397.63 4470.723 80.35934",
          "GroundPosition": "0 0 0",
          "IsGroundPosition": false,
          "IsIndoors": true,
          "ContinentId": 1330
        }
      ],
      "Blackspots": [],
      "ForceLoot": false,
      "ForcePullMobs": false,
      "GameObjectiveIndex": 1,
      "RunTime": 5.0
    },
    {
      "$type": "KillMobsTemplate",
      "TargetObjects": [
        {
          "Hotspot": {
            "Position": "5458.873 4467.315 145.7728",
            "GroundPosition": "0 0 0",
            "IsGroundPosition": false,
            "ContinentId": 1330
          },
          "Name": "Frostwall Goren",
          "EntryId": 81362
        },
        {
          "Hotspot": {
            "Position": "5474.673 4463.347 144.6311",
            "GroundPosition": "0 0 0",
            "IsGroundPosition": false,
            "ContinentId": 1330
          },
          "Name": "Frostwall Goren Hatchling",
          "EntryId": 81398
        }
      ],
      "HotspotsX": [
        {
          "Position": "5471.82 4448.959 144.6504",
          "GroundPosition": "0 0 0",
          "IsGroundPosition": false,
          "ContinentId": 1330
        }
      ],
      "Blackspots": [],
      "ForceLoot": false,
      "ForcePullMobs": false,
      "GameObjectiveIndex": 2,
      "RunTime": 5.0
    }
  ]
}