{
  "QuestID": 37889,
  "Version": 3,
  "FactionGroup": 1,
  "CreatedOn": "2016-04-29T20:38:25.4771062Z",
  "UpdatedOn": "2016-04-29T21:24:31.0708091Z",
  "Comment": "",
  "CreatedBy": null,
  "AllowUpdates": false,
  "RecommendedLevel": 100,
  "Frequency": 1,
  "QuestStart": {
    "ObjectName": "Solog Roark",
    "EntryId": 94429,
    "AdditionalEntryIds": null,
    "ContinentId": 1116,
    "ZoneId": 6720,
    "Position": "5410.904 5016.914 3.096285",
    "TurnInType": 0,
    "MyFaction": 1
  },
  "QuestEnd": {
    "ObjectName": "Draka",
    "EntryId": 89822,
    "AdditionalEntryIds": null,
    "ContinentId": 1116,
    "ZoneId": 6723,
    "Position": "3444.349 -2146.332 7.382227",
    "TurnInType": 0,
    "MyFaction": 1
  },
  "ActionOrder": 1,
  "Actions": [
    {
      "$type": "GossipInteractionTemplate",
      "TargetObjects": [
        {
          "Hotspot": {
            "Position": "5285.402 5016.656 5.029901",
            "GroundPosition": "0 0 0",
            "IsGroundPosition": false,
            "ContinentId": 1116
          },
          "Name": "Draka",
          "EntryId": 90481
        }
      ],
      "HotspotsX": [
        {
          "Position": "5285.603 5015.157 5.031654",
          "GroundPosition": "0 0 0",
          "UseCTM": true,
          "IsGroundPosition": false,
          "ContinentId": 1116
        }
      ],
      "GossipIndex": 1,
      "Dismount": false,
      "GameObjectiveIndex": 2,
      "RunTime": 5.0
    }
  ]
}