{
  "QuestID": 37890,
  "Version": 4,
  "FactionGroup": 1,
  "CreatedOn": "2016-04-29T21:43:14.6100735Z",
  "UpdatedOn": "2016-04-30T00:11:39.8990261Z",
  "Comment": "",
  "CreatedBy": null,
  "AllowUpdates": false,
  "RecommendedLevel": 100,
  "Frequency": 1,
  "QuestStart": {
    "ObjectName": "Draka",
    "EntryId": 89822,
    "AdditionalEntryIds": null,
    "ContinentId": 1116,
    "ZoneId": 6723,
    "Position": "3444.349 -2146.332 7.382227",
    "TurnInType": 0,
    "MyFaction": 1
  },
  "QuestEnd": {
    "ObjectName": "Shadow Hunter Mutumba",
    "EntryId": 90238,
    "AdditionalEntryIds": null,
    "ContinentId": 1116,
    "ZoneId": 6723,
    "Position": "4037.058 -1941.627 26.70271",
    "TurnInType": 0,
    "MyFaction": 1
  },
  "ActionOrder": 1,
  "Actions": [
    {
      "$type": "MoveToTemplate",
      "Hotspots": [
        {
          "Position": "3671.483 -1918.67 21.32316",
          "GroundPosition": "0 0 0",
          "IsIndoors": true,
          "ContinentId": 1464
        }
      ],
      "PreventMounting": false,
      "GameObjectiveIndex": 1,
      "RunTime": 5.0
    },
    {
      "$type": "KillMobsTemplate",
      "TargetObjects": [
        {
          "Hotspot": {
            "Position": "3667.434 -1917.563 21.06775",
            "GroundPosition": "0 0 0",
            "IsGroundPosition": false,
            "IsIndoors": true,
            "ContinentId": 1464
          },
          "Name": "Rulkrik the Pillager",
          "EntryId": 90221
        }
      ],
      "HotspotsX": [
        {
          "Position": "3671.483 -1918.67 21.32316",
          "GroundPosition": "0 0 0",
          "IsGroundPosition": false,
          "IsIndoors": true,
          "ContinentId": 1464
        }
      ],
      "Blackspots": [],
      "ForceLoot": false,
      "ForcePullMobs": false,
      "GameObjectiveIndex": 1,
      "RunTime": 4.0
    },
    {
      "$type": "CollectObjectsTemplate",
      "TargetObjects": [
        {
          "Hotspot": {
            "Position": "3661.425 -1907.191 21.42857",
            "GroundPosition": "0 0 0",
            "IsGroundPosition": false,
            "ContinentId": 1464
          },
          "Name": "Letter from Kilrogg",
          "EntryId": 240888
        }
      ],
      "HotspotsX": [
        {
          "Position": "3665.638 -1915.865 21.06726",
          "GroundPosition": "0 0 0",
          "IsGroundPosition": false,
          "IsIndoors": true,
          "ContinentId": 1464
        }
      ],
      "Blackspots": [],
      "IsLoot": false,
      "OpeningCast": false,
      "NoMovement": false,
      "GameObjectiveIndex": 1,
      "RunTime": 5.0
    },
    {
      "$type": "KillMobsTemplate",
      "TargetObjects": [
        {
          "Hotspot": {
            "Position": "3966.234 -2170.1 38.19481",
            "GroundPosition": "0 0 0",
            "IsIndoors": true,
            "ContinentId": 1464
          },
          "Name": "Magril the Seer",
          "EntryId": 90226
        }
      ],
      "HotspotsX": [
        {
          "Position": "3958.121 -2168.4 38.19478",
          "GroundPosition": "0 0 0",
          "IsIndoors": true,
          "ContinentId": 1464
        }
      ],
      "Blackspots": [],
      "ForceLoot": false,
      "ForcePullMobs": false,
      "GameObjectiveIndex": 2,
      "RunTime": 4.0
    },
    {
      "$type": "CollectObjectsTemplate",
      "TargetObjects": [
        {
          "Hotspot": {
            "Position": "3970.385 -2176.585 39.12125",
            "GroundPosition": "0 0 0",
            "IsGroundPosition": false,
            "IsIndoors": true,
            "ContinentId": 1464
          },
          "Name": "Magril's Journal",
          "EntryId": 240889
        }
      ],
      "HotspotsX": [
        {
          "Position": "3960.104 -2177.134 37.83282",
          "GroundPosition": "0 0 0",
          "IsGroundPosition": false,
          "IsIndoors": true,
          "ContinentId": 1464
        }
      ],
      "Blackspots": [],
      "IsLoot": true,
      "OpeningCast": false,
      "NoMovement": false,
      "GameObjectiveIndex": 2,
      "RunTime": 5.0
    }
  ]
}