{
  "QuestID": 37935,
  "Version": 1,
  "FactionGroup": 1,
  "UpdatedOn": "2016-04-30T19:12:03.6846388Z",
  "Comment": "",
  "CreatedBy": null,
  "AllowUpdates": false,
  "RecommendedLevel": 100,
  "Frequency": 1,
  "QuestStart": {
    "ObjectName": "Shadow Hunter Mutumba",
    "EntryId": 90238,
    "AdditionalEntryIds": null,
    "ContinentId": 1116,
    "ZoneId": 6723,
    "Position": "4152.416 -1576.771 53.95248",
    "TurnInType": 0,
    "MyFaction": 1
  },
  "QuestEnd": {
    "ObjectName": "Draka",
    "EntryId": 90481,
    "AdditionalEntryIds": null,
    "ContinentId": 1116,
    "ZoneId": 6723,
    "Position": "4329.608 -1521.613 88.02538",
    "TurnInType": 0,
    "IsIndoors": true,
    "MyFaction": 1
  },
  "ActionOrder": 1,
  "Actions": [
    {
      "$type": "MoveToTemplate",
      "Hotspots": [
        {
          "Position": "4276.834 -1486.24 80.44667",
          "GroundPosition": "0 0 0",
          "ContinentId": 1464
        }
      ],
      "PreventMounting": false,
      "GameObjectiveIndex": 1,
      "RunTime": 5.0
    },
    {
      "$type": "CollectObjectsTemplate",
      "TargetObjects": [
        {
          "Hotspot": {
            "Position": "4289.408 -1487.193 80.02436",
            "GroundPosition": "0 0 0",
            "IsGroundPosition": false,
            "ContinentId": 1464
          },
          "Name": "Horde Banner",
          "EntryId": 240006
        }
      ],
      "HotspotsX": [
        {
          "Position": "4283.309 -1486.056 80.30508",
          "GroundPosition": "0 0 0",
          "IsGroundPosition": false,
          "ContinentId": 1464
        }
      ],
      "Blackspots": [],
      "IsLoot": true,
      "OpeningCast": false,
      "NoMovement": false,
      "GameObjectiveIndex": 2,
      "RunTime": 5.0
    }
  ]
}