{
  "QuestID": 38568,
  "Version": 2,
  "FactionGroup": 1,
  "CreatedOn": "2016-04-27T16:32:32.0001138Z",
  "UpdatedOn": "2016-04-27T16:32:35.29829Z",
  "Comment": "",
  "CreatedBy": null,
  "AllowUpdates": false,
  "QuestStart": {
    "ObjectName": "Vol'jin",
    "EntryId": 92400,
    "AdditionalEntryIds": null,
    "ContinentId": 1116,
    "ZoneId": 7004,
    "Position": "5557.549 4610.413 141.7169",
    "TurnInType": 0,
    "IsIndoors": true,
    "MyFaction": 1
  },
  "QuestEnd": {
    "ObjectName": "Sammy Fivefingers",
    "EntryId": 89937,
    "AdditionalEntryIds": null,
    "ContinentId": 1116,
    "ZoneId": 6721,
    "Position": "9227.037 476.1129 8.134026",
    "TurnInType": 0,
    "MyFaction": 1
  },
  "ActionOrder": 1,
  "Actions": []
}