{
  "QuestID": 38567,
  "Version": 1,
  "FactionGroup": 1,
  "UpdatedOn": "2016-05-24T09:47:09.4224231Z",
  "Comment": "",
  "CreatedBy": null,
  "AllowUpdates": false,
  "RecommendedLevel": 100,
  "Frequency": 1,
  "QuestStart": {
    "ObjectName": "WatchFramePopup",
    "EntryId": 0,
    "AdditionalEntryIds": null,
    "ContinentId": 1116,
    "ZoneId": 7004,
    "Position": "0 0 0",
    "TurnInType": 4,
    "MyFaction": 1
  },
  "QuestEnd": {
    "ObjectName": "Vol'jin",
    "EntryId": 92400,
    "AdditionalEntryIds": null,
    "ContinentId": 1116,
    "ZoneId": 7004,
    "Position": "5557.549 4610.413 141.7168",
    "TurnInType": 0,
    "IsIndoors": true,
    "MyFaction": 1
  },
  "ActionOrder": 1,
  "Actions": []
}