{
  "QuestID": 38571,
  "Version": 2,
  "FactionGroup": 1,
  "CreatedOn": "2016-04-27T17:28:18.78015Z",
  "UpdatedOn": "2016-04-27T17:29:29.7564211Z",
  "Comment": "",
  "CreatedBy": null,
  "AllowUpdates": false,
  "RecommendedLevel": 100,
  "Frequency": 1,
  "IsStory": true,
  "QuestStart": {
    "ObjectName": "Durotan",
    "EntryId": 92401,
    "AdditionalEntryIds": null,
    "ContinentId": 1116,
    "ZoneId": 6721,
    "Position": "8654.263 426.4028 12.43214",
    "TurnInType": 0,
    "MyFaction": 1
  },
  "QuestEnd": {
    "ObjectName": "Solog Roark",
    "EntryId": 91242,
    "AdditionalEntryIds": null,
    "ContinentId": 1116,
    "ZoneId": 6721,
    "Position": "8650.51 425.8768 12.43259",
    "TurnInType": 0,
    "MyFaction": 1
  },
  "ActionOrder": 1,
  "Actions": [
    {
      "$type": "CollectObjectsTemplate",
      "TargetObjects": [
        {
          "Hotspot": {
            "Position": "8641.442 409.9965 16.84797",
            "GroundPosition": "0 0 0",
            "IsGroundPosition": false,
            "ContinentId": 1116
          },
          "Name": "Explosive Charge",
          "EntryId": 93210
        }
      ],
      "HotspotsX": [
        {
          "Position": "8642.981 418.6525 12.43039",
          "GroundPosition": "0 0 0",
          "IsGroundPosition": false,
          "ContinentId": 1116
        }
      ],
      "Blackspots": [],
      "IsLoot": false,
      "OpeningCast": true,
      "NoMovement": false,
      "GameObjectiveIndex": 3,
      "RunTime": 5.0
    },
    {
      "$type": "CollectObjectsTemplate",
      "TargetObjects": [
        {
          "Hotspot": {
            "Position": "8654.959 409.5781 17.92649",
            "GroundPosition": "0 0 0",
            "IsGroundPosition": false,
            "ContinentId": 1116
          },
          "Name": "Explosive Charge",
          "EntryId": 93209
        }
      ],
      "HotspotsX": [
        {
          "Position": "8655.75 413.9325 12.43039",
          "GroundPosition": "0 0 0",
          "IsGroundPosition": false,
          "ContinentId": 1116
        }
      ],
      "Blackspots": [],
      "IsLoot": false,
      "OpeningCast": true,
      "NoMovement": false,
      "GameObjectiveIndex": 2,
      "RunTime": 5.0
    },
    {
      "$type": "CollectObjectsTemplate",
      "TargetObjects": [
        {
          "Hotspot": {
            "Position": "8668.279 409.9809 16.91415",
            "GroundPosition": "0 0 0",
            "IsGroundPosition": false,
            "ContinentId": 1116
          },
          "Name": "Explosive Charge",
          "EntryId": 93199
        }
      ],
      "HotspotsX": [
        {
          "Position": "8667.84 414.8812 12.43039",
          "GroundPosition": "0 0 0",
          "IsGroundPosition": false,
          "ContinentId": 1116
        }
      ],
      "Blackspots": [],
      "IsLoot": false,
      "OpeningCast": true,
      "NoMovement": false,
      "GameObjectiveIndex": 1,
      "RunTime": 5.0
    },
    {
      "$type": "CollectObjectsTemplate",
      "TargetObjects": [
        {
          "Hotspot": {
            "Position": "8652.569 426.4358 12.43045",
            "GroundPosition": "0 0 0",
            "IsGroundPosition": false,
            "ContinentId": 1116
          },
          "Name": "Detonator",
          "EntryId": 241428
        }
      ],
      "HotspotsX": [
        {
          "Position": "8651.377 426.2334 12.43039",
          "GroundPosition": "0 0 0",
          "IsGroundPosition": false,
          "ContinentId": 1116
        }
      ],
      "Blackspots": [],
      "IsLoot": true,
      "OpeningCast": false,
      "NoMovement": false,
      "GameObjectiveIndex": 4,
      "RunTime": 5.0
    },
    {
      "$type": "MoveToTemplate",
      "Hotspots": [
        {
          "Position": "8652.535 426.487 13.12354",
          "GroundPosition": "0 0 0",
          "ContinentId": 1116
        }
      ],
      "PreventMounting": false,
      "GameObjectiveIndex": 5,
      "RunTime": 5.0
    },
    {
      "$type": "WaitTemplate",
      "TimeSeconds": 20.0,
      "GameObjectiveIndex": 5,
      "RunTime": 5.0
    }
  ]
}