{
  "QuestID": 38578,
  "Version": 4,
  "FactionGroup": 1,
  "CreatedOn": "2016-05-31T11:27:03.3502089Z",
  "UpdatedOn": "2016-05-31T11:53:47.6256888Z",
  "Comment": "",
  "CreatedBy": null,
  "AllowUpdates": false,
  "RecommendedLevel": 100,
  "Frequency": 1,
  "QuestStart": {
    "ObjectName": "Goi'orsh",
    "EntryId": 90584,
    "AdditionalEntryIds": null,
    "ContinentId": 1116,
    "ZoneId": 6723,
    "Position": "4479.343 -613.408 41.02306",
    "TurnInType": 0,
    "MyFaction": 1
  },
  "QuestEnd": {
    "ObjectName": "Lagar the Wise",
    "EntryId": 90644,
    "AdditionalEntryIds": null,
    "ContinentId": 1116,
    "ZoneId": 6723,
    "Position": "3466.484 -774.1233 40.1847",
    "TurnInType": 0,
    "MyFaction": 1
  },
  "ActionOrder": 1,
  "Actions": [
    {
      "$type": "UseTaxiTemplate",
      "Hotspots": [
        {
          "Position": "4454.905 -570.7288 49.77064",
          "GroundPosition": "0 0 0",
          "IsGroundPosition": false,
          "ContinentId": 1464
        }
      ],
      "Target": {
        "Hotspot": {
          "Position": "4455.004 -570.0504 49.80869",
          "GroundPosition": "0 0 0",
          "IsGroundPosition": false,
          "ContinentId": 1464
        },
        "Name": "Rocketmaster Malo",
        "EntryId": 92808
      },
      "TaxiTarget": {
        "Item1": "Vault of the Earth, Tanaan Jungle",
        "Item2": "0.663529753685",
        "Item3": "0.50294464826584"
      },
      "GameObjectiveIndex": 1,
      "RunTime": 5.0
    },
    {
      "$type": "MoveToTemplate",
      "Hotspots": [
        {
          "Position": "3500.524 -772.6603 39.95478",
          "GroundPosition": "0 0 0",
          "IsGroundPosition": false,
          "ContinentId": 1464
        }
      ],
      "PreventMounting": false,
      "GameObjectiveIndex": 1,
      "RunTime": 5.0
    },
    {
      "$type": "GossipInteractionTemplate",
      "TargetObjects": [
        {
          "Hotspot": {
            "Position": "3466.484 -774.1233 40.1847",
            "GroundPosition": "0 0 0",
            "IsGroundPosition": false,
            "ContinentId": 1464
          },
          "Name": "Lagar the Wise",
          "EntryId": 90644
        }
      ],
      "HotspotsX": [
        {
          "Position": "3469.615 -774.6591 40.21379",
          "GroundPosition": "0 0 0",
          "IsGroundPosition": false,
          "ContinentId": 1464
        }
      ],
      "GossipIndex": 1,
      "Dismount": false,
      "GameObjectiveIndex": 2,
      "RunTime": 5.0
    }
  ]
}