{
  "QuestID": 38574,
  "Version": 7,
  "FactionGroup": 1,
  "CreatedOn": "2016-04-27T18:58:08.6580414Z",
  "UpdatedOn": "2016-05-24T10:54:29.9123007Z",
  "Comment": "",
  "CreatedBy": null,
  "AllowUpdates": false,
  "RecommendedLevel": 100,
  "Frequency": 1,
  "IsStory": true,
  "QuestStart": {
    "ObjectName": "Vol'jin",
    "EntryId": 92400,
    "AdditionalEntryIds": null,
    "ContinentId": 1116,
    "ZoneId": 7004,
    "Position": "5557.549 4610.413 141.7169",
    "TurnInType": 0,
    "IsIndoors": true,
    "MyFaction": 1
  },
  "QuestEnd": {
    "ObjectName": "Solog Roark",
    "EntryId": 91242,
    "AdditionalEntryIds": null,
    "ContinentId": 1116,
    "ZoneId": 6720,
    "Position": "5425.696 4970.705 62.95467",
    "TurnInType": 0,
    "MyFaction": 1
  },
  "ActionOrder": 1,
  "Actions": []
}