{
  "QuestID": 38573,
  "Version": 2,
  "FactionGroup": 1,
  "CreatedOn": "2016-04-27T18:30:56.1992291Z",
  "UpdatedOn": "2016-04-27T18:31:00.7036778Z",
  "Comment": "",
  "CreatedBy": null,
  "AllowUpdates": false,
  "RecommendedLevel": 100,
  "Frequency": 1,
  "IsStory": true,
  "QuestStart": {
    "ObjectName": "Solog Roark",
    "EntryId": 91242,
    "AdditionalEntryIds": null,
    "ContinentId": 1116,
    "ZoneId": 6721,
    "Position": "8680.256 928.0528 56.50712",
    "TurnInType": 0,
    "MyFaction": 1
  },
  "QuestEnd": {
    "ObjectName": "Vol'jin",
    "EntryId": 92400,
    "AdditionalEntryIds": null,
    "ContinentId": 1116,
    "ZoneId": 7004,
    "Position": "5557.549 4610.413 141.7169",
    "TurnInType": 0,
    "IsIndoors": true,
    "MyFaction": 1
  },
  "ActionOrder": 1,
  "Actions": []
}