{
  "QuestID": 38577,
  "Version": 4,
  "FactionGroup": 1,
  "CreatedOn": "2016-05-31T04:27:09.2692497Z",
  "UpdatedOn": "2016-05-31T10:30:25.7353298Z",
  "Comment": "",
  "CreatedBy": null,
  "AllowUpdates": false,
  "RecommendedLevel": 100,
  "Frequency": 1,
  "QuestStart": {
    "ObjectName": "Draka",
    "EntryId": 90481,
    "AdditionalEntryIds": null,
    "ContinentId": 1116,
    "ZoneId": 6723,
    "Position": "4329.608 -1521.613 88.02565",
    "TurnInType": 0,
    "IsIndoors": true,
    "MyFaction": 1
  },
  "QuestEnd": {
    "ObjectName": "Durotan",
    "EntryId": 90553,
    "AdditionalEntryIds": null,
    "ContinentId": 1116,
    "ZoneId": 6723,
    "Position": "3965.361 1200.137 166.6425",
    "TurnInType": 0,
    "MyFaction": 1
  },
  "ActionOrder": 1,
  "Actions": [
    {
      "$type": "GossipInteractionTemplate",
      "TargetObjects": [
        {
          "Hotspot": {
            "Position": "4308.067 -1463.92 79.05207",
            "GroundPosition": "0 0 0",
            "IsGroundPosition": false,
            "ContinentId": 1464
          },
          "Name": "Gargash the Diver",
          "EntryId": 90550
        }
      ],
      "HotspotsX": [
        {
          "Position": "4306.051 -1465.69 79.07327",
          "GroundPosition": "0 0 0",
          "IsGroundPosition": false,
          "ContinentId": 1464
        }
      ],
      "GossipIndex": 1,
      "Dismount": false,
      "GameObjectiveIndex": 1,
      "RunTime": 5.0
    },
    {
      "$type": "CollectObjectsTemplate",
      "TargetObjects": [
        {
          "Hotspot": {
            "Position": "3965.361 1200.137 166.6426",
            "GroundPosition": "0 0 0",
            "ContinentId": 1464
          },
          "Name": "Durotan",
          "EntryId": 90553
        }
      ],
      "HotspotsX": [
        {
          "Position": "3966.452 1202.722 166.4518",
          "GroundPosition": "0 0 0",
          "ContinentId": 1464
        }
      ],
      "Blackspots": [],
      "IsLoot": false,
      "OpeningCast": false,
      "NoMovement": false,
      "GameObjectiveIndex": 1,
      "RunTime": 5.0
    }
  ]
}