{
  "QuestID": 38570,
  "Version": 4,
  "FactionGroup": 1,
  "CreatedOn": "2016-04-27T16:52:00.7499825Z",
  "UpdatedOn": "2016-04-27T17:00:39.4494272Z",
  "Comment": "",
  "CreatedBy": null,
  "AllowUpdates": false,
  "RecommendedLevel": 100,
  "Frequency": 1,
  "IsStory": true,
  "QuestStart": {
    "ObjectName": "Sammy Fivefingers",
    "EntryId": 89937,
    "AdditionalEntryIds": null,
    "ContinentId": 1116,
    "ZoneId": 6721,
    "Position": "9227.037 476.1129 8.134302",
    "TurnInType": 0,
    "MyFaction": 1
  },
  "QuestEnd": {
    "ObjectName": "Durotan",
    "EntryId": 92401,
    "AdditionalEntryIds": null,
    "ContinentId": 1116,
    "ZoneId": 6721,
    "Position": "8654.263 426.4028 12.43122",
    "TurnInType": 0,
    "MyFaction": 1
  },
  "ActionOrder": 0,
  "Actions": [
    {
      "$type": "CollectObjectsTemplate",
      "TargetObjects": [
        {
          "Hotspot": {
            "Position": "8960.839 442.1441 12.10872",
            "GroundPosition": "0 0 0",
            "IsGroundPosition": false,
            "ContinentId": 1116
          },
          "Name": "Detonator",
          "EntryId": 240518
        }
      ],
      "HotspotsX": [
        {
          "Position": "8953.177 442.8308 12.1074",
          "GroundPosition": "0 0 0",
          "IsGroundPosition": false,
          "ContinentId": 1116
        }
      ],
      "Blackspots": [],
      "IsLoot": true,
      "OpeningCast": true,
      "NoMovement": false,
      "GameObjectiveIndex": 2,
      "RunTime": 5.0
    },
    {
      "$type": "CollectObjectsTemplate",
      "TargetObjects": [
        {
          "Hotspot": {
            "Position": "8763.828 452.6875 13.26368",
            "GroundPosition": "0 0 0",
            "IsGroundPosition": false,
            "ContinentId": 1116
          },
          "Name": "Explosive Charges",
          "EntryId": 240517
        }
      ],
      "HotspotsX": [
        {
          "Position": "8769.148 450.9588 12.49491",
          "GroundPosition": "0 0 0",
          "IsGroundPosition": false,
          "ContinentId": 1116
        }
      ],
      "Blackspots": [],
      "IsLoot": true,
      "OpeningCast": true,
      "NoMovement": false,
      "GameObjectiveIndex": 1,
      "RunTime": 5.0
    }
  ]
}