{
  "QuestID": 38574,
  "Version": 4,
  "FactionGroup": 1,
  "CreatedOn": "2016-04-27T18:58:08.6580414Z",
  "UpdatedOn": "2016-04-27T19:53:08.2816872Z",
  "Comment": "",
  "CreatedBy": null,
  "AllowUpdates": false,
  "RecommendedLevel": 100,
  "Frequency": 1,
  "IsStory": true,
  "QuestStart": {
    "ObjectName": "Vol'jin",
    "EntryId": 92400,
    "AdditionalEntryIds": null,
    "ContinentId": 1116,
    "ZoneId": 7004,
    "Position": "5557.549 4610.413 141.7169",
    "TurnInType": 0,
    "IsIndoors": true,
    "MyFaction": 1
  },
  "QuestEnd": {
    "ObjectName": "Solog Roark",
    "EntryId": 91242,
    "AdditionalEntryIds": null,
    "ContinentId": 1116,
    "ZoneId": 6720,
    "Position": "5425.696 4970.705 62.95386",
    "TurnInType": 0,
    "ScriptJson": "{\r\n  \"Children\": [\r\n    {\r\n      \"$type\": \"MoveTo\",\r\n      \"Hotspot\": {\r\n        \"Position\": \"5428.586 4967.603 62.7269\",\r\n        \"GroundPosition\": \"0 0 0\",\r\n        \"IsGroundPosition\": false,\r\n        \"ContinentId\": 1116\r\n      },\r\n      \"Method\": \"Navi\"\r\n    },\r\n    {\r\n      \"$type\": \"Interact\",\r\n      \"Target\": {\r\n        \"Name\": \"Solog Roark\",\r\n        \"EntryId\": 91242\r\n      },\r\n      \"NumOfTimes\": 0\r\n    },\r\n    {\r\n      \"$type\": \"Wait\",\r\n      \"Delay\": 2.0,\r\n      \"DelayMax\": 3.0\r\n    },\r\n    {\r\n      \"$type\": \"ExecuteLua\",\r\n      \"LuaCode\": \"QuestFrameCompleteButton:Click()\"\r\n    },\r\n    {\r\n      \"$type\": \"Wait\",\r\n      \"Delay\": 1.0,\r\n      \"DelayMax\": 0.0\r\n    },\r\n    {\r\n      \"$type\": \"ExecuteLua\",\r\n      \"LuaCode\": \"QuestFrameCompleteQuestButton:Click()\"\r\n    },\r\n    {\r\n      \"$type\": \"Wait\",\r\n      \"Delay\": 1.0,\r\n      \"DelayMax\": 0.0\r\n    },\r\n    {\r\n      \"$type\": \"ExecuteLua\",\r\n      \"LuaCode\": \"StaticPopup1Button1:Click()\"\r\n    }\r\n  ],\r\n  \"GroupName\": \"\"\r\n}",
    "MyFaction": 1
  },
  "ActionOrder": 1,
  "Actions": []
}