{
  "QuestID": 38599,
  "Version": 3,
  "FactionGroup": 1,
  "CreatedOn": "2016-05-31T09:37:44.3223576Z",
  "UpdatedOn": "2016-05-31T09:40:51.0882509Z",
  "Comment": "",
  "CreatedBy": null,
  "RecommendedLevel": 100,
  "Frequency": 1,
  "QuestStart": {
    "ObjectName": "Lil' Trix",
    "EntryId": 90991,
    "AdditionalEntryIds": null,
    "ContinentId": 1116,
    "ZoneId": 6723,
    "Position": "4270.507 -1433.845 75.61306",
    "TurnInType": 0,
    "MyFaction": 1
  },
  "ActionOrder": 1,
  "Actions": []
}