{
  "QuestID": 39236,
  "Version": 3,
  "FactionGroup": 1,
  "CreatedOn": "2016-04-27T20:24:44.4442463Z",
  "UpdatedOn": "2016-04-28T16:28:01.5145103Z",
  "Comment": "",
  "CreatedBy": null,
  "AllowUpdates": false,
  "QuestStart": {
    "ObjectName": "Rolosh Wavechaser",
    "EntryId": 94789,
    "AdditionalEntryIds": null,
    "ContinentId": 1116,
    "ZoneId": 6720,
    "Position": "5326.645 4964.052 3.417928",
    "TurnInType": 0,
    "MyFaction": 1
  },
  "QuestEnd": {
    "ObjectName": "Solog Roark",
    "EntryId": 94429,
    "AdditionalEntryIds": null,
    "ContinentId": 1116,
    "ZoneId": 6720,
    "Position": "5410.904 5016.914 3.096044",
    "TurnInType": 0,
    "MyFaction": 1
  },
  "ActionOrder": 1,
  "Actions": []
}