{
  "QuestID": 39243,
  "Version": 18,
  "FactionGroup": 1,
  "CreatedOn": "2016-05-25T22:36:26.3343909Z",
  "UpdatedOn": "2016-05-31T03:44:28.9037372Z",
  "Comment": "",
  "CreatedBy": null,
  "AllowUpdates": false,
  "RecommendedLevel": 100,
  "Frequency": 1,
  "QuestStart": {
    "ObjectName": "Rolosh Wavechaser",
    "EntryId": 94789,
    "AdditionalEntryIds": null,
    "ContinentId": 1116,
    "ZoneId": 6720,
    "Position": "5326.645 4964.052 3.41706",
    "TurnInType": 0,
    "MyFaction": 1
  },
  "QuestEnd": {
    "ObjectName": "Rolosh Wavechaser",
    "EntryId": 94789,
    "AdditionalEntryIds": null,
    "ContinentId": 1116,
    "ZoneId": 6720,
    "Position": "5378.74 4932.132 35.42482",
    "TurnInType": 0,
    "MyFaction": 1
  },
  "UseScript": true,
  "ScriptText": "{\r\n  \"Children\": [\r\n    {\r\n      \"$type\": \"LoadCSharpScript\",\r\n      \"FileName\": \"DungeonM.cs\"\r\n    },\r\n    {\r\n      \"$type\": \"LoadCSharpScript\",\r\n      \"FileName\": \"WoDM.cs\"\r\n    },\r\n    {\r\n      \"$type\": \"LoadCSharpScript\",\r\n      \"FileName\": \"QH.cs\"\r\n    },\r\n    {\r\n      \"$type\": \"LoadCSharpScript\",\r\n      \"FileName\": \"Flight.cs\"\r\n    },\r\n    {\r\n      \"$type\": \"LoadCSharpScript\",\r\n      \"FileName\": \"DraenorZones.cs\"\r\n    },\r\n    {\r\n      \"$type\": \"LoadCSharpScript\",\r\n      \"FileName\": \"Localization.cs\"\r\n    },\r\n    {\r\n      \"$type\": \"LoadCSharpScript\",\r\n      \"FileName\": \"MeshM.cs\"\r\n    },\r\n    {\r\n      \"$type\": \"CSharpAction\",\r\n      \"CSharpCode\": \"QH.API = this;\\r\\nFlight.API = this;\\r\\nMeshM.API = this;\\r\\nMeshM.Initialize();\"\r\n    },\r\n    {\r\n      \"$type\": \"While\",\r\n      \"LoopActions\": {\r\n        \"Children\": [\r\n          {\r\n            \"$type\": \"If\",\r\n            \"ActionsFalse\": {\r\n              \"Children\": [],\r\n              \"IsSpecialElement\": true,\r\n              \"SpecialElementName\": \"Else\",\r\n              \"GroupName\": \"\"\r\n            },\r\n            \"ActionsTrue\": {\r\n              \"Children\": [\r\n                {\r\n                  \"$type\": \"CallBlock\",\r\n                  \"Target\": \"Garrison Return\"\r\n                }\r\n              ],\r\n              \"IsSpecialElement\": true,\r\n              \"SpecialElementName\": \"Then\",\r\n              \"GroupName\": \"\"\r\n            },\r\n            \"Conditions\": [\r\n              {\r\n                \"Condition\": {\r\n                  \"$type\": \"CSharpCondition\",\r\n                  \"CSharpCode\": \"!MeshM.IsDestinationMeshClose(100f,new Vector3(5386.7f, 4930.2f, 35.5f))\"\r\n                },\r\n                \"IsNot\": false\r\n              },\r\n              {\r\n                \"Condition\": null,\r\n                \"IsNot\": false\r\n              },\r\n              {\r\n                \"Condition\": null,\r\n                \"IsNot\": false\r\n              },\r\n              {\r\n                \"Condition\": null,\r\n                \"IsNot\": false\r\n              }\r\n            ],\r\n            \"IsNot\": false\r\n          },\r\n          {\r\n            \"$type\": \"CSharpAction\",\r\n            \"CSharpCode\": \"Vector3 target = new Vector3(5383.5f, 4929.9f, 35.4f);\\r\\n\\r\\nMeshM.Fib = new Fiber<int>(MeshM.Navigate(target));\\r\\nwhile(MeshM.Fib.Run())\\r\\n{\\r\\n\\tyield return 100;\\r\\n}\\r\\n\"\r\n          },\r\n          {\r\n            \"$type\": \"If\",\r\n            \"ActionsFalse\": {\r\n              \"Children\": [],\r\n              \"IsSpecialElement\": true,\r\n              \"SpecialElementName\": \"Else\",\r\n              \"GroupName\": \"\"\r\n            },\r\n            \"ActionsTrue\": {\r\n              \"Children\": [\r\n                {\r\n                  \"$type\": \"CSharpAction\",\r\n                  \"CSharpCode\": \"G[\\\"missionID\\\"] = 639;\"\r\n                },\r\n                {\r\n                  \"$type\": \"If\",\r\n                  \"ActionsFalse\": {\r\n                    \"Children\": [],\r\n                    \"IsSpecialElement\": true,\r\n                    \"SpecialElementName\": \"Else\",\r\n                    \"GroupName\": \"\"\r\n                  },\r\n                  \"ActionsTrue\": {\r\n                    \"Children\": [\r\n                      {\r\n                        \"$type\": \"CollectObjectsTemplateScriptAction\",\r\n                        \"Template\": {\r\n                          \"$type\": \"CollectObjectsTemplate\",\r\n                          \"TargetObjects\": [\r\n                            {\r\n                              \"Hotspot\": {\r\n                                \"Position\": \"5382.196 4935.504 35.4726\",\r\n                                \"GroundPosition\": \"0 0 0\",\r\n                                \"IsGroundPosition\": false,\r\n                                \"ContinentId\": 1116\r\n                              },\r\n                              \"Name\": \"Fleet Command Table\",\r\n                              \"EntryId\": 94398\r\n                            }\r\n                          ],\r\n                          \"HotspotsX\": [\r\n                            {\r\n                              \"Position\": \"5383.063 4931.308 35.40943\",\r\n                              \"GroundPosition\": \"0 0 0\",\r\n                              \"UseCTM\": true,\r\n                              \"IsGroundPosition\": false,\r\n                              \"ContinentId\": 1116\r\n                            }\r\n                          ],\r\n                          \"Blackspots\": [],\r\n                          \"IsLoot\": true,\r\n                          \"OpeningCast\": false,\r\n                          \"NoMovement\": false,\r\n                          \"GameObjectiveIndex\": 1,\r\n                          \"RunTime\": 5.0\r\n                        },\r\n                        \"TimeLimit\": 0\r\n                      },\r\n                      {\r\n                        \"$type\": \"Wait\",\r\n                        \"Delay\": 1.5,\r\n                        \"DelayMax\": 2.0\r\n                      },\r\n                      {\r\n                        \"$type\": \"ExecuteLua\",\r\n                        \"LuaCode\": \"GarrisonMissionFrameHelpBoxButton:Click()\"\r\n                      },\r\n                      {\r\n                        \"$type\": \"Wait\",\r\n                        \"Delay\": 1.0,\r\n                        \"DelayMax\": 0.0\r\n                      },\r\n                      {\r\n                        \"$type\": \"CSharpAction\",\r\n                        \"CSharpCode\": \"ExecuteLua(\\\"GarrisonShipyardMapMission1:Click();\\\");\\r\\n\"\r\n                      },\r\n                      {\r\n                        \"$type\": \"Wait\",\r\n                        \"Delay\": 1.0,\r\n                        \"DelayMax\": 2.0\r\n                      },\r\n                      {\r\n                        \"$type\": \"CSharpAction\",\r\n                        \"CSharpCode\": \"QH.DoShipyardMissionByID((int)G[\\\"missionID\\\"]);\"\r\n                      },\r\n                      {\r\n                        \"$type\": \"Wait\",\r\n                        \"Delay\": 1.0,\r\n                        \"DelayMax\": 0.0\r\n                      },\r\n                      {\r\n                        \"$type\": \"While\",\r\n                        \"LoopActions\": {\r\n                          \"Children\": [\r\n                            {\r\n                              \"$type\": \"CSharpAction\",\r\n                              \"CSharpCode\": \"ExecuteLua(\\\"C_Garrison.CloseMissionNPC()\\\");\\r\\nyield return 250;\\r\\n\"\r\n                            },\r\n                            {\r\n                              \"$type\": \"CollectObjectsTemplateScriptAction\",\r\n                              \"Template\": {\r\n                                \"$type\": \"CollectObjectsTemplate\",\r\n                                \"TargetObjects\": [\r\n                                  {\r\n                                    \"Hotspot\": {\r\n                                      \"Position\": \"5382.196 4935.504 35.4726\",\r\n                                      \"GroundPosition\": \"0 0 0\",\r\n                                      \"IsGroundPosition\": false,\r\n                                      \"ContinentId\": 1116\r\n                                    },\r\n                                    \"Name\": \"Fleet Command Table\",\r\n                                    \"EntryId\": 94398\r\n                                  }\r\n                                ],\r\n                                \"HotspotsX\": [\r\n                                  {\r\n                                    \"Position\": \"5383.063 4931.308 35.40943\",\r\n                                    \"GroundPosition\": \"0 0 0\",\r\n                                    \"UseCTM\": true,\r\n                                    \"IsGroundPosition\": false,\r\n                                    \"ContinentId\": 1116\r\n                                  }\r\n                                ],\r\n                                \"Blackspots\": [],\r\n                                \"IsLoot\": true,\r\n                                \"OpeningCast\": false,\r\n                                \"NoMovement\": false,\r\n                                \"GameObjectiveIndex\": 1,\r\n                                \"RunTime\": 5.0\r\n                              },\r\n                              \"TimeLimit\": 0\r\n                            },\r\n                            {\r\n                              \"$type\": \"Wait\",\r\n                              \"Delay\": 1.5,\r\n                              \"DelayMax\": 2.0\r\n                            },\r\n                            {\r\n                              \"$type\": \"CSharpAction\",\r\n                              \"CSharpCode\": \"ExecuteLua(\\\"GarrisonShipyardMapMission1:Click();\\\");\\r\\n\"\r\n                            },\r\n                            {\r\n                              \"$type\": \"Wait\",\r\n                              \"Delay\": 1.0,\r\n                              \"DelayMax\": 0.0\r\n                            },\r\n                            {\r\n                              \"$type\": \"CSharpAction\",\r\n                              \"CSharpCode\": \"ExecuteLua(\\\"GarrisonShipyardFrame.MissionTab.MissionPage.StartMissionButton:Click()\\\");\\r\\nyield return 250;\\r\\nExecuteLua(\\\"C_Garrison.StartMission(\\\\\\\"\\\" + (int)G[\\\"missionID\\\"] + \\\"\\\\\\\")\\\");\"\r\n                            }\r\n                          ],\r\n                          \"IsSpecialElement\": true,\r\n                          \"SpecialElementName\": \"Do\",\r\n                          \"GroupName\": \"\"\r\n                        },\r\n                        \"Conditions\": [\r\n                          {\r\n                            \"Condition\": {\r\n                              \"$type\": \"CSharpCondition\",\r\n                              \"CSharpCode\": \"int[] missions = QH.GetAvailableShipyardMissionsByID();\\r\\nbool result = false;\\r\\n\\r\\nforeach (int mission in missions)\\r\\n{\\r\\n\\tif (mission == (int)G[\\\"missionID\\\"])\\r\\n\\t{\\r\\n\\t\\tresult = true;\\r\\n\\t\\tbreak;\\r\\n\\t}\\r\\n}\\r\\nreturn result;\"\r\n                            },\r\n                            \"IsNot\": false\r\n                          },\r\n                          {\r\n                            \"Condition\": null,\r\n                            \"IsNot\": false\r\n                          },\r\n                          {\r\n                            \"Condition\": null,\r\n                            \"IsNot\": false\r\n                          },\r\n                          {\r\n                            \"Condition\": null,\r\n                            \"IsNot\": false\r\n                          }\r\n                        ],\r\n                        \"IsNot\": false\r\n                      },\r\n                      {\r\n                        \"$type\": \"Comment\",\r\n                        \"Text\": \"Patience! We are Waiting for the Mission to Complete!  60 Seconds...\",\r\n                        \"Color\": \"0, 128, 255\"\r\n                      },\r\n                      {\r\n                        \"$type\": \"While\",\r\n                        \"LoopActions\": {\r\n                          \"Children\": [\r\n                            {\r\n                              \"$type\": \"Wait\",\r\n                              \"Delay\": 1.0,\r\n                              \"DelayMax\": 0.0\r\n                            }\r\n                          ],\r\n                          \"IsSpecialElement\": true,\r\n                          \"SpecialElementName\": \"Do\",\r\n                          \"GroupName\": \"\"\r\n                        },\r\n                        \"Conditions\": [\r\n                          {\r\n                            \"Condition\": {\r\n                              \"$type\": \"CSharpCondition\",\r\n                              \"CSharpCode\": \"!QH.IsShipyardMissionComplete((int)G[\\\"missionID\\\"])\"\r\n                            },\r\n                            \"IsNot\": false\r\n                          },\r\n                          {\r\n                            \"Condition\": null,\r\n                            \"IsNot\": false\r\n                          },\r\n                          {\r\n                            \"Condition\": null,\r\n                            \"IsNot\": false\r\n                          },\r\n                          {\r\n                            \"Condition\": null,\r\n                            \"IsNot\": false\r\n                          }\r\n                        ],\r\n                        \"IsNot\": false\r\n                      }\r\n                    ],\r\n                    \"IsSpecialElement\": true,\r\n                    \"SpecialElementName\": \"Then\",\r\n                    \"GroupName\": \"\"\r\n                  },\r\n                  \"Conditions\": [\r\n                    {\r\n                      \"Condition\": {\r\n                        \"$type\": \"CSharpCondition\",\r\n                        \"CSharpCode\": \"!QH.IsShipyardMissionComplete((int)G[\\\"missionID\\\"])\"\r\n                      },\r\n                      \"IsNot\": false\r\n                    },\r\n                    {\r\n                      \"Condition\": null,\r\n                      \"IsNot\": false\r\n                    },\r\n                    {\r\n                      \"Condition\": null,\r\n                      \"IsNot\": false\r\n                    },\r\n                    {\r\n                      \"Condition\": null,\r\n                      \"IsNot\": false\r\n                    }\r\n                  ],\r\n                  \"IsNot\": false\r\n                }\r\n              ],\r\n              \"IsSpecialElement\": true,\r\n              \"SpecialElementName\": \"Then\",\r\n              \"GroupName\": \"\"\r\n            },\r\n            \"Conditions\": [\r\n              {\r\n                \"Condition\": {\r\n                  \"$type\": \"CSharpCondition\",\r\n                  \"CSharpCode\": \"HasQuest(39243) && !IsQuestObjectiveComplete(39243,2)\"\r\n                },\r\n                \"IsNot\": false\r\n              },\r\n              {\r\n                \"Condition\": null,\r\n                \"IsNot\": false\r\n              },\r\n              {\r\n                \"Condition\": null,\r\n                \"IsNot\": false\r\n              },\r\n              {\r\n                \"Condition\": null,\r\n                \"IsNot\": false\r\n              }\r\n            ],\r\n            \"IsNot\": false\r\n          },\r\n          {\r\n            \"$type\": \"If\",\r\n            \"ActionsFalse\": {\r\n              \"Children\": [],\r\n              \"IsSpecialElement\": true,\r\n              \"SpecialElementName\": \"Else\",\r\n              \"GroupName\": \"\"\r\n            },\r\n            \"ActionsTrue\": {\r\n              \"Children\": [\r\n                {\r\n                  \"$type\": \"While\",\r\n                  \"LoopActions\": {\r\n                    \"Children\": [\r\n                      {\r\n                        \"$type\": \"Wait\",\r\n                        \"Delay\": 1.0,\r\n                        \"DelayMax\": 0.0\r\n                      }\r\n                    ],\r\n                    \"IsSpecialElement\": true,\r\n                    \"SpecialElementName\": \"Do\",\r\n                    \"GroupName\": \"\"\r\n                  },\r\n                  \"Conditions\": [\r\n                    {\r\n                      \"Condition\": {\r\n                        \"$type\": \"CSharpCondition\",\r\n                        \"CSharpCode\": \"!QH.IsShipyardMissionComplete((int)G[\\\"missionID\\\"])\"\r\n                      },\r\n                      \"IsNot\": false\r\n                    },\r\n                    {\r\n                      \"Condition\": null,\r\n                      \"IsNot\": false\r\n                    },\r\n                    {\r\n                      \"Condition\": null,\r\n                      \"IsNot\": false\r\n                    },\r\n                    {\r\n                      \"Condition\": null,\r\n                      \"IsNot\": false\r\n                    }\r\n                  ],\r\n                  \"IsNot\": false\r\n                },\r\n                {\r\n                  \"$type\": \"Comment\",\r\n                  \"Text\": \"Mission is Complete! Let's Collect our Reward!\",\r\n                  \"Color\": \"0, 128, 255\"\r\n                },\r\n                {\r\n                  \"$type\": \"CSharpAction\",\r\n                  \"CSharpCode\": \"ExecuteLua(\\\"C_Garrison.CloseMissionNPC()\\\");\"\r\n                },\r\n                {\r\n                  \"$type\": \"Wait\",\r\n                  \"Delay\": 1.0,\r\n                  \"DelayMax\": 1.0\r\n                },\r\n                {\r\n                  \"$type\": \"CollectObjectsTemplateScriptAction\",\r\n                  \"Template\": {\r\n                    \"$type\": \"CollectObjectsTemplate\",\r\n                    \"TargetObjects\": [\r\n                      {\r\n                        \"Hotspot\": {\r\n                          \"Position\": \"5382.196 4935.504 35.4726\",\r\n                          \"GroundPosition\": \"0 0 0\",\r\n                          \"IsGroundPosition\": false,\r\n                          \"ContinentId\": 1116\r\n                        },\r\n                        \"Name\": \"Fleet Command Table\",\r\n                        \"EntryId\": 94398\r\n                      }\r\n                    ],\r\n                    \"HotspotsX\": [],\r\n                    \"Blackspots\": [],\r\n                    \"IsLoot\": false,\r\n                    \"OpeningCast\": false,\r\n                    \"NoMovement\": true,\r\n                    \"GameObjectiveIndex\": 1,\r\n                    \"RunTime\": 5.0\r\n                  },\r\n                  \"TimeLimit\": 0\r\n                },\r\n                {\r\n                  \"$type\": \"Wait\",\r\n                  \"Delay\": 1.5,\r\n                  \"DelayMax\": 2.0\r\n                },\r\n                {\r\n                  \"$type\": \"ExecuteLua\",\r\n                  \"LuaCode\": \"GarrisonShipyardFrame.MissionTab.MissionList.CompleteDialog.BorderFrame.ViewButton:Click()\"\r\n                },\r\n                {\r\n                  \"$type\": \"Wait\",\r\n                  \"Delay\": 1.0,\r\n                  \"DelayMax\": 0.0\r\n                },\r\n                {\r\n                  \"$type\": \"If\",\r\n                  \"ActionsFalse\": {\r\n                    \"Children\": [\r\n                      {\r\n                        \"$type\": \"CSharpAction\",\r\n                        \"CSharpCode\": \"QH.CompleteMissionFast((int)G[\\\"missionID\\\"])\\r\\n\"\r\n                      }\r\n                    ],\r\n                    \"IsSpecialElement\": true,\r\n                    \"SpecialElementName\": \"Else\",\r\n                    \"GroupName\": \"\"\r\n                  },\r\n                  \"ActionsTrue\": {\r\n                    \"Children\": [\r\n                      {\r\n                        \"$type\": \"CSharpAction\",\r\n                        \"CSharpCode\": \"ExecuteLua(\\\"GarrisonShipyardFrame.MissionComplete.NextMissionButton:Click()\\\");\\r\\nyield return 1000;\\r\\nExecuteLua(\\\"GarrisonShipyardMapMission1:Click();\\\");\\r\\n\"\r\n                      }\r\n                    ],\r\n                    \"IsSpecialElement\": true,\r\n                    \"SpecialElementName\": \"Then\",\r\n                    \"GroupName\": \"\"\r\n                  },\r\n                  \"Conditions\": [\r\n                    {\r\n                      \"Condition\": {\r\n                        \"$type\": \"CSharpCondition\",\r\n                        \"CSharpCode\": \"if (!(ExecuteLua<bool>(\\\"local result = C_Garrison.CanOpenMissionChest(\\\\\\\"\\\" + (int)G[\\\"missionID\\\"] + \\\"\\\\\\\"); return result;\\\")))\\r\\n{\\r\\n\\treturn true;\\r\\n}\\r\\nreturn false;\"\r\n                      },\r\n                      \"IsNot\": false\r\n                    },\r\n                    {\r\n                      \"Condition\": null,\r\n                      \"IsNot\": false\r\n                    },\r\n                    {\r\n                      \"Condition\": null,\r\n                      \"IsNot\": false\r\n                    },\r\n                    {\r\n                      \"Condition\": null,\r\n                      \"IsNot\": false\r\n                    }\r\n                  ],\r\n                  \"IsNot\": false\r\n                },\r\n                {\r\n                  \"$type\": \"Wait\",\r\n                  \"Delay\": 1.0,\r\n                  \"DelayMax\": 0.0\r\n                }\r\n              ],\r\n              \"IsSpecialElement\": true,\r\n              \"SpecialElementName\": \"Then\",\r\n              \"GroupName\": \"\"\r\n            },\r\n            \"Conditions\": [\r\n              {\r\n                \"Condition\": {\r\n                  \"$type\": \"CSharpCondition\",\r\n                  \"CSharpCode\": \"HasQuest(39243) && !IsQuestObjectiveComplete(39243,3)\"\r\n                },\r\n                \"IsNot\": false\r\n              },\r\n              {\r\n                \"Condition\": null,\r\n                \"IsNot\": false\r\n              },\r\n              {\r\n                \"Condition\": null,\r\n                \"IsNot\": false\r\n              },\r\n              {\r\n                \"Condition\": null,\r\n                \"IsNot\": false\r\n              }\r\n            ],\r\n            \"IsNot\": false\r\n          }\r\n        ],\r\n        \"IsSpecialElement\": true,\r\n        \"SpecialElementName\": \"Do\",\r\n        \"GroupName\": \"\"\r\n      },\r\n      \"Conditions\": [\r\n        {\r\n          \"Condition\": {\r\n            \"$type\": \"CSharpCondition\",\r\n            \"CSharpCode\": \"HasQuest(39243) && !IsQuestInLogAndComplete(39243)\"\r\n          },\r\n          \"IsNot\": false\r\n        },\r\n        {\r\n          \"Condition\": null,\r\n          \"IsNot\": false\r\n        },\r\n        {\r\n          \"Condition\": null,\r\n          \"IsNot\": false\r\n        },\r\n        {\r\n          \"Condition\": null,\r\n          \"IsNot\": false\r\n        }\r\n      ],\r\n      \"IsNot\": false\r\n    }\r\n  ],\r\n  \"GroupName\": \"\"\r\n}",
  "ActionOrder": 1,
  "Actions": []
}