{
  "QuestID": 39241,
  "Version": 1,
  "FactionGroup": 1,
  "UpdatedOn": "2016-04-28T16:31:31.7387116Z",
  "Comment": "",
  "CreatedBy": null,
  "AllowUpdates": false,
  "QuestStart": {
    "ObjectName": "Solog Roark",
    "EntryId": 94429,
    "AdditionalEntryIds": null,
    "ContinentId": 1116,
    "ZoneId": 6720,
    "Position": "5410.904 5016.914 3.096044",
    "TurnInType": 0,
    "MyFaction": 1
  },
  "ActionOrder": 1,
  "Actions": [
    {
      "$type": "UseItemTemplate",
      "UseMethod": 0,
      "OverrideCooldown": 0.0,
      "OverrideCastTime": 0.0,
      "StayMounted": false,
      "MinCastRange": 4.5,
      "DontFilterDeadUnits": false,
      "UseCount": 1,
      "TargetUnits": [],
      "HotspotsX": [],
      "Blackspots": [],
      "Item": [
        {
          "Name": "Ship Blueprint: Transport",
          "EntryId": 127268
        }
      ],
      "BanTime": 120.0,
      "BanMobCombatAfterUse": false,
      "GameObjectiveIndex": 1,
      "RunTime": 5.0
    }
  ]
}