{
  "QuestID": 39315,
  "Version": 3,
  "FactionGroup": 1,
  "CreatedOn": "2016-05-31T09:32:15.5673204Z",
  "UpdatedOn": "2016-05-31T09:34:33.4723027Z",
  "Comment": "",
  "CreatedBy": null,
  "AllowUpdates": false,
  "RecommendedLevel": 100,
  "Frequency": 1,
  "QuestStart": {
    "ObjectName": "Fraggs",
    "EntryId": 90993,
    "AdditionalEntryIds": null,
    "ContinentId": 1116,
    "ZoneId": 6723,
    "Position": "4271.124 -1437.656 75.54794",
    "TurnInType": 0,
    "MyFaction": 1
  },
  "ActionOrder": 1,
  "Actions": [
    {
      "$type": "GossipInteractionTemplate",
      "TargetObjects": [
        {
          "Hotspot": {
            "Position": "4271.124 -1437.656 75.54794",
            "GroundPosition": "0 0 0",
            "IsGroundPosition": false,
            "ContinentId": 1464
          },
          "Name": "Fraggs",
          "EntryId": 90993
        }
      ],
      "HotspotsX": [
        {
          "Position": "4275.902 -1439.77 75.07771",
          "GroundPosition": "0 0 0",
          "IsGroundPosition": false,
          "ContinentId": 1464
        }
      ],
      "GossipIndex": 1,
      "Dismount": false,
      "GameObjectiveIndex": 1,
      "RunTime": 5.0
    }
  ]
}