{
  "QuestID": 39423,
  "Version": 2,
  "FactionGroup": 1,
  "CreatedOn": "2016-05-25T10:01:48.8741623Z",
  "UpdatedOn": "2016-05-25T10:02:44.8277133Z",
  "Comment": "",
  "CreatedBy": null,
  "AllowUpdates": false,
  "QuestStart": {
    "ObjectName": "Draka",
    "EntryId": 90481,
    "AdditionalEntryIds": null,
    "ContinentId": 1116,
    "ZoneId": 6723,
    "Position": "4329.608 -1521.613 88.0255",
    "TurnInType": 0,
    "IsIndoors": true,
    "MyFaction": 1
  },
  "QuestEnd": {
    "ObjectName": "Rolosh Wavechaser",
    "EntryId": 94789,
    "AdditionalEntryIds": null,
    "ContinentId": 1116,
    "ZoneId": 6720,
    "Position": "5326.645 4964.052 3.41706",
    "TurnInType": 0,
    "MyFaction": 1
  },
  "ActionOrder": 1,
  "Actions": []
}