{
  "QuestID": 39676,
  "Version": 20,
  "FactionGroup": 1,
  "CreatedOn": "2016-05-30T17:29:04.1583037Z",
  "UpdatedOn": "2016-05-31T03:25:28.4950213Z",
  "Comment": "",
  "CreatedBy": null,
  "AllowUpdates": false,
  "RecommendedLevel": 100,
  "Frequency": 1,
  "QuestStart": {
    "ObjectName": "Kronk Rustspark",
    "EntryId": 94801,
    "AdditionalEntryIds": null,
    "ContinentId": 1116,
    "ZoneId": 6720,
    "Position": "5330.471 5058.2 3.282163",
    "TurnInType": 0,
    "MyFaction": 1
  },
  "QuestEnd": {
    "ObjectName": "Rolosh Wavechaser",
    "EntryId": 94789,
    "AdditionalEntryIds": null,
    "ContinentId": 1116,
    "ZoneId": 6720,
    "Position": "5378.74 4932.132 35.42439",
    "TurnInType": 0,
    "MyFaction": 1
  },
  "UseScript": true,
  "ScriptText": "{\r\n  \"Children\": [\r\n    {\r\n      \"$type\": \"LoadCSharpScript\",\r\n      \"FileName\": \"DungeonM.cs\"\r\n    },\r\n    {\r\n      \"$type\": \"LoadCSharpScript\",\r\n      \"FileName\": \"WoDM.cs\"\r\n    },\r\n    {\r\n      \"$type\": \"LoadCSharpScript\",\r\n      \"FileName\": \"Merchant.cs\"\r\n    },\r\n    {\r\n      \"$type\": \"LoadCSharpScript\",\r\n      \"FileName\": \"DraenorMerchants.cs\"\r\n    },\r\n    {\r\n      \"$type\": \"LoadCSharpScript\",\r\n      \"FileName\": \"QH.cs\"\r\n    },\r\n    {\r\n      \"$type\": \"LoadCSharpScript\",\r\n      \"FileName\": \"Flight.cs\"\r\n    },\r\n    {\r\n      \"$type\": \"LoadCSharpScript\",\r\n      \"FileName\": \"DraenorZones.cs\"\r\n    },\r\n    {\r\n      \"$type\": \"LoadCSharpScript\",\r\n      \"FileName\": \"Localization.cs\"\r\n    },\r\n    {\r\n      \"$type\": \"LoadCSharpScript\",\r\n      \"FileName\": \"MeshM.cs\"\r\n    },\r\n    {\r\n      \"$type\": \"CSharpAction\",\r\n      \"CSharpCode\": \"// Initializing Instance and Injecting Custom API into Rebot\\r\\nQH.API = this;\\r\\nFlight.API = this;\\r\\nMerchant.API = this;\\r\\nMeshM.API = this;\\r\\nMeshM.Initialize();\\r\\n\"\r\n    },\r\n    {\r\n      \"$type\": \"While\",\r\n      \"LoopActions\": {\r\n        \"Children\": [\r\n          {\r\n            \"$type\": \"While\",\r\n            \"LoopActions\": {\r\n              \"Children\": [\r\n                {\r\n                  \"$type\": \"UseItemTemplateScriptAction\",\r\n                  \"Template\": {\r\n                    \"$type\": \"UseItemTemplate\",\r\n                    \"UseMethod\": 0,\r\n                    \"OverrideCooldown\": 0.0,\r\n                    \"OverrideCastTime\": 0.0,\r\n                    \"StayMounted\": false,\r\n                    \"MinCastRange\": 4.5,\r\n                    \"DontFilterDeadUnits\": false,\r\n                    \"UseCount\": 1,\r\n                    \"TargetUnits\": [],\r\n                    \"HotspotsX\": [],\r\n                    \"Blackspots\": [],\r\n                    \"Item\": [],\r\n                    \"BanTime\": 120.0,\r\n                    \"BanMobCombatAfterUse\": false,\r\n                    \"GameObjectiveIndex\": 1,\r\n                    \"RunTime\": 5.0\r\n                  },\r\n                  \"TimeLimit\": 0\r\n                },\r\n                {\r\n                  \"$type\": \"Wait\",\r\n                  \"Delay\": 1.0,\r\n                  \"DelayMax\": 0.0\r\n                },\r\n                {\r\n                  \"$type\": \"ExecuteLua\",\r\n                  \"LuaCode\": \"GarrisonLandingPage.ShipFollowerTab.EquipmentFrame.Equipment1:Click()\"\r\n                },\r\n                {\r\n                  \"$type\": \"Wait\",\r\n                  \"Delay\": 1.0,\r\n                  \"DelayMax\": 0.0\r\n                },\r\n                {\r\n                  \"$type\": \"ExecuteLua\",\r\n                  \"LuaCode\": \"StaticPopup1Button1:Click()\"\r\n                }\r\n              ],\r\n              \"IsSpecialElement\": true,\r\n              \"SpecialElementName\": \"Do\",\r\n              \"GroupName\": \"\"\r\n            },\r\n            \"Conditions\": [\r\n              {\r\n                \"Condition\": {\r\n                  \"$type\": \"CSharpCondition\",\r\n                  \"CSharpCode\": \"HasQuest(39676) && !IsQuestObjectiveComplete(39676,1)\"\r\n                },\r\n                \"IsNot\": false\r\n              },\r\n              {\r\n                \"Condition\": null,\r\n                \"IsNot\": false\r\n              },\r\n              {\r\n                \"Condition\": null,\r\n                \"IsNot\": false\r\n              },\r\n              {\r\n                \"Condition\": null,\r\n                \"IsNot\": false\r\n              }\r\n            ],\r\n            \"IsNot\": false\r\n          },\r\n          {\r\n            \"$type\": \"If\",\r\n            \"ActionsFalse\": {\r\n              \"Children\": [],\r\n              \"IsSpecialElement\": true,\r\n              \"SpecialElementName\": \"Else\",\r\n              \"GroupName\": \"\"\r\n            },\r\n            \"ActionsTrue\": {\r\n              \"Children\": [\r\n                {\r\n                  \"$type\": \"CallBlock\",\r\n                  \"Target\": \"To Fleet Command Table\"\r\n                },\r\n                {\r\n                  \"$type\": \"If\",\r\n                  \"ActionsFalse\": {\r\n                    \"Children\": [],\r\n                    \"IsSpecialElement\": true,\r\n                    \"SpecialElementName\": \"Else\",\r\n                    \"GroupName\": \"\"\r\n                  },\r\n                  \"ActionsTrue\": {\r\n                    \"Children\": [\r\n                      {\r\n                        \"$type\": \"CollectObjectsTemplateScriptAction\",\r\n                        \"Template\": {\r\n                          \"$type\": \"CollectObjectsTemplate\",\r\n                          \"TargetObjects\": [\r\n                            {\r\n                              \"Hotspot\": {\r\n                                \"Position\": \"5382.196 4935.504 35.4726\",\r\n                                \"GroundPosition\": \"0 0 0\",\r\n                                \"IsGroundPosition\": false,\r\n                                \"ContinentId\": 1116\r\n                              },\r\n                              \"Name\": \"Fleet Command Table\",\r\n                              \"EntryId\": 94398\r\n                            }\r\n                          ],\r\n                          \"HotspotsX\": [\r\n                            {\r\n                              \"Position\": \"5383.063 4931.308 35.40943\",\r\n                              \"GroundPosition\": \"0 0 0\",\r\n                              \"UseCTM\": true,\r\n                              \"IsGroundPosition\": false,\r\n                              \"ContinentId\": 1116\r\n                            }\r\n                          ],\r\n                          \"Blackspots\": [],\r\n                          \"IsLoot\": true,\r\n                          \"OpeningCast\": false,\r\n                          \"NoMovement\": false,\r\n                          \"GameObjectiveIndex\": 1,\r\n                          \"RunTime\": 5.0\r\n                        },\r\n                        \"TimeLimit\": 0\r\n                      },\r\n                      {\r\n                        \"$type\": \"Wait\",\r\n                        \"Delay\": 1.5,\r\n                        \"DelayMax\": 2.0\r\n                      },\r\n                      {\r\n                        \"$type\": \"ExecuteLua\",\r\n                        \"LuaCode\": \"GarrisonMissionFrameHelpBoxButton:Click()\"\r\n                      },\r\n                      {\r\n                        \"$type\": \"Wait\",\r\n                        \"Delay\": 1.0,\r\n                        \"DelayMax\": 0.0\r\n                      },\r\n                      {\r\n                        \"$type\": \"CSharpAction\",\r\n                        \"CSharpCode\": \"ExecuteLua(\\\"GarrisonShipyardMapMission3:RightClick();\\\");\\r\\n\"\r\n                      },\r\n                      {\r\n                        \"$type\": \"Wait\",\r\n                        \"Delay\": 1.0,\r\n                        \"DelayMax\": 2.0\r\n                      },\r\n                      {\r\n                        \"$type\": \"CSharpAction\",\r\n                        \"CSharpCode\": \"QH.DoShipyardMissionByID(733);\"\r\n                      },\r\n                      {\r\n                        \"$type\": \"Wait\",\r\n                        \"Delay\": 1.0,\r\n                        \"DelayMax\": 0.0\r\n                      },\r\n                      {\r\n                        \"$type\": \"While\",\r\n                        \"LoopActions\": {\r\n                          \"Children\": [\r\n                            {\r\n                              \"$type\": \"CSharpAction\",\r\n                              \"CSharpCode\": \"ExecuteLua(\\\"C_Garrison.CloseMissionNPC()\\\");\\r\\nyield return 250;\\r\\n\"\r\n                            },\r\n                            {\r\n                              \"$type\": \"CollectObjectsTemplateScriptAction\",\r\n                              \"Template\": {\r\n                                \"$type\": \"CollectObjectsTemplate\",\r\n                                \"TargetObjects\": [\r\n                                  {\r\n                                    \"Hotspot\": {\r\n                                      \"Position\": \"5382.196 4935.504 35.4726\",\r\n                                      \"GroundPosition\": \"0 0 0\",\r\n                                      \"IsGroundPosition\": false,\r\n                                      \"ContinentId\": 1116\r\n                                    },\r\n                                    \"Name\": \"Fleet Command Table\",\r\n                                    \"EntryId\": 94398\r\n                                  }\r\n                                ],\r\n                                \"HotspotsX\": [\r\n                                  {\r\n                                    \"Position\": \"5383.063 4931.308 35.40943\",\r\n                                    \"GroundPosition\": \"0 0 0\",\r\n                                    \"UseCTM\": true,\r\n                                    \"IsGroundPosition\": false,\r\n                                    \"ContinentId\": 1116\r\n                                  }\r\n                                ],\r\n                                \"Blackspots\": [],\r\n                                \"IsLoot\": true,\r\n                                \"OpeningCast\": false,\r\n                                \"NoMovement\": false,\r\n                                \"GameObjectiveIndex\": 1,\r\n                                \"RunTime\": 5.0\r\n                              },\r\n                              \"TimeLimit\": 0\r\n                            },\r\n                            {\r\n                              \"$type\": \"Wait\",\r\n                              \"Delay\": 1.5,\r\n                              \"DelayMax\": 2.0\r\n                            },\r\n                            {\r\n                              \"$type\": \"CSharpAction\",\r\n                              \"CSharpCode\": \"ExecuteLua(\\\"GarrisonShipyardMapMission3:Click();\\\");\\r\\n\"\r\n                            },\r\n                            {\r\n                              \"$type\": \"Wait\",\r\n                              \"Delay\": 1.0,\r\n                              \"DelayMax\": 0.0\r\n                            },\r\n                            {\r\n                              \"$type\": \"CSharpAction\",\r\n                              \"CSharpCode\": \"ExecuteLua(\\\"GarrisonShipyardFrame.MissionTab.MissionPage.StartMissionButton:Click()\\\");\\r\\nyield return 250;\\r\\nExecuteLua(\\\"C_Garrison.StartMission(\\\\\\\"733\\\\\\\")\\\");\"\r\n                            }\r\n                          ],\r\n                          \"IsSpecialElement\": true,\r\n                          \"SpecialElementName\": \"Do\",\r\n                          \"GroupName\": \"\"\r\n                        },\r\n                        \"Conditions\": [\r\n                          {\r\n                            \"Condition\": {\r\n                              \"$type\": \"CSharpCondition\",\r\n                              \"CSharpCode\": \"int[] missions = QH.GetAvailableShipyardMissionsByID();\\r\\nbool result = false;\\r\\n\\r\\nforeach (int mission in missions)\\r\\n{\\r\\n\\tif (mission == 733)\\r\\n\\t{\\r\\n\\t\\tresult = true;\\r\\n\\t\\tbreak;\\r\\n\\t}\\r\\n}\\r\\nreturn result;\"\r\n                            },\r\n                            \"IsNot\": false\r\n                          },\r\n                          {\r\n                            \"Condition\": null,\r\n                            \"IsNot\": false\r\n                          },\r\n                          {\r\n                            \"Condition\": null,\r\n                            \"IsNot\": false\r\n                          },\r\n                          {\r\n                            \"Condition\": null,\r\n                            \"IsNot\": false\r\n                          }\r\n                        ],\r\n                        \"IsNot\": false\r\n                      }\r\n                    ],\r\n                    \"IsSpecialElement\": true,\r\n                    \"SpecialElementName\": \"Then\",\r\n                    \"GroupName\": \"\"\r\n                  },\r\n                  \"Conditions\": [\r\n                    {\r\n                      \"Condition\": {\r\n                        \"$type\": \"CSharpCondition\",\r\n                        \"CSharpCode\": \"!QH.IsShipyardMissionComplete(733)\"\r\n                      },\r\n                      \"IsNot\": false\r\n                    },\r\n                    {\r\n                      \"Condition\": null,\r\n                      \"IsNot\": false\r\n                    },\r\n                    {\r\n                      \"Condition\": null,\r\n                      \"IsNot\": false\r\n                    },\r\n                    {\r\n                      \"Condition\": null,\r\n                      \"IsNot\": false\r\n                    }\r\n                  ],\r\n                  \"IsNot\": false\r\n                }\r\n              ],\r\n              \"IsSpecialElement\": true,\r\n              \"SpecialElementName\": \"Then\",\r\n              \"GroupName\": \"\"\r\n            },\r\n            \"Conditions\": [\r\n              {\r\n                \"Condition\": {\r\n                  \"$type\": \"CSharpCondition\",\r\n                  \"CSharpCode\": \"HasQuest(39676) && !IsQuestObjectiveComplete(39676,2)\"\r\n                },\r\n                \"IsNot\": false\r\n              },\r\n              {\r\n                \"Condition\": null,\r\n                \"IsNot\": false\r\n              },\r\n              {\r\n                \"Condition\": null,\r\n                \"IsNot\": false\r\n              },\r\n              {\r\n                \"Condition\": null,\r\n                \"IsNot\": false\r\n              }\r\n            ],\r\n            \"IsNot\": false\r\n          }\r\n        ],\r\n        \"IsSpecialElement\": true,\r\n        \"SpecialElementName\": \"Do\",\r\n        \"GroupName\": \"\"\r\n      },\r\n      \"Conditions\": [\r\n        {\r\n          \"Condition\": {\r\n            \"$type\": \"CSharpCondition\",\r\n            \"CSharpCode\": \"HasQuest(39676) && !IsQuestInLogAndComplete(39676)\"\r\n          },\r\n          \"IsNot\": false\r\n        },\r\n        {\r\n          \"Condition\": null,\r\n          \"IsNot\": false\r\n        },\r\n        {\r\n          \"Condition\": null,\r\n          \"IsNot\": false\r\n        },\r\n        {\r\n          \"Condition\": null,\r\n          \"IsNot\": false\r\n        }\r\n      ],\r\n      \"IsNot\": false\r\n    },\r\n    {\r\n      \"$type\": \"EndScript\"\r\n    },\r\n    {\r\n      \"$type\": \"ActionSequence\",\r\n      \"Children\": [\r\n        {\r\n          \"$type\": \"PauseResumeThread\",\r\n          \"ThreadName\": \"VM\",\r\n          \"PauseThread\": true\r\n        },\r\n        {\r\n          \"$type\": \"CSharpAction\",\r\n          \"CSharpCode\": \"MeshM.Fib = new Fiber<int>(MeshM.Navigate((Vector3)G[\\\"Destination\\\"]));\\r\\nwhile(MeshM.Fib.Run())\\r\\n{\\r\\n\\tyield return 100;\\r\\n}\"\r\n        },\r\n        {\r\n          \"$type\": \"PauseResumeThread\",\r\n          \"ThreadName\": \"VM\",\r\n          \"PauseThread\": false\r\n        }\r\n      ],\r\n      \"GroupName\": \"To Mesh\"\r\n    },\r\n    {\r\n      \"$type\": \"ActionSequence\",\r\n      \"Children\": [\r\n        {\r\n          \"$type\": \"If\",\r\n          \"ActionsFalse\": {\r\n            \"Children\": [],\r\n            \"IsSpecialElement\": true,\r\n            \"SpecialElementName\": \"Else\",\r\n            \"GroupName\": \"\"\r\n          },\r\n          \"ActionsTrue\": {\r\n            \"Children\": [\r\n              {\r\n                \"$type\": \"CallBlock\",\r\n                \"Target\": \"Garrison Return\"\r\n              }\r\n            ],\r\n            \"IsSpecialElement\": true,\r\n            \"SpecialElementName\": \"Then\",\r\n            \"GroupName\": \"\"\r\n          },\r\n          \"Conditions\": [\r\n            {\r\n              \"Condition\": {\r\n                \"$type\": \"CSharpCondition\",\r\n                \"CSharpCode\": \"!MeshM.IsDestinationMeshClose(100f,new Vector3(5386.7f, 4930.2f, 35.5f))\"\r\n              },\r\n              \"IsNot\": false\r\n            },\r\n            {\r\n              \"Condition\": null,\r\n              \"IsNot\": false\r\n            },\r\n            {\r\n              \"Condition\": null,\r\n              \"IsNot\": false\r\n            },\r\n            {\r\n              \"Condition\": null,\r\n              \"IsNot\": false\r\n            }\r\n          ],\r\n          \"IsNot\": false\r\n        },\r\n        {\r\n          \"$type\": \"CSharpAction\",\r\n          \"CSharpCode\": \"Vector3 target = new Vector3(5383.5f, 4929.9f, 35.4f);\\r\\n\\r\\nG[\\\"Destination\\\"] = target;\\r\\n\"\r\n        },\r\n        {\r\n          \"$type\": \"CallBlock\",\r\n          \"Target\": \"To Mesh\"\r\n        }\r\n      ],\r\n      \"GroupName\": \"To Fleet Command Table\"\r\n    }\r\n  ],\r\n  \"GroupName\": \"\"\r\n}",
  "ActionOrder": 1,
  "Actions": []
}