{
  "QuestID": 39675,
  "Version": 4,
  "FactionGroup": 1,
  "CreatedOn": "2016-05-30T16:59:58.3328116Z",
  "UpdatedOn": "2016-05-30T17:07:17.0138182Z",
  "Comment": "",
  "CreatedBy": null,
  "AllowUpdates": false,
  "RecommendedLevel": 100,
  "Frequency": 1,
  "QuestStart": {
    "ObjectName": "Rolosh Wavechaser",
    "EntryId": 94789,
    "AdditionalEntryIds": null,
    "ContinentId": 1116,
    "ZoneId": 6720,
    "Position": "5378.74 4932.132 35.42469",
    "TurnInType": 0,
    "MyFaction": 1
  },
  "QuestEnd": {
    "ObjectName": "Kronk Rustspark",
    "EntryId": 94801,
    "AdditionalEntryIds": null,
    "ContinentId": 1116,
    "ZoneId": 6720,
    "Position": "5330.471 5058.2 3.281687",
    "TurnInType": 0,
    "MyFaction": 1
  },
  "UseScript": true,
  "ScriptText": "{\r\n  \"Children\": [\r\n    {\r\n      \"$type\": \"LoadCSharpScript\",\r\n      \"FileName\": \"DungeonM.cs\"\r\n    },\r\n    {\r\n      \"$type\": \"LoadCSharpScript\",\r\n      \"FileName\": \"WoDM.cs\"\r\n    },\r\n    {\r\n      \"$type\": \"LoadCSharpScript\",\r\n      \"FileName\": \"QH.cs\"\r\n    },\r\n    {\r\n      \"$type\": \"LoadCSharpScript\",\r\n      \"FileName\": \"Flight.cs\"\r\n    },\r\n    {\r\n      \"$type\": \"LoadCSharpScript\",\r\n      \"FileName\": \"DraenorZones.cs\"\r\n    },\r\n    {\r\n      \"$type\": \"LoadCSharpScript\",\r\n      \"FileName\": \"Localization.cs\"\r\n    },\r\n    {\r\n      \"$type\": \"LoadCSharpScript\",\r\n      \"FileName\": \"MeshM.cs\"\r\n    },\r\n    {\r\n      \"$type\": \"CSharpAction\",\r\n      \"CSharpCode\": \"// Initializing Instance and Injecting Custom API into Rebot\\r\\nQH.API = this;\\r\\nFlight.API = this;\\r\\nMeshM.API = this;\\r\\nMeshM.Initialize();\"\r\n    },\r\n    {\r\n      \"$type\": \"While\",\r\n      \"LoopActions\": {\r\n        \"Children\": [\r\n          {\r\n            \"$type\": \"If\",\r\n            \"ActionsFalse\": {\r\n              \"Children\": [],\r\n              \"IsSpecialElement\": true,\r\n              \"SpecialElementName\": \"Else\",\r\n              \"GroupName\": \"\"\r\n            },\r\n            \"ActionsTrue\": {\r\n              \"Children\": [\r\n                {\r\n                  \"$type\": \"CSharpAction\",\r\n                  \"CSharpCode\": \"Vector3 target = new Vector3(5335.4f, 5060.5f, 3.3f);\\r\\n\\r\\nG[\\\"Destination\\\"] = target;\\r\\n\"\r\n                },\r\n                {\r\n                  \"$type\": \"CallBlock\",\r\n                  \"Target\": \"To Mesh\"\r\n                },\r\n                {\r\n                  \"$type\": \"While\",\r\n                  \"LoopActions\": {\r\n                    \"Children\": [\r\n                      {\r\n                        \"$type\": \"Interact\",\r\n                        \"Target\": {\r\n                          \"Name\": \"Kronk Rustspark\",\r\n                          \"EntryId\": 94801\r\n                        },\r\n                        \"NumOfTimes\": 0\r\n                      },\r\n                      {\r\n                        \"$type\": \"Wait\",\r\n                        \"Delay\": 1.0,\r\n                        \"DelayMax\": 0.0\r\n                      },\r\n                      {\r\n                        \"$type\": \"ExecuteLua\",\r\n                        \"LuaCode\": \"GossipTitleButton4:Click()\"\r\n                      }\r\n                    ],\r\n                    \"IsSpecialElement\": true,\r\n                    \"SpecialElementName\": \"Do\",\r\n                    \"GroupName\": \"\"\r\n                  },\r\n                  \"Conditions\": [\r\n                    {\r\n                      \"Condition\": {\r\n                        \"$type\": \"CSharpCondition\",\r\n                        \"CSharpCode\": \"HasQuest(39675) && !IsQuestObjectiveComplete(39675,1)\"\r\n                      },\r\n                      \"IsNot\": false\r\n                    },\r\n                    {\r\n                      \"Condition\": null,\r\n                      \"IsNot\": false\r\n                    },\r\n                    {\r\n                      \"Condition\": null,\r\n                      \"IsNot\": false\r\n                    },\r\n                    {\r\n                      \"Condition\": null,\r\n                      \"IsNot\": false\r\n                    }\r\n                  ],\r\n                  \"IsNot\": false\r\n                }\r\n              ],\r\n              \"IsSpecialElement\": true,\r\n              \"SpecialElementName\": \"Then\",\r\n              \"GroupName\": \"\"\r\n            },\r\n            \"Conditions\": [\r\n              {\r\n                \"Condition\": {\r\n                  \"$type\": \"CSharpCondition\",\r\n                  \"CSharpCode\": \"HasQuest(39675) && !IsQuestObjectiveComplete(39675,1)\"\r\n                },\r\n                \"IsNot\": false\r\n              },\r\n              {\r\n                \"Condition\": null,\r\n                \"IsNot\": false\r\n              },\r\n              {\r\n                \"Condition\": null,\r\n                \"IsNot\": false\r\n              },\r\n              {\r\n                \"Condition\": null,\r\n                \"IsNot\": false\r\n              }\r\n            ],\r\n            \"IsNot\": false\r\n          },\r\n          {\r\n            \"$type\": \"If\",\r\n            \"ActionsFalse\": {\r\n              \"Children\": [],\r\n              \"IsSpecialElement\": true,\r\n              \"SpecialElementName\": \"Else\",\r\n              \"GroupName\": \"\"\r\n            },\r\n            \"ActionsTrue\": {\r\n              \"Children\": [\r\n                {\r\n                  \"$type\": \"CSharpAction\",\r\n                  \"CSharpCode\": \"Vector3 target = new Vector3(5305f, 5155f, 5.2f);\\r\\n\\r\\nG[\\\"Destination\\\"] = target;\\r\\n\"\r\n                },\r\n                {\r\n                  \"$type\": \"CallBlock\",\r\n                  \"Target\": \"To Mesh\"\r\n                },\r\n                {\r\n                  \"$type\": \"CollectObjectsTemplateScriptAction\",\r\n                  \"Template\": {\r\n                    \"$type\": \"CollectObjectsTemplate\",\r\n                    \"TargetObjects\": [\r\n                      {\r\n                        \"Hotspot\": {\r\n                          \"Position\": \"5309.385 5156.395 6.477153\",\r\n                          \"GroundPosition\": \"0 0 0\",\r\n                          \"IsGroundPosition\": false,\r\n                          \"ContinentId\": 1116\r\n                        },\r\n                        \"Name\": \"Naval Equipment Blueprint: Blast Furnace\",\r\n                        \"EntryId\": 243938\r\n                      }\r\n                    ],\r\n                    \"HotspotsX\": [],\r\n                    \"Blackspots\": [],\r\n                    \"IsLoot\": true,\r\n                    \"OpeningCast\": true,\r\n                    \"NoMovement\": false,\r\n                    \"GameObjectiveIndex\": 1,\r\n                    \"RunTime\": 5.0\r\n                  },\r\n                  \"TimeLimit\": 0\r\n                }\r\n              ],\r\n              \"IsSpecialElement\": true,\r\n              \"SpecialElementName\": \"Then\",\r\n              \"GroupName\": \"\"\r\n            },\r\n            \"Conditions\": [\r\n              {\r\n                \"Condition\": {\r\n                  \"$type\": \"CSharpCondition\",\r\n                  \"CSharpCode\": \"HasQuest(39675) && !IsQuestObjectiveComplete(39675,2)\"\r\n                },\r\n                \"IsNot\": false\r\n              },\r\n              {\r\n                \"Condition\": null,\r\n                \"IsNot\": false\r\n              },\r\n              {\r\n                \"Condition\": null,\r\n                \"IsNot\": false\r\n              },\r\n              {\r\n                \"Condition\": null,\r\n                \"IsNot\": false\r\n              }\r\n            ],\r\n            \"IsNot\": false\r\n          }\r\n        ],\r\n        \"IsSpecialElement\": true,\r\n        \"SpecialElementName\": \"Do\",\r\n        \"GroupName\": \"\"\r\n      },\r\n      \"Conditions\": [\r\n        {\r\n          \"Condition\": {\r\n            \"$type\": \"CSharpCondition\",\r\n            \"CSharpCode\": \"HasQuest(39675) && !IsQuestInLogAndComplete(39675)\"\r\n          },\r\n          \"IsNot\": false\r\n        },\r\n        {\r\n          \"Condition\": null,\r\n          \"IsNot\": false\r\n        },\r\n        {\r\n          \"Condition\": null,\r\n          \"IsNot\": false\r\n        },\r\n        {\r\n          \"Condition\": null,\r\n          \"IsNot\": false\r\n        }\r\n      ],\r\n      \"IsNot\": false\r\n    },\r\n    {\r\n      \"$type\": \"EndScript\"\r\n    },\r\n    {\r\n      \"$type\": \"ActionSequence\",\r\n      \"Children\": [\r\n        {\r\n          \"$type\": \"PauseResumeThread\",\r\n          \"ThreadName\": \"VM\",\r\n          \"PauseThread\": true\r\n        },\r\n        {\r\n          \"$type\": \"CSharpAction\",\r\n          \"CSharpCode\": \"MeshM.Fib = new Fiber<int>(MeshM.Navigate((Vector3)G[\\\"Destination\\\"]));\\r\\nwhile(MeshM.Fib.Run())\\r\\n{\\r\\n\\tyield return 100;\\r\\n}\"\r\n        },\r\n        {\r\n          \"$type\": \"PauseResumeThread\",\r\n          \"ThreadName\": \"VM\",\r\n          \"PauseThread\": false\r\n        }\r\n      ],\r\n      \"IsExtendedInEditor\": false,\r\n      \"GroupName\": \"To Mesh\"\r\n    }\r\n  ],\r\n  \"GroupName\": \"\"\r\n}",
  "ActionOrder": 1,
  "Actions": []
}