{
  "QuestID": 35081,
  "Version": 4,
  "FactionGroup": 1,
  "CreatedOn": "2014-12-01T00:37:57.7728534Z",
  "UpdatedOn": "2015-08-07T10:06:25.3561968Z",
  "Comment": "",
  "CreatedBy": null,
  "AllowUpdates": false,
  "RecommendedLevel": 97,
  "Frequency": 1,
  "IsStory": true,
  "QuestStart": {
    "ObjectName": "Engineer Gazwitz",
    "EntryId": 81784,
    "AdditionalEntryIds": null,
    "ContinentId": 1116,
    "ZoneId": 6722,
    "Position": "-1817 1099.8 45.33995",
    "TurnInType": 0,
    "IsIndoors": true,
    "MyFaction": 0
  },
  "ActionOrder": 1,
  "Actions": [
    {
      "$type": "KillMobsTemplate",
      "TargetObjects": [
        {
          "Hotspot": {
            "Position": "-1923.742 1024.877 25.06335",
            "GroundPosition": "0 0 0",
            "IsGroundPosition": false,
            "ContinentId": 1116
          },
          "Name": "Crimsonwing Wasp",
          "EntryId": 85403
        },
        {
          "Hotspot": {
            "Position": "-1970.534 1017.111 3.987155",
            "GroundPosition": "0 0 0",
            "IsGroundPosition": false,
            "ContinentId": 1116
          },
          "Name": "Crimsonwing Wasp",
          "EntryId": 81168
        }
      ],
      "HotspotsX": [
        {
          "Position": "-1895.14 1047.477 20.69972",
          "GroundPosition": "0 0 0",
          "IsGroundPosition": false,
          "ContinentId": 1116
        },
        {
          "Position": "-2006.424 1031.769 4.080246",
          "GroundPosition": "0 0 0",
          "IsGroundPosition": false,
          "ContinentId": 1116
        }
      ],
      "Blackspots": [],
      "ForceLoot": false,
      "ForcePullMobs": true,
      "GameObjectiveIndex": 1,
      "RunTime": 5.0
    }
  ]
}