{
  "QuestID": 35090,
  "Version": 22,
  "FactionGroup": 1,
  "CreatedOn": "2014-11-27T00:21:09.524911Z",
  "UpdatedOn": "2015-08-07T10:07:12.3597035Z",
  "Comment": "",
  "CreatedBy": null,
  "AllowUpdates": false,
  "RecommendedLevel": 97,
  "Frequency": 1,
  "IsStory": true,
  "QuestStart": {
    "ObjectName": "Kimzee Pinchwhistle",
    "EntryId": 81972,
    "AdditionalEntryIds": null,
    "ContinentId": 1116,
    "ZoneId": 6722,
    "Position": "-2346.366 1136.964 20.84286",
    "TurnInType": 0,
    "IsIndoors": true,
    "MyFaction": 0
  },
  "QuestEnd": {
    "ObjectName": "Kimzee Pinchwhistle",
    "EntryId": 81978,
    "AdditionalEntryIds": null,
    "ContinentId": 1116,
    "ZoneId": 6722,
    "Position": "-2367.021 1116.33 27.63029",
    "TurnInType": 0,
    "MyFaction": 1
  },
  "UseScript": true,
  "ScriptText": "{\r\n  \"Children\": [\r\n    {\r\n      \"$type\": \"While\",\r\n      \"LoopActions\": {\r\n        \"Children\": [\r\n          {\r\n            \"$type\": \"UseItemTemplateScriptAction\",\r\n            \"Template\": {\r\n              \"$type\": \"UseItemTemplate\",\r\n              \"UseMethod\": 0,\r\n              \"OverrideCooldown\": 0.0,\r\n              \"OverrideCastTime\": 1.5,\r\n              \"StayMounted\": false,\r\n              \"MinCastRange\": 15.0,\r\n              \"DontFilterDeadUnits\": false,\r\n              \"UseCount\": 1,\r\n              \"TargetUnits\": [\r\n                {\r\n                  \"Hotspot\": {\r\n                    \"Position\": \"-2268.043 1172.405 -0.09050354\",\r\n                    \"GroundPosition\": \"0 0 0\",\r\n                    \"IsGroundPosition\": false,\r\n                    \"ContinentId\": 1116\r\n                  },\r\n                  \"Name\": \"Broken Shredder\",\r\n                  \"EntryId\": 81370\r\n                }\r\n              ],\r\n              \"HotspotsX\": [\r\n                {\r\n                  \"Position\": \"-2227.794 1152.416 3.183293\",\r\n                  \"GroundPosition\": \"0 0 0\",\r\n                  \"IsGroundPosition\": false,\r\n                  \"ContinentId\": 1116\r\n                },\r\n                {\r\n                  \"Position\": \"-2183.393 1016.863 1.750863\",\r\n                  \"GroundPosition\": \"0 0 0\",\r\n                  \"IsGroundPosition\": false,\r\n                  \"ContinentId\": 1116\r\n                }\r\n              ],\r\n              \"Blackspots\": [],\r\n              \"Item\": [\r\n                {\r\n                  \"Name\": \"G-14 Buster Rocket\",\r\n                  \"EntryId\": 112698\r\n                }\r\n              ],\r\n              \"BanTime\": 120.0,\r\n              \"BanMobCombatAfterUse\": false,\r\n              \"GameObjectiveIndex\": 1,\r\n              \"RunTime\": 5.0\r\n            },\r\n            \"TimeLimit\": 0\r\n          },\r\n          {\r\n            \"$type\": \"Wait\",\r\n            \"Delay\": 2.0,\r\n            \"DelayMax\": 3.0\r\n          },\r\n          {\r\n            \"$type\": \"While\",\r\n            \"LoopActions\": {\r\n              \"Children\": [\r\n                {\r\n                  \"$type\": \"CollectObjectsTemplateScriptAction\",\r\n                  \"Template\": {\r\n                    \"$type\": \"CollectObjectsTemplate\",\r\n                    \"TargetObjects\": [\r\n                      {\r\n                        \"Hotspot\": {\r\n                          \"Position\": \"-2213.414 1038.462 1.629876\",\r\n                          \"GroundPosition\": \"0 0 0\",\r\n                          \"IsGroundPosition\": false,\r\n                          \"ContinentId\": 1116\r\n                        },\r\n                        \"Name\": \"Serviceable Gear\",\r\n                        \"EntryId\": 231811\r\n                      }\r\n                    ],\r\n                    \"HotspotsX\": [],\r\n                    \"Blackspots\": [],\r\n                    \"IsLoot\": true,\r\n                    \"OpeningCast\": false,\r\n                    \"NoMovement\": false,\r\n                    \"GameObjectiveIndex\": 1,\r\n                    \"RunTime\": 5.0\r\n                  },\r\n                  \"TimeLimit\": 0\r\n                },\r\n                {\r\n                  \"$type\": \"Wait\",\r\n                  \"Delay\": 1.0,\r\n                  \"DelayMax\": 0.0\r\n                }\r\n              ],\r\n              \"IsSpecialElement\": true,\r\n              \"SpecialElementName\": \"Do\",\r\n              \"GroupName\": \"\"\r\n            },\r\n            \"Condition\": {\r\n              \"$type\": \"CSharpCondition\",\r\n              \"CSharpCode\": \"bool found = false;\\r\\nforeach (GameObject unit in GameObjects)\\r\\n{\\r\\n\\tif (unit.EntryID == 231811 && Me.Distance2DTo(unit.Position) < 40)\\r\\n\\t{\\r\\n\\tfound = true;\\r\\n\\tbreak;\\r\\n\\t}\\r\\n}\\r\\nif (found == false)\\r\\n{\\r\\n\\tPrint(\\\"Unfortunately There Are No More Lootable Items in Range\\\");\\r\\n}\\r\\nreturn found;\"\r\n            },\r\n            \"IsNot\": false\r\n          }\r\n        ],\r\n        \"IsSpecialElement\": true,\r\n        \"SpecialElementName\": \"Do\",\r\n        \"GroupName\": \"\"\r\n      },\r\n      \"Condition\": {\r\n        \"$type\": \"CSharpCondition\",\r\n        \"CSharpCode\": \"!IsQuestInLogAndComplete(35090) && HasQuest(35090)\"\r\n      },\r\n      \"IsNot\": false,\r\n      \"CheckFrequently\": true\r\n    }\r\n  ],\r\n  \"GroupName\": \"\"\r\n}",
  "ActionOrder": 1,
  "Actions": [
    {
      "$type": "CollectObjectsTemplate",
      "TargetObjects": [
        {
          "Hotspot": {
            "Position": "-2199.369 1118.798 0.2162174",
            "GroundPosition": "0 0 0",
            "IsGroundPosition": false,
            "ContinentId": 1116
          },
          "Name": "Serviceable Gear",
          "EntryId": 231811
        }
      ],
      "HotspotsX": [],
      "Blackspots": [],
      "IsLoot": true,
      "OpeningCast": false,
      "NoMovement": false,
      "GameObjectiveIndex": 1,
      "RunTime": 5.0
    },
    {
      "$type": "CollectObjectsTemplate",
      "TargetObjects": [
        {
          "Hotspot": {
            "Position": "-2236.324 1143.985 1.751853",
            "GroundPosition": "0 0 0",
            "IsGroundPosition": false,
            "ContinentId": 1116
          },
          "Name": "Serviceable Gear",
          "EntryId": 231811
        }
      ],
      "HotspotsX": [],
      "Blackspots": [],
      "IsLoot": true,
      "OpeningCast": false,
      "NoMovement": false,
      "GameObjectiveIndex": 1,
      "RunTime": 15.0
    },
    {
      "$type": "CollectObjectsTemplate",
      "TargetObjects": [
        {
          "Hotspot": {
            "Position": "-2236.324 1143.985 1.751853",
            "GroundPosition": "0 0 0",
            "IsGroundPosition": false,
            "ContinentId": 1116
          },
          "Name": "Serviceable Gear",
          "EntryId": 231811
        }
      ],
      "HotspotsX": [],
      "Blackspots": [],
      "IsLoot": true,
      "OpeningCast": false,
      "NoMovement": false,
      "GameObjectiveIndex": 1,
      "RunTime": 5.0
    },
    {
      "$type": "CollectObjectsTemplate",
      "TargetObjects": [
        {
          "Hotspot": {
            "Position": "-2184.839 1032.2 1.873703",
            "GroundPosition": "0 0 0",
            "IsGroundPosition": false,
            "ContinentId": 1116
          },
          "Name": "Serviceable Gear",
          "EntryId": 231811
        }
      ],
      "HotspotsX": [],
      "Blackspots": [],
      "IsLoot": true,
      "OpeningCast": false,
      "NoMovement": false,
      "GameObjectiveIndex": 1,
      "RunTime": 5.0
    },
    {
      "$type": "CollectObjectsTemplate",
      "TargetObjects": [
        {
          "Hotspot": {
            "Position": "-2184.839 1032.2 1.873703",
            "GroundPosition": "0 0 0",
            "IsGroundPosition": false,
            "ContinentId": 1116
          },
          "Name": "Serviceable Gear",
          "EntryId": 231811
        }
      ],
      "HotspotsX": [],
      "Blackspots": [],
      "IsLoot": true,
      "OpeningCast": false,
      "NoMovement": false,
      "GameObjectiveIndex": 1,
      "RunTime": 5.0
    },
    {
      "$type": "CollectObjectsTemplate",
      "TargetObjects": [
        {
          "Hotspot": {
            "Position": "-2184.839 1032.2 1.873703",
            "GroundPosition": "0 0 0",
            "IsGroundPosition": false,
            "ContinentId": 1116
          },
          "Name": "Serviceable Gear",
          "EntryId": 231811
        }
      ],
      "HotspotsX": [],
      "Blackspots": [],
      "IsLoot": true,
      "OpeningCast": false,
      "NoMovement": false,
      "GameObjectiveIndex": 1,
      "RunTime": 5.0
    },
    {
      "$type": "UseItemTemplate",
      "UseMethod": 4,
      "OverrideCooldown": 0.0,
      "OverrideCastTime": 0.0,
      "StayMounted": false,
      "MinCastRange": 4.5,
      "DontFilterDeadUnits": true,
      "UseCount": 1,
      "TargetUnits": [
        {
          "Hotspot": {
            "Position": "-2194.028 1110.344 2.814325",
            "GroundPosition": "0 0 0",
            "IsGroundPosition": false,
            "ContinentId": 1116
          },
          "Name": "Broken Shredder",
          "EntryId": 81370
        }
      ],
      "HotspotsX": [
        {
          "Position": "-2207.128 1083.632 2.132585",
          "GroundPosition": "0 0 0",
          "IsGroundPosition": false,
          "ContinentId": 1116
        }
      ],
      "Blackspots": [],
      "Item": [
        {
          "Name": "G-14 Buster Rocket",
          "EntryId": 112698
        }
      ],
      "BanTime": 500.0,
      "BanMobCombatAfterUse": true,
      "GameObjectiveIndex": 1,
      "RunTime": 5.0
    }
  ]
}