{
  "QuestID": 36179,
  "Version": 4,
  "FactionGroup": 1,
  "CreatedOn": "2014-11-26T23:47:35.9679981Z",
  "UpdatedOn": "2015-08-07T10:05:59.4222794Z",
  "Comment": "",
  "CreatedBy": null,
  "AllowUpdates": false,
  "RecommendedLevel": 97,
  "Frequency": 1,
  "IsStory": true,
  "QuestStart": {
    "ObjectName": "Exterminator Lemmy",
    "EntryId": 85062,
    "AdditionalEntryIds": null,
    "ContinentId": 1116,
    "ZoneId": 6722,
    "Position": "-1602.04 889.6702 0.19029",
    "TurnInType": 0,
    "IsIndoors": true,
    "MyFaction": 0
  },
  "QuestEnd": {
    "ObjectName": "Engineer Gazwitz",
    "EntryId": 81128,
    "AdditionalEntryIds": null,
    "ContinentId": 1116,
    "ZoneId": 6722,
    "Position": "-1563.87 956.9653 7.993447",
    "TurnInType": 0,
    "MyFaction": 1
  },
  "ActionOrder": 1,
  "Actions": [
    {
      "$type": "KillMobsTemplate",
      "TargetObjects": [
        {
          "Hotspot": {
            "Position": "-1664.602 779.2146 -0.2099009",
            "GroundPosition": "0 0 0",
            "IsGroundPosition": false,
            "ContinentId": 1116
          },
          "Name": "Spore Drifter",
          "EntryId": 81138
        },
        {
          "Hotspot": {
            "Position": "-1627.585 777.9809 -0.4247515",
            "GroundPosition": "0 0 0",
            "IsGroundPosition": false,
            "ContinentId": 1116
          },
          "Name": "Fungal Hulk",
          "EntryId": 82243
        }
      ],
      "HotspotsX": [
        {
          "Position": "-1631.221 820.236 -0.4245669",
          "GroundPosition": "0 0 0",
          "IsGroundPosition": false,
          "ContinentId": 1116
        }
      ],
      "Blackspots": [],
      "ForceLoot": false,
      "ForcePullMobs": false,
      "GameObjectiveIndex": 1,
      "RunTime": 5.0
    }
  ]
}