{
  "QuestID": 36428,
  "Version": 19,
  "FactionGroup": 1,
  "CreatedOn": "2014-11-27T00:36:52.0316619Z",
  "UpdatedOn": "2015-08-07T10:08:06.3661068Z",
  "Comment": "",
  "CreatedBy": null,
  "AllowUpdates": false,
  "RecommendedLevel": 97,
  "Frequency": 1,
  "IsStory": true,
  "QuestStart": {
    "ObjectName": "Krixel Pinchwhistle",
    "EntryId": 81443,
    "AdditionalEntryIds": null,
    "ContinentId": 1116,
    "ZoneId": 6722,
    "Position": "-2341.3 1136.79 21.80666",
    "TurnInType": 0,
    "IsIndoors": true,
    "MyFaction": 0
  },
  "UseScript": true,
  "ScriptText": "{\r\n  \"Children\": [\r\n    {\r\n      \"$type\": \"While\",\r\n      \"LoopActions\": {\r\n        \"Children\": [\r\n          {\r\n            \"$type\": \"While\",\r\n            \"LoopActions\": {\r\n              \"Children\": [\r\n                {\r\n                  \"$type\": \"Comment\",\r\n                  \"Text\": \"Acquiring New Target\",\r\n                  \"Color\": \"64, 128, 128\"\r\n                },\r\n                {\r\n                  \"$type\": \"CSharpAction\",\r\n                  \"CSharpCode\": \"DisableCombat = true;\"\r\n                },\r\n                {\r\n                  \"$type\": \"CSharpAction\",\r\n                  \"CSharpCode\": \"var killTarget = Me.GUID;\\r\\nfloat closestUnit = 5000.0f;\\r\\n// Blacklisted locations due to mesh issues\\r\\n\\r\\n// Identifying Closest Desired Unit\\r\\nforeach (UnitObject unit in Units)\\r\\n{\\r\\n\\tif ((unit.EntryID == 81183 || unit.EntryID == 81184) && !unit.IsDead)\\r\\n\\t{\\r\\n\\t\\tif (unit.Distance < closestUnit)\\r\\n\\t\\t{\\r\\n\\t\\t\\tclosestUnit = (int)unit.Distance;\\r\\n\\t\\t\\tkillTarget = unit.GUID;\\r\\n\\t\\t}\\r\\n\\t}\\r\\n}\\r\\n\\r\\n// Setting Focus to closest Unit\\r\\nforeach (UnitObject unit in Units)\\r\\n{\\r\\n\\tif (unit.GUID == killTarget && !unit.IsDead)\\r\\n\\t{\\r\\n\\t\\tPrint(\\\"Closest target is \\\" + closestUnit + \\\" yards away.\\\");\\r\\n\\t\\tMe.SetFocus(unit);\\r\\n\\t\\tMe.SetTarget(unit);\\r\\n\\t\\tyield break;\\r\\n\\t}\\r\\n}\\r\\nyield return 1000;\\r\\nif (Me.Focus == null)\\r\\n{\\r\\n\\tPrint(\\\"No Targets Appear to Be In Range, or Others have Mesh issues to get to, moving to center...\\\");\\r\\n\\twhile(!MoveTo(-2268.1f, 1211.3f, 2.8f))\\r\\n\\t{\\r\\n\\t\\tyield return 100;\\r\\n\\t}\\r\\n}\\r\\n\"\r\n                },\r\n                {\r\n                  \"$type\": \"Wait\",\r\n                  \"Delay\": 4.0,\r\n                  \"DelayMax\": 2.8\r\n                }\r\n              ],\r\n              \"IsSpecialElement\": true,\r\n              \"SpecialElementName\": \"Do\",\r\n              \"GroupName\": \"\"\r\n            },\r\n            \"Conditions\": [\r\n              {\r\n                \"Condition\": {\r\n                  \"$type\": \"CSharpCondition\",\r\n                  \"CSharpCode\": \"Me.Focus == null\"\r\n                },\r\n                \"IsNot\": false\r\n              },\r\n              {\r\n                \"Condition\": null,\r\n                \"IsNot\": false\r\n              },\r\n              {\r\n                \"Condition\": null,\r\n                \"IsNot\": false\r\n              },\r\n              {\r\n                \"Condition\": null,\r\n                \"IsNot\": false\r\n              }\r\n            ],\r\n            \"IsNot\": false\r\n          },\r\n          {\r\n            \"$type\": \"While\",\r\n            \"LoopActions\": {\r\n              \"Children\": [\r\n                {\r\n                  \"$type\": \"While\",\r\n                  \"LoopActions\": {\r\n                    \"Children\": [\r\n                      {\r\n                        \"$type\": \"CSharpAction\",\r\n                        \"CSharpCode\": \"DisableCombat = true;\"\r\n                      },\r\n                      {\r\n                        \"$type\": \"CSharpAction\",\r\n                        \"CSharpCode\": \"\\r\\nMoveTo(Me.Focus.Position + Me.Focus.Direction * 15);\\r\\n\"\r\n                      },\r\n                      {\r\n                        \"$type\": \"Wait\",\r\n                        \"Delay\": 0.1,\r\n                        \"DelayMax\": 0.0\r\n                      }\r\n                    ],\r\n                    \"IsSpecialElement\": true,\r\n                    \"SpecialElementName\": \"Do\",\r\n                    \"GroupName\": \"\"\r\n                  },\r\n                  \"Conditions\": [\r\n                    {\r\n                      \"Condition\": {\r\n                        \"$type\": \"CSharpCondition\",\r\n                        \"CSharpCode\": \"Me.Focus.Distance > 15\"\r\n                      },\r\n                      \"IsNot\": false\r\n                    },\r\n                    {\r\n                      \"Condition\": null,\r\n                      \"IsNot\": false\r\n                    },\r\n                    {\r\n                      \"Condition\": null,\r\n                      \"IsNot\": false\r\n                    },\r\n                    {\r\n                      \"Condition\": null,\r\n                      \"IsNot\": false\r\n                    }\r\n                  ],\r\n                  \"IsNot\": false,\r\n                  \"CheckFrequently\": true\r\n                },\r\n                {\r\n                  \"$type\": \"CSharpAction\",\r\n                  \"CSharpCode\": \"DisableCombat = false;\\r\\n\"\r\n                },\r\n                {\r\n                  \"$type\": \"UseItemTemplateScriptAction\",\r\n                  \"Template\": {\r\n                    \"$type\": \"UseItemTemplate\",\r\n                    \"UseMethod\": 6,\r\n                    \"OverrideCooldown\": 0.0,\r\n                    \"OverrideCastTime\": 0.0,\r\n                    \"StayMounted\": false,\r\n                    \"MinCastRange\": 3.0,\r\n                    \"DontFilterDeadUnits\": false,\r\n                    \"UseCount\": 50,\r\n                    \"TargetUnits\": [\r\n                      {\r\n                        \"Hotspot\": {\r\n                          \"Position\": \"-2095.307 1150.8 19.98556\",\r\n                          \"GroundPosition\": \"0 0 0\",\r\n                          \"IsGroundPosition\": false,\r\n                          \"ContinentId\": 1116\r\n                        },\r\n                        \"Name\": \"Infected Lumberjack\",\r\n                        \"EntryId\": 81183\r\n                      },\r\n                      {\r\n                        \"Hotspot\": {\r\n                          \"Position\": \"-2287.195 1231.442 7.223664\",\r\n                          \"GroundPosition\": \"0 0 0\",\r\n                          \"IsGroundPosition\": false,\r\n                          \"ContinentId\": 1116\r\n                        },\r\n                        \"Name\": \"Infected Bruiser\",\r\n                        \"EntryId\": 81184\r\n                      }\r\n                    ],\r\n                    \"HotspotsX\": [\r\n                      {\r\n                        \"Position\": \"-2148.284 1167.214 16.4213\",\r\n                        \"GroundPosition\": \"0 0 0\",\r\n                        \"IsGroundPosition\": false,\r\n                        \"ContinentId\": 1116\r\n                      },\r\n                      {\r\n                        \"Position\": \"-2266.439 1213.756 2.99136\",\r\n                        \"GroundPosition\": \"0 0 0\",\r\n                        \"IsGroundPosition\": false,\r\n                        \"ContinentId\": 1116\r\n                      }\r\n                    ],\r\n                    \"Blackspots\": [],\r\n                    \"Item\": [\r\n                      {\r\n                        \"Name\": \"Vial of Refined Serum\",\r\n                        \"EntryId\": 115533\r\n                      }\r\n                    ],\r\n                    \"BanTime\": 0.0,\r\n                    \"BanMobCombatAfterUse\": false,\r\n                    \"GameObjectiveIndex\": 1,\r\n                    \"RunTime\": 5.0\r\n                  },\r\n                  \"TimeLimit\": 0\r\n                },\r\n                {\r\n                  \"$type\": \"Wait\",\r\n                  \"Delay\": 1.0,\r\n                  \"DelayMax\": 0.0\r\n                }\r\n              ],\r\n              \"IsSpecialElement\": true,\r\n              \"SpecialElementName\": \"Do\",\r\n              \"GroupName\": \"\"\r\n            },\r\n            \"Conditions\": [\r\n              {\r\n                \"Condition\": {\r\n                  \"$type\": \"CSharpCondition\",\r\n                  \"CSharpCode\": \"Me.Focus != null && !Me.Focus.IsDead\"\r\n                },\r\n                \"IsNot\": false\r\n              },\r\n              {\r\n                \"Condition\": null,\r\n                \"IsNot\": false\r\n              },\r\n              {\r\n                \"Condition\": null,\r\n                \"IsNot\": false\r\n              },\r\n              {\r\n                \"Condition\": null,\r\n                \"IsNot\": false\r\n              }\r\n            ],\r\n            \"IsNot\": false,\r\n            \"CheckFrequently\": true\r\n          },\r\n          {\r\n            \"$type\": \"If\",\r\n            \"ActionsFalse\": {\r\n              \"Children\": [],\r\n              \"IsSpecialElement\": true,\r\n              \"SpecialElementName\": \"Else\",\r\n              \"GroupName\": \"\"\r\n            },\r\n            \"ActionsTrue\": {\r\n              \"Children\": [\r\n                {\r\n                  \"$type\": \"CSharpAction\",\r\n                  \"CSharpCode\": \"Me.ClearFocus();\\r\\n\"\r\n                }\r\n              ],\r\n              \"IsSpecialElement\": true,\r\n              \"SpecialElementName\": \"Then\",\r\n              \"GroupName\": \"\"\r\n            },\r\n            \"Conditions\": [\r\n              {\r\n                \"Condition\": {\r\n                  \"$type\": \"CSharpCondition\",\r\n                  \"CSharpCode\": \"Me.Focus != null && Me.Focus.IsDead;\"\r\n                },\r\n                \"IsNot\": false\r\n              },\r\n              {\r\n                \"Condition\": null,\r\n                \"IsNot\": false\r\n              },\r\n              {\r\n                \"Condition\": null,\r\n                \"IsNot\": false\r\n              },\r\n              {\r\n                \"Condition\": null,\r\n                \"IsNot\": false\r\n              }\r\n            ],\r\n            \"IsNot\": false\r\n          }\r\n        ],\r\n        \"IsSpecialElement\": true,\r\n        \"SpecialElementName\": \"Do\",\r\n        \"GroupName\": \"\"\r\n      },\r\n      \"Conditions\": [\r\n        {\r\n          \"Condition\": {\r\n            \"$type\": \"CSharpCondition\",\r\n            \"CSharpCode\": \"!IsQuestInLogAndComplete(36428) && HasQuest(36428)\"\r\n          },\r\n          \"IsNot\": false\r\n        },\r\n        {\r\n          \"Condition\": null,\r\n          \"IsNot\": false\r\n        },\r\n        {\r\n          \"Condition\": null,\r\n          \"IsNot\": false\r\n        },\r\n        {\r\n          \"Condition\": null,\r\n          \"IsNot\": false\r\n        }\r\n      ],\r\n      \"IsNot\": false,\r\n      \"CheckFrequently\": true\r\n    }\r\n  ],\r\n  \"GroupName\": \"\"\r\n}",
  "ActionOrder": 1,
  "Actions": []
}